State,District,Assessment Unit  Name,Assessment Unit Type,Recharge Worthy Area(Ha),Total Annual  Ground Water (Ham) Recharge,Annual Extractable Ground Water Resource  (Ham),Total   Ground Water Extraction  (Ham),Stage of Ground Water  Extraction (%),Categorization
ANDAMAN AND NICOBAR ISLANDS,N & M ANDAMAN,DIGLIPUR,BLOCK,25332,6879.37,6191.42,138.05,2.229698518,Safe
ANDAMAN AND NICOBAR ISLANDS,N & M ANDAMAN,MAYABUNDER,BLOCK,3179,978.53,880.68,0.03,0.003406459,Safe
ANDAMAN AND NICOBAR ISLANDS,N & M ANDAMAN,RANGAT,BLOCK,29529,8530.52,7677.46,200.88,2.61649035,Safe
ANDAMAN AND NICOBAR ISLANDS,NICOBAR,CAR NICOBAR,BLOCK,7001,2356.7,2121.03,43.47,2.049475962,Safe
ANDAMAN AND NICOBAR ISLANDS,NICOBAR,GREAT NICOBAR,BLOCK,97951,27502.95,24752.65,20.37,0.082294219,Safe
ANDAMAN AND NICOBAR ISLANDS,NICOBAR,NANCOWRY,BLOCK,17491,4804.71,4324.24,23.2,0.536510462,Safe
ANDAMAN AND NICOBAR ISLANDS,SOUTH ANDAMAN,FERRARGANJ,BLOCK,354,106.76,96.09,0.01,0.01040691,Safe
ANDAMAN AND NICOBAR ISLANDS,SOUTH ANDAMAN,LITTLE ANDAMAN,BLOCK,4790,2166.78,1950.11,45.91,2.354226172,Safe
ANDAMAN AND NICOBAR ISLANDS,SOUTH ANDAMAN,PORT BLAIR,BLOCK,26380,8516.6,7664.94,292.36,3.81425034,Safe
ANDHRA PRADESH,ALLURI SITHARAMA RAJU,ADDATEEGALA,MANDAL,36249.10125,3913.18,3717.48,73.68,1.981987798,safe
ANDHRA PRADESH,ALLURI SITHARAMA RAJU,ANANTHAGIRI,MANDAL,28408.44128,4896.64,4651.79,90.14,1.937748695,safe
ANDHRA PRADESH,ALLURI SITHARAMA RAJU,ARAKU VALLEY,MANDAL,13930.39679,4748.9,4511.48,79.82,1.769264188,safe
ANDHRA PRADESH,ALLURI SITHARAMA RAJU,CHINTAPALLE,MANDAL,19252.65588,4250.35,4037.91,115.06,2.849493921,safe
ANDHRA PRADESH,ALLURI SITHARAMA RAJU,CHINTUR,MANDAL,61642.11815,6835.16,6493.39,112.11,1.726524974,safe
ANDHRA PRADESH,ALLURI SITHARAMA RAJU,DEVIPATNAM,MANDAL,33715.86041,3814.56,3623.81,70.56,1.947121952,safe
ANDHRA PRADESH,ALLURI SITHARAMA RAJU,DUMBRIGUDA,MANDAL,14138.26718,4445.15,4222.87,128.84,3.051005596,safe
ANDHRA PRADESH,ALLURI SITHARAMA RAJU,GANGARAJU MADUGULA,MANDAL,8782.40083,3885.84,3691.59,72.7,1.969341124,safe
ANDHRA PRADESH,ALLURI SITHARAMA RAJU,GANGAVARAM (EAST GODAVARI),MANDAL,54569.04,4597.79,4367.82,47.35,1.08406482,safe
ANDHRA PRADESH,ALLURI SITHARAMA RAJU,GUDEM KOTHAVEEDHI,MANDAL,11488.00406,3368.26,3199.87,132.77,4.149231063,safe
ANDHRA PRADESH,ALLURI SITHARAMA RAJU,HUKUMPETA,MANDAL,20418.67611,5785.65,5496.34,68.08,1.238642442,safe
ANDHRA PRADESH,ALLURI SITHARAMA RAJU,KOYYURU,MANDAL,28384,4888.98,4644.52,125.46,2.701247922,safe
ANDHRA PRADESH,ALLURI SITHARAMA RAJU,KUNAVARAM,MANDAL,17764.4225,1673.84,1590.17,37.73,2.37270229,safe
ANDHRA PRADESH,ALLURI SITHARAMA RAJU,MAREDUMILLI,MANDAL,26735.39,2598.03,2468.13,34.4,1.393767751,safe
ANDHRA PRADESH,ALLURI SITHARAMA RAJU,MUNCHINGIPUTTU,MANDAL,27961.67612,4977,4727.97,88.5,1.871839288,safe
ANDHRA PRADESH,ALLURI SITHARAMA RAJU,NELLIPAKA,MANDAL,36113.13,3076.05,2922.2,113.16,3.872424885,safe
ANDHRA PRADESH,ALLURI SITHARAMA RAJU,PADERU,MANDAL,18725.0648,4614.35,4383.54,404.15,9.219717397,safe
ANDHRA PRADESH,ALLURI SITHARAMA RAJU,PEDABAYALU,MANDAL,25407.55464,5204.79,4944.59,172.26,3.483807555,safe
ANDHRA PRADESH,ALLURI SITHARAMA RAJU,RAJAVOMMANGI,MANDAL,35024.24,4564.92,4336.57,62.8,1.448149113,safe
ANDHRA PRADESH,ALLURI SITHARAMA RAJU,RAMPACHODAVARAM,MANDAL,45621.39,4509.78,4284.29,78.85,1.840444975,safe
ANDHRA PRADESH,ALLURI SITHARAMA RAJU,VARARAMACHANDRAPUR,MANDAL,28184.83,2703.77,2568.57,59.53,2.31763199,safe
ANDHRA PRADESH,ALLURI SITHARAMA RAJU,Y RAMAVARAM,MANDAL,46718.016,4167.38,3958.95,40.3,1.017946678,safe
ANDHRA PRADESH,ANAKAPALLI,ANAKAPALLE,MANDAL,17373,3616.81,3435.94,1039.27,30.24703575,safe
ANDHRA PRADESH,ANAKAPALLI,ATCHUTAPURAM,MANDAL,14200,2042.11,1940.02,841.95,43.39903712,safe
ANDHRA PRADESH,ANAKAPALLI,BUTCHAYYAPETA,MANDAL,16745,3748.72,3561.26,999.65,28.07012125,safe
ANDHRA PRADESH,ANAKAPALLI,CHEEDIKADA,MANDAL,11658,3423.45,3252.24,877.74,26.98878312,safe
ANDHRA PRADESH,ANAKAPALLI,CHODAVARAM,MANDAL,16202,3582.8,3403.64,1598.99,46.97882267,safe
ANDHRA PRADESH,ANAKAPALLI,DEVARAPALLE (VISAKHAPATNAM),MANDAL,14965,3869.63,3676.18,552.4,15.02646769,safe
ANDHRA PRADESH,ANAKAPALLI,GOLUGONDA,MANDAL,11252,2444.07,2321.81,494.97,21.31828186,safe
ANDHRA PRADESH,ANAKAPALLI,K KOTAPADU,MANDAL,15972,3837.82,3645.89,673.91,18.48410128,safe
ANDHRA PRADESH,ANAKAPALLI,KASIMKOTA,MANDAL,15459,2788.92,2649.44,1304.71,49.24474606,safe
ANDHRA PRADESH,ANAKAPALLI,KOTAURATLA,MANDAL,14330,3004.6,2854.34,1029.13,36.05491988,safe
ANDHRA PRADESH,ANAKAPALLI,MADUGULA,MANDAL,18463.65992,5066.15,4812.82,1278.83,26.57132409,safe
ANDHRA PRADESH,ANAKAPALLI,MAKAVARAPALEM,MANDAL,14236,2755.12,2617.35,742.07,28.35195904,safe
ANDHRA PRADESH,ANAKAPALLI,MUNAGAPAKA,MANDAL,9300,2106.41,2001.06,1036.56,51.80054571,safe
ANDHRA PRADESH,ANAKAPALLI,NAKKAPALLE,MANDAL,19684,4434.98,4213.21,748.52,17.76602638,safe
ANDHRA PRADESH,ANAKAPALLI,NARSIPATNAM,MANDAL,10854,2355.35,2237.59,478.22,21.37210123,safe
ANDHRA PRADESH,ANAKAPALLI,NATHAVARAM,MANDAL,19416,5997.06,5697.19,639.62,11.22693819,safe
ANDHRA PRADESH,ANAKAPALLI,PARAVADA,MANDAL,10586,1617.93,1537.05,454.7,29.58264207,safe
ANDHRA PRADESH,ANAKAPALLI,PAYAKARAOPETA,MANDAL,10822,3273.41,3109.73,1070.68,34.42999875,safe
ANDHRA PRADESH,ANAKAPALLI,RAMBILLI,MANDAL,12101,2867.35,2723.96,435.55,15.98958869,safe
ANDHRA PRADESH,ANAKAPALLI,RAVIKAMATHAM,MANDAL,16499,4343.68,4126.46,685.02,16.60066982,safe
ANDHRA PRADESH,ANAKAPALLI,ROLUGUNTA,MANDAL,12039,2792.23,2652.61,547.17,20.62760828,safe
ANDHRA PRADESH,ANAKAPALLI,S RAYAVARAM,MANDAL,16528,4245.18,4032.89,1201.64,29.79600237,safe
ANDHRA PRADESH,ANAKAPALLI,SABBAVARAM,MANDAL,17179,3266.15,3102.85,847.46,27.31230965,safe
ANDHRA PRADESH,ANAKAPALLI,YELAMANCHILI (VISAKHAPATNAM),MANDAL,10059,2662.36,2529.21,746.42,29.511982,safe
ANDHRA PRADESH,ANANTHAPURAMU,ANANTAPUR MANDAL,MANDAL,30902,3164.05,3005.84,822.88,27.37604131,safe
ANDHRA PRADESH,ANANTHAPURAMU,ATMAKUR,MANDAL,23430,2727.53,2591.15,1027.76,39.66424175,safe
ANDHRA PRADESH,ANANTHAPURAMU,BELUGUPPA,MANDAL,32086,3739.31,3552.34,1018.26,28.66448594,safe
ANDHRA PRADESH,ANANTHAPURAMU,BOMMANAHAL,MANDAL,27847,9287.2,8822.85,1079.33,12.23334863,safe
ANDHRA PRADESH,ANANTHAPURAMU,BRAHMASAMUDRAM,MANDAL,27256,4273.35,4059.68,1162.48,28.63476924,safe
ANDHRA PRADESH,ANANTHAPURAMU,BUKKARAYASAMUDRAM,MANDAL,25092,3421.79,3250.7,1553.51,47.79001446,safe
ANDHRA PRADESH,ANANTHAPURAMU,D HIRCHAL,MANDAL,27582,3443.59,3271.38,1539.09,47.04711773,safe
ANDHRA PRADESH,ANANTHAPURAMU,GARLADINNE,MANDAL,24039,4784.75,4545.48,2532.36,55.71160801,safe
ANDHRA PRADESH,ANANTHAPURAMU,GOOTY,MANDAL,30299,3801.41,3611.3,751.63,20.81328054,safe
ANDHRA PRADESH,ANANTHAPURAMU,GUMMAGATTA,MANDAL,22897,2898.39,2753.46,1348.97,48.99181394,safe
ANDHRA PRADESH,ANANTHAPURAMU,GUNTAKAL,MANDAL,42648,3423.97,3252.74,988.61,30.39314547,safe
ANDHRA PRADESH,ANANTHAPURAMU,KALYANDURG,MANDAL,40283,5341.89,5074.78,1407.67,27.73854236,safe
ANDHRA PRADESH,ANANTHAPURAMU,KAMBADUR,MANDAL,38415,3814.12,3623.39,1068.88,29.49944665,safe
ANDHRA PRADESH,ANANTHAPURAMU,KANEKAL,MANDAL,50624,11271.76,10708.16,881.04,8.227744076,safe
ANDHRA PRADESH,ANANTHAPURAMU,KUDAIR,MANDAL,31746,3188.26,3028.85,1564.3,51.64666458,safe
ANDHRA PRADESH,ANANTHAPURAMU,KUNDURPI,MANDAL,24661,3041.91,2889.82,1150.89,39.82566388,safe
ANDHRA PRADESH,ANANTHAPURAMU,NARPALA,MANDAL,24873,3137.85,2980.98,2098.51,70.39664808,Semi-Critical
ANDHRA PRADESH,ANANTHAPURAMU,PAMIDI,MANDAL,24456,2830.04,2688.48,870.77,32.38893352,safe
ANDHRA PRADESH,ANANTHAPURAMU,PEDDAPAPPUR,MANDAL,21136,2828.32,2686.87,1605.14,59.74014374,safe
ANDHRA PRADESH,ANANTHAPURAMU,PEDDAVADUGUR,MANDAL,23398.33,2348.8,2231.37,717.54,32.15692601,safe
ANDHRA PRADESH,ANANTHAPURAMU,PUTLUR,MANDAL,25475,3436.48,3264.67,2005.39,61.4270355,safe
ANDHRA PRADESH,ANANTHAPURAMU,RAPTADU,MANDAL,26815,3349.31,3181.83,1142.1,35.89443811,safe
ANDHRA PRADESH,ANANTHAPURAMU,RAYADURG,MANDAL,32061,3743.7,3556.53,1346.96,37.87287047,safe
ANDHRA PRADESH,ANANTHAPURAMU,SETTUR,MANDAL,28864,2954.34,2806.6,779.87,27.78700207,safe
ANDHRA PRADESH,ANANTHAPURAMU,SINGANAMALA,MANDAL,27654,4147.49,3940.1,1439.25,36.5282607,safe
ANDHRA PRADESH,ANANTHAPURAMU,TADPATRI,MANDAL,44107,4306.14,4090.83,1795.6,43.89329305,safe
ANDHRA PRADESH,ANANTHAPURAMU,URAVAKONDA,MANDAL,40262,4104,3898.83,759.6,19.48276791,safe
ANDHRA PRADESH,ANANTHAPURAMU,VAJRAKARUR,MANDAL,36916,3889.86,3695.36,723.66,19.58293644,safe
ANDHRA PRADESH,ANANTHAPURAMU,VIDAPANAKAL,MANDAL,37657,4901.14,4656.1,657.58,14.12297846,safe
ANDHRA PRADESH,ANANTHAPURAMU,YADIKI,MANDAL,25687,2752.78,2615.18,1224.17,46.81016221,safe
ANDHRA PRADESH,ANANTHAPURAMU,YELLANUR,MANDAL,27311,2957.2,2809.3,1921.76,68.4070765,safe
ANDHRA PRADESH,ANNAMAYYA,B KOTHAKOTA,MANDAL,26354,2027.95,1926.55,1083.67,56.24925385,safe
ANDHRA PRADESH,ANNAMAYYA,CHINNAMANDEM,MANDAL,16294,1689.57,1605.07,1383.3,86.18315712,Semi-Critical
ANDHRA PRADESH,ANNAMAYYA,CHITVEL,MANDAL,24964,1715.14,1629.37,1269.63,77.92152795,Semi-Critical
ANDHRA PRADESH,ANNAMAYYA,GALIVEEDU,MANDAL,31487,3656.27,3473.47,1393.35,40.11406461,safe
ANDHRA PRADESH,ANNAMAYYA,GURRAMKONDA,MANDAL,21118,3162.44,3004.29,1732.64,57.67219543,safe
ANDHRA PRADESH,ANNAMAYYA,KALAKADA,MANDAL,22452,2666.74,2533.41,1404.19,55.42687524,safe
ANDHRA PRADESH,ANNAMAYYA,KALIKIRI,MANDAL,17994,2499.5,2374.53,1409.34,59.3523771,safe
ANDHRA PRADESH,ANNAMAYYA,KAMBHAMVARIPALLE,MANDAL,28851,3470.08,3296.57,1756.21,53.27385737,safe
ANDHRA PRADESH,ANNAMAYYA,KODUR,MANDAL,20038,1420.97,1349.91,804.82,59.62027098,safe
ANDHRA PRADESH,ANNAMAYYA,KURABALAKOTA,MANDAL,15369,2370.98,2252.42,1288.38,57.19981176,safe
ANDHRA PRADESH,ANNAMAYYA,LAKKIREDDIPALLE,MANDAL,20774,2675.06,2541.32,1151.93,45.32801851,safe
ANDHRA PRADESH,ANNAMAYYA,MANDAPALLE,MANDAL,27833,4680.9,4446.82,1684.22,37.87470597,safe
ANDHRA PRADESH,ANNAMAYYA,MULAKALACHERUVU,MANDAL,18863,2602.77,2472.61,1247.77,50.46368008,safe
ANDHRA PRADESH,ANNAMAYYA,NANDALUR,MANDAL,17548,1346.93,1279.58,478.75,37.41462042,safe
ANDHRA PRADESH,ANNAMAYYA,NIMMANAPALLE,MANDAL,17424,3163.02,3004.86,1485.34,49.4312547,safe
ANDHRA PRADESH,ANNAMAYYA,OBULAVARIPALLE,MANDAL,18951,1967.87,1869.49,1018.03,54.4549583,safe
ANDHRA PRADESH,ANNAMAYYA,PEDDAMANDYAM,MANDAL,22089,2347.81,2230.41,1191.42,53.41708475,safe
ANDHRA PRADESH,ANNAMAYYA,PEDDATHIPPASAMUDRA,MANDAL,26930,4133.88,3927.2,2098.81,53.44291098,safe
ANDHRA PRADESH,ANNAMAYYA,PENAGALURU,MANDAL,27504,2247.14,2134.82,962.07,45.06562614,safe
ANDHRA PRADESH,ANNAMAYYA,PILERU,MANDAL,16770,4526.94,4300.62,1789.12,41.60144351,safe
ANDHRA PRADESH,ANNAMAYYA,PULLAMPETA,MANDAL,16444,1413.46,1342.78,769.12,57.27818407,safe
ANDHRA PRADESH,ANNAMAYYA,RAJAMPET,MANDAL,28372,2176.9,2068.04,1181.05,57.10963037,safe
ANDHRA PRADESH,ANNAMAYYA,RAMAPURAM,MANDAL,17868,2791.95,2652.34,1094.62,41.26997293,safe
ANDHRA PRADESH,ANNAMAYYA,RAMASAMUDRAM,MANDAL,13382,3499.41,3324.45,1924.33,57.88416129,safe
ANDHRA PRADESH,ANNAMAYYA,ROYACHOTI,MANDAL,21458,3602.16,3422.03,1359.08,39.7156074,safe
ANDHRA PRADESH,ANNAMAYYA,SAMBEPALLE,MANDAL,22641,3866.1,3672.8,1697.82,46.22685689,safe
ANDHRA PRADESH,ANNAMAYYA,T SUNDUPALLE,MANDAL,26754,5104.7,4849.45,2283.51,47.08802029,safe
ANDHRA PRADESH,ANNAMAYYA,THAMBALLAPALLE,MANDAL,21771,3563,3384.85,1487.04,43.93222743,safe
ANDHRA PRADESH,ANNAMAYYA,VALMIKIPURAM,MANDAL,28500,5032.02,4780.4,1997.52,41.78562463,safe
ANDHRA PRADESH,ANNAMAYYA,VEERABALLE,MANDAL,29269,3630.2,3448.68,1001.32,29.03487711,safe
ANDHRA PRADESH,BAPATLA,ADDANKI,MANDAL,25103,3055.87,2903.05,620.23,21.36477153,safe
ANDHRA PRADESH,BAPATLA,AMRUTHALUR,MANDAL,12439,2091.42,1986.83,306.02,15.40242497,safe
ANDHRA PRADESH,BAPATLA,BALLIKURUVA,MANDAL,21832,3148.55,2991.12,573.83,19.18445265,safe
ANDHRA PRADESH,BAPATLA,BAPATLA,MANDAL,24718,4158.85,3950.88,1370.59,34.69075244,safe
ANDHRA PRADESH,BAPATLA,BHATTIPROLU,MANDAL,9594,7372.56,7003.95,1421.85,20.30068747,safe
ANDHRA PRADESH,BAPATLA,CHERUKUPALLE,MANDAL,9696,5253.41,4990.74,1253.28,25.11210762,safe
ANDHRA PRADESH,BAPATLA,CHINAGANJAM,MANDAL,17188,3353.09,3185.43,229.29,7.198086287,safe
ANDHRA PRADESH,BAPATLA,CHIRALA,MANDAL,10129,2743.22,2606.06,723.37,27.75722739,safe
ANDHRA PRADESH,BAPATLA,INKOLLU,MANDAL,14450,992.91,943.27,50.32,5.334633774,safe
ANDHRA PRADESH,BAPATLA,JANAKAVARAMPANGULU,MANDAL,16732,1684.78,1600.54,233.17,14.56820823,safe
ANDHRA PRADESH,BAPATLA,KARAMCHEDU,MANDAL,16225,0,0,0,0,Saline
ANDHRA PRADESH,BAPATLA,KARLAPALEM,MANDAL,12472,2661.65,2528.57,619.84,24.51346018,safe
ANDHRA PRADESH,BAPATLA,KOLLUR,MANDAL,10858,6643.11,6310.97,2367.5,37.51404301,safe
ANDHRA PRADESH,BAPATLA,KORISAPADU,MANDAL,14965,1464.43,1391.2,308.48,22.17366302,safe
ANDHRA PRADESH,BAPATLA,MARTUR,MANDAL,17309,2743.12,2605.98,556.08,21.3386135,safe
ANDHRA PRADESH,BAPATLA,NAGARAM,MANDAL,17138,4592.87,4363.23,122.36,2.804344488,safe
ANDHRA PRADESH,BAPATLA,NIZAMPATNAM,MANDAL,14706,1020.81,969.77,122,12.58030255,safe
ANDHRA PRADESH,BAPATLA,PARCHUR,MANDAL,22312,295.86,281.07,28.21,10.03664568,safe
ANDHRA PRADESH,BAPATLA,PITTALAVANIPALEM,MANDAL,7515,3147.24,2989.88,401.67,13.43431843,safe
ANDHRA PRADESH,BAPATLA,REPALLE,MANDAL,24283,2363.5,2245.32,231.75,10.32146865,safe
ANDHRA PRADESH,BAPATLA,SANTHAMAGULURU,MANDAL,20334,2435.72,2313.94,347.8,15.03064038,safe
ANDHRA PRADESH,BAPATLA,TSUNDUR,MANDAL,10989,6487.97,6163.58,685.09,11.11513114,safe
ANDHRA PRADESH,BAPATLA,VEMURU,MANDAL,10327,5375.05,5106.28,648.59,12.70181032,safe
ANDHRA PRADESH,BAPATLA,VETAPALEM,MANDAL,8728,1621.27,1540.21,370.99,24.08697515,safe
ANDHRA PRADESH,BAPATLA,YEDDANAPUDI,MANDAL,10076,417.96,397.06,53.58,13.49418224,safe
ANDHRA PRADESH,CHITTOOR,BAIREDDI PALLE,MANDAL,20929,3135.93,2979.1,1679.73,56.38380719,safe
ANDHRA PRADESH,CHITTOOR,BANGARUPALEM,MANDAL,38649,5110.17,4854.66,1690.23,34.81665039,safe
ANDHRA PRADESH,CHITTOOR,CHITTOOR MANDAL,MANDAL,22238,3361.9,3193.82,1758.9,55.07198277,safe
ANDHRA PRADESH,CHITTOOR,CHOWDEPALLE,MANDAL,22978,3692.1,3507.48,2183.37,62.24896507,safe
ANDHRA PRADESH,CHITTOOR,GANGADHARA NELLORE,MANDAL,19536.7,2901.05,2755.94,1526.11,55.37529845,safe
ANDHRA PRADESH,CHITTOOR,GANGAVARAM,MANDAL,22587,3029.53,2878.06,1555.83,54.05828926,safe
ANDHRA PRADESH,CHITTOOR,GUDI PALLE,MANDAL,13118.75,3129.78,2973.3,2160.44,72.66135271,Semi-Critical
ANDHRA PRADESH,CHITTOOR,GUDIPALA,MANDAL,16947,2251.1,2138.56,990.28,46.30592548,safe
ANDHRA PRADESH,CHITTOOR,IRALA,MANDAL,20009,2402.8,2282.64,765.3,33.52696877,safe
ANDHRA PRADESH,CHITTOOR,KARVETINAGAR,MANDAL,20913,3848.32,3655.92,1637.6,44.79310269,safe
ANDHRA PRADESH,CHITTOOR,KUPPAM,MANDAL,24805.5,3872.36,3678.75,2084.19,56.654842,safe
ANDHRA PRADESH,CHITTOOR,NAGARI,MANDAL,12880,2643.29,2511.1,1568.94,62.48018797,safe
ANDHRA PRADESH,CHITTOOR,NINDRA,MANDAL,8924,2606.82,2476.46,2173.75,87.77650356,Semi-Critical
ANDHRA PRADESH,CHITTOOR,PALAMANER,MANDAL,23396,2039.31,1937.34,765.84,39.53049026,safe
ANDHRA PRADESH,CHITTOOR,PALASAMUDRAM,MANDAL,7420,1476.74,1402.91,765.39,54.55731301,safe
ANDHRA PRADESH,CHITTOOR,PEDDA PANJANI,MANDAL,26093,3802.23,3612.13,2652.4,73.43035827,Semi-Critical
ANDHRA PRADESH,CHITTOOR,PENUMURU,MANDAL,11745,1976.94,1878.1,1312.03,69.85943241,safe
ANDHRA PRADESH,CHITTOOR,PULICHERLA,MANDAL,14056,2474.78,2351.05,1413.85,60.13696008,safe
ANDHRA PRADESH,CHITTOOR,PUNGANUR,MANDAL,29078,4157.16,3949.27,1948.48,49.33772571,safe
ANDHRA PRADESH,CHITTOOR,PUTHALAPATTU,MANDAL,15680,2751.59,2614,2238.36,85.6296863,Semi-Critical
ANDHRA PRADESH,CHITTOOR,RAMA KUPPAM,MANDAL,17576,2723.67,2587.46,1828.69,70.67510222,Semi-Critical
ANDHRA PRADESH,CHITTOOR,ROMPICHERLA,MANDAL,13943,2123.38,2017.2,906.88,44.95736665,safe
ANDHRA PRADESH,CHITTOOR,SANTHI PURAM,MANDAL,16290,2919.02,2773.08,1628.51,58.72567686,safe
ANDHRA PRADESH,CHITTOOR,SODAM,MANDAL,19960,3021.62,2870.54,1397.08,48.6695883,safe
ANDHRA PRADESH,CHITTOOR,SOMALA,MANDAL,33322,4324.16,4107.92,1268.36,30.87596643,safe
ANDHRA PRADESH,CHITTOOR,SRIRANGARAJAPURAM,MANDAL,11403,2657.88,2524.95,1660.65,65.7696192,safe
ANDHRA PRADESH,CHITTOOR,THAVANAMPALLE,MANDAL,17339,2412.21,2291.57,1701.38,74.24516816,Semi-Critical
ANDHRA PRADESH,CHITTOOR,VEDURU KUPPAM,MANDAL,22782,3713.15,3527.47,1694.5,48.03726183,safe
ANDHRA PRADESH,CHITTOOR,VENKATAGIRI KOTA,MANDAL,22445,3744.31,3557.07,2708.58,76.1463789,Semi-Critical
ANDHRA PRADESH,CHITTOOR,VIJAYA PURAM,MANDAL,17991,2816.72,2675.89,1046.82,39.12044217,safe
ANDHRA PRADESH,CHITTOOR,YADAMARI,MANDAL,15417,2045.19,1942.92,952.89,49.0442221,safe
ANDHRA PRADESH,EAST GODAVARI,ANAPARTHI,MANDAL,6038,7827.12,7435.73,579.66,7.795603122,safe
ANDHRA PRADESH,EAST GODAVARI,BICCAVOLU,MANDAL,10058.00216,11550.76,10973.23,970.85,8.847440544,safe
ANDHRA PRADESH,EAST GODAVARI,CHAGALLU,MANDAL,11330,3147.14,2989.77,1996.04,66.7623262,safe
ANDHRA PRADESH,EAST GODAVARI,DEVARAPALLE,MANDAL,21031,4848.28,4605.84,2901.85,63.00370834,safe
ANDHRA PRADESH,EAST GODAVARI,GOKAVARAM,MANDAL,20224.75,4315.58,4099.82,797.06,19.44134133,safe
ANDHRA PRADESH,EAST GODAVARI,GOPALAPURAM,MANDAL,21068,5652.27,5369.64,2260.24,42.09295223,safe
ANDHRA PRADESH,EAST GODAVARI,KADIAM,MANDAL,7573.42,8479.37,8055.41,1452.05,18.02577398,safe
ANDHRA PRADESH,EAST GODAVARI,KORUKONDA,MANDAL,18006.49,9174.51,8715.74,1510.33,17.32876382,safe
ANDHRA PRADESH,EAST GODAVARI,KOVVUR,MANDAL,11152,9451.43,8978.91,3196.27,35.59752799,safe
ANDHRA PRADESH,EAST GODAVARI,NALLAJERLA,MANDAL,24492,5549.01,5271.55,3784.41,71.78932193,Semi-Critical
ANDHRA PRADESH,EAST GODAVARI,NIDADAVOLE,MANDAL,13297,6646.43,6314.13,2248.69,35.61361581,safe
ANDHRA PRADESH,EAST GODAVARI,PERAVALI,MANDAL,8290.31,5141.75,4884.66,1537,31.46585433,safe
ANDHRA PRADESH,EAST GODAVARI,RAJAHMUNDRY (URBAN),MANDAL,1737.75,163.96,155.79,13.21,8.479363245,safe
ANDHRA PRADESH,EAST GODAVARI,RAJAHMUNDRY RURAL,MANDAL,9041.27,1426.01,1354.72,720.56,53.18885083,safe
ANDHRA PRADESH,EAST GODAVARI,RAJANAGARAM,MANDAL,23476.87,4367.95,4149.54,2260.9,54.48555744,safe
ANDHRA PRADESH,EAST GODAVARI,RANGAMPETA,MANDAL,14508.38,3140.53,2983.49,1765.54,59.17700411,safe
ANDHRA PRADESH,EAST GODAVARI,SEETHANAGARAM,MANDAL,15414.57,7181.28,6822.18,1269.01,18.6012389,safe
ANDHRA PRADESH,EAST GODAVARI,THALLAPUDI,MANDAL,9699,6103.2,5798.06,1211.53,20.89543744,safe
ANDHRA PRADESH,EAST GODAVARI,UNDRAJAVARAM,MANDAL,8114,8012.12,7611.53,1160.81,15.2506789,safe
ANDHRA PRADESH,ELURU,AGIRIPALLE,MANDAL,20469,4043.33,3841.18,1789.58,46.58932932,safe
ANDHRA PRADESH,ELURU,BHIMADOLE,MANDAL,21652,7282.8,6918.66,1833.25,26.49718298,safe
ANDHRA PRADESH,ELURU,BUTTAYAGUDEM,MANDAL,45658.6,8853.61,8410.96,1913.21,22.74663059,safe
ANDHRA PRADESH,ELURU,CHATRAI,MANDAL,23940,3074.57,2920.81,874.03,29.92423335,safe
ANDHRA PRADESH,ELURU,CHINTALAPUDI,MANDAL,34361.8,6689.56,6355.07,3013.51,47.41898988,safe
ANDHRA PRADESH,ELURU,DENDULURU,MANDAL,18619,6054.79,5752.07,1865.95,32.43962608,safe
ANDHRA PRADESH,ELURU,DWARAKA TIRUMALA,MANDAL,26550,11120.98,10564.96,3699.45,35.01622344,safe
ANDHRA PRADESH,ELURU,ELURU,MANDAL,17147,3721.13,3535.02,683.35,19.33086659,safe
ANDHRA PRADESH,ELURU,GANAPAVARAM,MANDAL,9995,0,0,0,0,Saline
ANDHRA PRADESH,ELURU,JANGAREDDIGUDEM,MANDAL,21708.56,9379.46,8910.48,3275.13,36.75593234,safe
ANDHRA PRADESH,ELURU,JEELUGUMILLI,MANDAL,30076.7,11556.97,10979.12,2797.18,25.47726958,safe
ANDHRA PRADESH,ELURU,KAIKALUR,MANDAL,17488,0,0,0,0,Saline
ANDHRA PRADESH,ELURU,KALIDINDI,MANDAL,17815,0,0,0,0,Saline
ANDHRA PRADESH,ELURU,KAMAVARAPUKOTA,MANDAL,20267,6495.33,6170.53,2572.33,41.6873429,safe
ANDHRA PRADESH,ELURU,KOYYALAGUDEM,MANDAL,19068,4316.02,4100.21,2321.85,56.62758737,safe
ANDHRA PRADESH,ELURU,KUKUNOOR,MANDAL,31354.9455,8776.5,8337.71,1174.78,14.08995995,safe
ANDHRA PRADESH,ELURU,LINGAPALEM,MANDAL,20580,10121.91,9615.76,3573.29,37.16076524,safe
ANDHRA PRADESH,ELURU,MANDAVALLI,MANDAL,21904,0,0,0,0,Saline
ANDHRA PRADESH,ELURU,MUDINAPALLE,MANDAL,17624,0,0,0,0,Saline
ANDHRA PRADESH,ELURU,MUSUNURU,MANDAL,20755,3141.92,2984.78,1577.81,52.86185246,safe
ANDHRA PRADESH,ELURU,NIDAMARRU,MANDAL,11648,0,0,0,0,Saline
ANDHRA PRADESH,ELURU,NUZVID,MANDAL,22665.8,3489.46,3314.95,1234.42,37.23796739,safe
ANDHRA PRADESH,ELURU,PADAVEGI,MANDAL,25774,12346.47,11729.14,3765.07,32.10013692,safe
ANDHRA PRADESH,ELURU,PEDAPADU,MANDAL,17995,8761.6,8323.52,1508.84,18.12742686,safe
ANDHRA PRADESH,ELURU,POLAVARAM,MANDAL,37060,7261.2,6898.13,1313.19,19.03689841,safe
ANDHRA PRADESH,ELURU,T NARASAPURAM,MANDAL,28867,9820.51,9329.45,5015.89,53.76404826,safe
ANDHRA PRADESH,ELURU,UNGUTURU (WEST GODAVARI),MANDAL,20435.11,15755.39,14967.57,4694.24,31.36273958,safe
ANDHRA PRADESH,ELURU,VELAIRPAD,MANDAL,37706.55,3975.48,3776.73,466.62,12.35513261,safe
ANDHRA PRADESH,GUNTUR,CHEBROLE,MANDAL,15131.3283,4246.59,4034.27,682.57,16.91929395,safe
ANDHRA PRADESH,GUNTUR,DUGGIRALA,MANDAL,13402.9718,8767.36,8329,1434.15,17.21875375,safe
ANDHRA PRADESH,GUNTUR,GUNTUR MANDAL,MANDAL,18314.6261,2040.11,1938.1,413.45,21.33274857,safe
ANDHRA PRADESH,GUNTUR,KAKUMANU,MANDAL,17853.3405,164.88,156.64,5.52,3.524004086,safe
ANDHRA PRADESH,GUNTUR,KOLLIPARA,MANDAL,11999.355,7255.73,6892.94,1994.83,28.94019098,safe
ANDHRA PRADESH,GUNTUR,MANGALAGIRI,MANDAL,13365.1098,8051.85,7649.24,1290.3,16.86834248,safe
ANDHRA PRADESH,GUNTUR,MEDIKONDURU,MANDAL,12489.1339,869.2,825.77,78.86,9.549874662,safe
ANDHRA PRADESH,GUNTUR,PEDAKAKANI,MANDAL,10949.1585,1717.31,1631.42,219.69,13.46618283,safe
ANDHRA PRADESH,GUNTUR,PEDANANDIPADU,MANDAL,14098.3708,0,0,0,0,Saline
ANDHRA PRADESH,GUNTUR,PHIRANGIPURAM,MANDAL,13946.4667,962.79,914.64,310.24,33.91935625,safe
ANDHRA PRADESH,GUNTUR,PONNUR,MANDAL,18815.3421,4396.46,4176.59,1451.43,34.75155569,safe
ANDHRA PRADESH,GUNTUR,PRATHIPADU,MANDAL,12288.513,540.26,513.25,80.65,15.71358987,safe
ANDHRA PRADESH,GUNTUR,TADIKONDA,MANDAL,19215.8214,1296.16,1231.33,146.81,11.92288014,safe
ANDHRA PRADESH,GUNTUR,TENALI,MANDAL,13181.0546,12732.06,12095.46,1342.22,11.0968909,safe
ANDHRA PRADESH,GUNTUR,THADEPALLE,MANDAL,6666.9375,3526.04,3349.74,1025.08,30.60177805,safe
ANDHRA PRADESH,GUNTUR,THULLUR,MANDAL,18966.0405,1410.5,1339.99,176.45,13.16800872,safe
ANDHRA PRADESH,GUNTUR,VATTICHERUKURU,MANDAL,11649.2895,0,0,0,0,Saline
ANDHRA PRADESH,KAKINADA,GANDEPALLE,MANDAL,16230.35,3120.96,2964.91,1772.45,59.78090397,safe
ANDHRA PRADESH,KAKINADA,GOLLAPROLU,MANDAL,12062.74,5063.34,4810.16,849.03,17.65076422,safe
ANDHRA PRADESH,KAKINADA,JAGGAMPETA,MANDAL,14896.818,5655.19,5372.46,953.82,17.75387811,safe
ANDHRA PRADESH,KAKINADA,KAJULURU,MANDAL,11521.03,469.97,446.47,0,0,safe
ANDHRA PRADESH,KAKINADA,KAKINADA (RURAL),MANDAL,7421.47,3985.82,3786.53,279.87,7.391199858,safe
ANDHRA PRADESH,KAKINADA,KAKINADA (URBAN),MANDAL,3195,748.92,748.92,495.46,66.15659884,safe
ANDHRA PRADESH,KAKINADA,KARAPA,MANDAL,10403.00003,0,0,0,0,Saline
ANDHRA PRADESH,KAKINADA,KIRLAMPUDI,MANDAL,8709.24,6978.32,6629.38,1115.78,16.83083486,safe
ANDHRA PRADESH,KAKINADA,KOTANANDURU,MANDAL,10998,4131.58,3924.97,544.89,13.88265388,safe
ANDHRA PRADESH,KAKINADA,KOTHAPALLEE,MANDAL,11543.03,6049.12,5746.63,449.69,7.825281948,safe
ANDHRA PRADESH,KAKINADA,PEDAPUDI,MANDAL,10662,11720.63,11134.63,1002.8,9.00613671,safe
ANDHRA PRADESH,KAKINADA,PEDDAPURAM,MANDAL,14474.71,6384.1,6064.9,1677.72,27.66278092,safe
ANDHRA PRADESH,KAKINADA,PITHAPURAM,MANDAL,12524.108,7473.78,7100.14,819.73,11.5452653,safe
ANDHRA PRADESH,KAKINADA,PRATHIPADU (EAST GODAVARI),MANDAL,16945,5376.55,5107.73,892.95,17.48232581,safe
ANDHRA PRADESH,KAKINADA,ROUTHULAPUDI,MANDAL,15791.99,4623.07,4391.88,772.36,17.58609069,safe
ANDHRA PRADESH,KAKINADA,SAMALKOTA,MANDAL,14875.896,10212.15,9701.54,1133.87,11.6875259,safe
ANDHRA PRADESH,KAKINADA,SANKHAVARAM,MANDAL,11019.07,2534.86,2408.11,418.5,17.37877423,safe
ANDHRA PRADESH,KAKINADA,THALLAREVU,MANDAL,41475,0,0,0,0,Saline
ANDHRA PRADESH,KAKINADA,THONDANGI,MANDAL,16215.27,6044.15,5741.93,1267.71,22.07811659,safe
ANDHRA PRADESH,KAKINADA,TUNI,MANDAL,16171.37,8472.83,8049.2,1259.35,15.64565423,safe
ANDHRA PRADESH,KAKINADA,YELESWARAM,MANDAL,10989.08,3525.94,3349.62,1417.52,42.3188302,safe
ANDHRA PRADESH,KONASEEMA,AINAVILLI,MANDAL,9341.52,7006.2,6655.89,1325.42,19.91349016,safe
ANDHRA PRADESH,KONASEEMA,ALAMURU,MANDAL,7838.07,7361.18,6993.1,1555.7,22.24621413,safe
ANDHRA PRADESH,KONASEEMA,ALLAVARAM,MANDAL,10492,0,0,0,0,Saline
ANDHRA PRADESH,KONASEEMA,AMALAPURAM,MANDAL,8057.39,5330.48,5063.94,987.42,19.4990462,safe
ANDHRA PRADESH,KONASEEMA,AMBAJIPETA,MANDAL,5395.25,3216.27,3055.46,966.83,31.64269864,safe
ANDHRA PRADESH,KONASEEMA,ATREYAPURAM,MANDAL,8597.14,9780.58,9291.57,2320.7,24.97640334,safe
ANDHRA PRADESH,KONASEEMA,I POLAVARAM,MANDAL,12941.97,0,0,0,0,Saline
ANDHRA PRADESH,KONASEEMA,KAPILESWARAPURAM,MANDAL,10656.87,11216.36,10655.52,775.67,7.279513341,safe
ANDHRA PRADESH,KONASEEMA,KATRENIKONA,MANDAL,13815.992,0,0,0,0,Saline
ANDHRA PRADESH,KONASEEMA,KOTHAPETA,MANDAL,7956.46,6362.86,6044.7,1360.32,22.50434265,safe
ANDHRA PRADESH,KONASEEMA,MALIKIPURAM,MANDAL,8942.13,0,0,0,0,Saline
ANDHRA PRADESH,KONASEEMA,MAMIDIKUDURU,MANDAL,7969.98,0,0,0,0,Saline
ANDHRA PRADESH,KONASEEMA,MANDAPETA,MANDAL,10994,12442.19,11820.09,2217.6,18.76127847,safe
ANDHRA PRADESH,KONASEEMA,MUMMIDIVARAM,MANDAL,9570.99996,6137.74,5830.83,358.89,6.155041392,safe
ANDHRA PRADESH,KONASEEMA,P GANNAVARAM,MANDAL,8353.9096,6365.13,6046.9,642.65,10.62775968,safe
ANDHRA PRADESH,KONASEEMA,PAMARRU (EAST GODAVARI),MANDAL,11705,8322.71,7906.58,855.64,10.82187242,safe
ANDHRA PRADESH,KONASEEMA,RAMACHANDRAPURAM,MANDAL,10668.90008,10238.61,9726.69,1124.51,11.56107576,safe
ANDHRA PRADESH,KONASEEMA,RAVULAPALEM,MANDAL,7254,7135.16,6778.37,1418.51,20.92700753,safe
ANDHRA PRADESH,KONASEEMA,RAYAVARAM,MANDAL,7904,7900.29,7505.3,1002.84,13.36175769,safe
ANDHRA PRADESH,KONASEEMA,RAZOLE,MANDAL,7713.7,4548.04,4320.67,367.71,8.510485642,safe
ANDHRA PRADESH,KONASEEMA,SAKHINETIPALLE,MANDAL,10071,0,0,0,0,Saline
ANDHRA PRADESH,KONASEEMA,UPPALAGUPTAM,MANDAL,11755,0,0,0,0,Saline
ANDHRA PRADESH,KRISHNA,AVANIGADA,MANDAL,7526,6546.57,6219.25,834.51,13.41817743,safe
ANDHRA PRADESH,KRISHNA,BANTUMILLI,MANDAL,12530,0,0,0,0,Saline
ANDHRA PRADESH,KRISHNA,BAPULAPAD,MANDAL,22654,9628.22,9146.79,4140.27,45.26473222,safe
ANDHRA PRADESH,KRISHNA,CHALLAPALLE,MANDAL,9152,11878.13,11284.22,2858.71,25.33369608,safe
ANDHRA PRADESH,KRISHNA,GANNAVARAM,MANDAL,18806,8244.06,7831.87,1620.85,20.69556824,safe
ANDHRA PRADESH,KRISHNA,GHANTASALA,MANDAL,11854,12854.33,12211.61,3068.45,25.12731736,safe
ANDHRA PRADESH,KRISHNA,GUDIVADA,MANDAL,11961,12818.83,12177.9,1601.02,13.14693009,safe
ANDHRA PRADESH,KRISHNA,GUDLAVALLERU,MANDAL,12464,0,0,0,0,Saline
ANDHRA PRADESH,KRISHNA,GUDUR (KRISHNA),MANDAL,12922,0,0,0,0,Saline
ANDHRA PRADESH,KRISHNA,KANKIPADU,MANDAL,10407,20178.92,19169.94,5680.38,29.63170464,safe
ANDHRA PRADESH,KRISHNA,KODURU,MANDAL,20128,0,0,0,0,Saline
ANDHRA PRADESH,KRISHNA,KRUTHIVENNU,MANDAL,18932,0,0,0,0,Saline
ANDHRA PRADESH,KRISHNA,MACHILIPATNAM,MANDAL,46105,0,0,0,0,Saline
ANDHRA PRADESH,KRISHNA,MOPIDEVI,MANDAL,8681,10396.78,9876.93,2561.55,25.93467808,safe
ANDHRA PRADESH,KRISHNA,MOVVA,MANDAL,14429,17174.74,16315.98,3069.78,18.81456094,safe
ANDHRA PRADESH,KRISHNA,NAGAYALANKA,MANDAL,39780,0,0,0,0,Saline
ANDHRA PRADESH,KRISHNA,NANDIVADA,MANDAL,16605,0,0,0,0,Saline
ANDHRA PRADESH,KRISHNA,PAMARRU,MANDAL,12324,19469.33,18495.86,2083.43,11.26430455,safe
ANDHRA PRADESH,KRISHNA,PAMIDIMUKKALA,MANDAL,11222,14734.27,13997.55,6201.82,44.30646792,safe
ANDHRA PRADESH,KRISHNA,PEDANA,MANDAL,15084,0,0,0,0,Saline
ANDHRA PRADESH,KRISHNA,PEDAPARUPUDI,MANDAL,9629,16033.15,15231.48,3122.35,20.49932114,safe
ANDHRA PRADESH,KRISHNA,PENAMALURU,MANDAL,8113,5938.36,5641.41,2272.34,40.2796464,safe
ANDHRA PRADESH,KRISHNA,THOTLAVALLURU,MANDAL,11473,7188.36,6828.94,2540.29,37.19889178,safe
ANDHRA PRADESH,KRISHNA,UNGUTURU,MANDAL,15225,14799.07,14059.1,3090,21.97864728,safe
ANDHRA PRADESH,KRISHNA,VUYYURU,MANDAL,10050,12286.02,11671.71,3995.3,34.23063116,safe
ANDHRA PRADESH,KURNOOL,ADONI,MANDAL,52111,6480.01,6155.96,1091.63,17.73289625,safe
ANDHRA PRADESH,KURNOOL,ALUR,MANDAL,35493,2457.93,2335.04,456.36,19.54399068,safe
ANDHRA PRADESH,KURNOOL,ASPARI,MANDAL,40618,2319.95,2203.95,740.96,33.61963747,safe
ANDHRA PRADESH,KURNOOL,C BELAGAL,MANDAL,21065,4394.8,4175.05,936.33,22.42679728,safe
ANDHRA PRADESH,KURNOOL,CHIPPAGIRI,MANDAL,28767,2218.64,2107.7,256.67,12.17772928,safe
ANDHRA PRADESH,KURNOOL,DEVANAKONDA,MANDAL,45095,3013.06,2862.4,987.93,34.51404416,safe
ANDHRA PRADESH,KURNOOL,GONEGANDLA,MANDAL,27528,3383.24,3214.08,1388.49,43.20023148,safe
ANDHRA PRADESH,KURNOOL,GUDUR (KURNOOL),MANDAL,16135,1082.22,1028.13,367.75,35.76882301,safe
ANDHRA PRADESH,KURNOOL,HALAHARVI,MANDAL,28117,2680.26,2546.26,204.92,8.047881992,safe
ANDHRA PRADESH,KURNOOL,HOLAGUNDA,MANDAL,31923,5357.55,5089.67,451.12,8.863443013,safe
ANDHRA PRADESH,KURNOOL,KALLUR,MANDAL,31611,2263.5,2150.29,715.48,33.27365146,safe
ANDHRA PRADESH,KURNOOL,KODUMUR,MANDAL,23366,2363.85,2245.67,788.76,35.1235934,safe
ANDHRA PRADESH,KURNOOL,KOSIGI,MANDAL,21783,3010.88,2860.34,1015.98,35.51955362,safe
ANDHRA PRADESH,KURNOOL,KOWTHALAM,MANDAL,37541,6535.24,6208.5,769.5,12.39429814,safe
ANDHRA PRADESH,KURNOOL,KRISHNAGIRI,MANDAL,36805,2775.11,2636.35,837.52,31.76816432,safe
ANDHRA PRADESH,KURNOOL,KURNOOL MANDAL,MANDAL,32100,2017.8,1916.87,555.64,28.98683792,safe
ANDHRA PRADESH,KURNOOL,MADDIKERA EAST,MANDAL,23133,1545.05,1467.78,293.87,20.02139285,safe
ANDHRA PRADESH,KURNOOL,MANTRALAYAM,MANDAL,18915,2343.41,2226.25,359.49,16.14778214,safe
ANDHRA PRADESH,KURNOOL,NANDAVARAM,MANDAL,25993,4231.01,4019.46,589.35,14.66241734,safe
ANDHRA PRADESH,KURNOOL,ORVAKAL,MANDAL,33082,1580.24,1501.22,988.85,65.86975926,safe
ANDHRA PRADESH,KURNOOL,PATTIKANDA,MANDAL,27010,1707.96,1622.56,478.6,29.49659797,safe
ANDHRA PRADESH,KURNOOL,PEDDA KADUBUR,MANDAL,20262,5087.26,4832.91,887.17,18.35684919,safe
ANDHRA PRADESH,KURNOOL,TUGGALI,MANDAL,36301,2166.33,2057.99,441.2,21.43839377,safe
ANDHRA PRADESH,KURNOOL,VELDURTHI (KURNOOL),MANDAL,31605,2144.09,2036.89,519.72,25.51536902,safe
ANDHRA PRADESH,KURNOOL,YEMMIGANUR,MANDAL,29504,3928.83,3732.38,1094.02,29.31159207,safe
ANDHRA PRADESH,NANDYAL,ALLAGADDA,MANDAL,27613,4630.34,4398.83,990.38,22.51462321,safe
ANDHRA PRADESH,NANDYAL,ATMAKUR (KURNOOL),MANDAL,18099,1199.31,1139.35,14.42,1.265633914,safe
ANDHRA PRADESH,NANDYAL,BANAGANAPALLE,MANDAL,44028,5556.13,5278.3,358.08,6.784002425,safe
ANDHRA PRADESH,NANDYAL,BANDI ATMAKUR,MANDAL,41208,12073.51,11469.85,341.08,2.973709334,safe
ANDHRA PRADESH,NANDYAL,BETHAMCHERLA,MANDAL,22172,1597.83,1517.91,509.43,33.56127834,safe
ANDHRA PRADESH,NANDYAL,CHAGALAMARRI,MANDAL,20623,4446.55,4224.2,819.47,19.39941291,safe
ANDHRA PRADESH,NANDYAL,DHONE,MANDAL,40462,2770.54,2632.02,440.38,16.73163578,safe
ANDHRA PRADESH,NANDYAL,DORNIPADU,MANDAL,11743,1923.89,1827.69,84.32,4.613473839,safe
ANDHRA PRADESH,NANDYAL,GADIVEMULA,MANDAL,21814,2610.15,2479.64,615.69,24.82981401,safe
ANDHRA PRADESH,NANDYAL,GOSPADU,MANDAL,13405,4782.12,4542.99,254.02,5.591471696,safe
ANDHRA PRADESH,NANDYAL,JUPADU BUNGALOW,MANDAL,22575,2149.07,2041.62,437.47,21.42759181,safe
ANDHRA PRADESH,NANDYAL,KOILKUNTLA,MANDAL,20468,2623.4,2492.22,464.52,18.63880396,safe
ANDHRA PRADESH,NANDYAL,KOLIMIGUNDLA,MANDAL,29491,1551.25,1473.72,374.89,25.4383465,safe
ANDHRA PRADESH,NANDYAL,KOTHAPALLE,MANDAL,26498,1707.52,1622.09,442.95,27.30736272,safe
ANDHRA PRADESH,NANDYAL,MAHANANDI,MANDAL,9672,2107.33,2001.95,1034.37,51.66812358,safe
ANDHRA PRADESH,NANDYAL,MIDTHUR,MANDAL,29364,1194.78,1135.02,533.63,47.01503057,safe
ANDHRA PRADESH,NANDYAL,NANDI KOTKUR,MANDAL,15864,939.59,892.61,411.41,46.0906779,safe
ANDHRA PRADESH,NANDYAL,NANDYAL,MANDAL,22098,5329.59,5063.13,445.58,8.800485075,safe
ANDHRA PRADESH,NANDYAL,OWK,MANDAL,38857,4069.11,3865.62,544.92,14.09657442,safe
ANDHRA PRADESH,NANDYAL,PAGIDYALA,MANDAL,15027,1092.2,1037.59,150.14,14.47007007,safe
ANDHRA PRADESH,NANDYAL,PAMULAPADU,MANDAL,19274,1350.29,1282.77,396.9,30.94085456,safe
ANDHRA PRADESH,NANDYAL,PANYAM,MANDAL,21572,5586.42,5307.06,666.63,12.56119207,safe
ANDHRA PRADESH,NANDYAL,PEAPALLY,MANDAL,29577,2825.28,2683.99,744.03,27.72104218,safe
ANDHRA PRADESH,NANDYAL,RUDRAVARAM,MANDAL,44030,12137.58,11530.67,1092.95,9.478633939,safe
ANDHRA PRADESH,NANDYAL,SANJAMALA,MANDAL,28150,2710.53,2574.99,482.9,18.75347089,safe
ANDHRA PRADESH,NANDYAL,SIRVEL,MANDAL,17523,6068.48,5765.06,612.88,10.63093879,safe
ANDHRA PRADESH,NANDYAL,SRISAILAM,MANDAL,14727,111.49,105.92,0,0,safe
ANDHRA PRADESH,NANDYAL,UYYALAWADA,MANDAL,20247,7065.04,6711.75,449.73,6.700636943,safe
ANDHRA PRADESH,NANDYAL,VELGODE,MANDAL,20001,4236.22,4024.4,239.92,5.961634032,safe
ANDHRA PRADESH,NTR,A KONDURU,MANDAL,18937,3614.75,3434,1967.01,57.28043098,safe
ANDHRA PRADESH,NTR,CHANDARLAPADU,MANDAL,22129,2963.98,2815.82,1166.6,41.43020506,safe
ANDHRA PRADESH,NTR,G KONDURU,MANDAL,20252,3635.44,3453.64,1152.08,33.35842763,safe
ANDHRA PRADESH,NTR,GAMPALAGUDEM,MANDAL,20988,5517.28,5241.4,2120.43,40.45541268,safe
ANDHRA PRADESH,NTR,IBRAHIMPATNAM,MANDAL,10404,3461.7,3288.6,721.9,21.95159034,safe
ANDHRA PRADESH,NTR,JAGGAYYAPETA,MANDAL,25781,4797.3,4557.41,1195.57,26.23354054,safe
ANDHRA PRADESH,NTR,KANCHIKA CHERLA,MANDAL,15976,1689.51,1605.04,415.94,25.91461895,safe
ANDHRA PRADESH,NTR,MYLAVARAM (KRISHNA),MANDAL,21111,3886.98,3692.61,2553.78,69.15921259,safe
ANDHRA PRADESH,NTR,NANDIGAMA,MANDAL,18832,3125.32,2969.04,866.02,29.16835071,safe
ANDHRA PRADESH,NTR,PENUGANCHIPROLU,MANDAL,16325,3658.56,3475.64,1336.95,38.46629685,safe
ANDHRA PRADESH,NTR,REDDIGUDEM,MANDAL,18582,4266.25,4052.95,1946.13,48.0176168,safe
ANDHRA PRADESH,NTR,TIRUVURU,MANDAL,18432,8945.32,8498.04,2521.61,29.67284221,safe
ANDHRA PRADESH,NTR,VATSAVAI,MANDAL,18800,3230.69,3069.14,1289.9,42.02805998,safe
ANDHRA PRADESH,NTR,VEERULLAPADU,MANDAL,18715,2621.46,2490.39,940.65,37.77119246,safe
ANDHRA PRADESH,NTR,VIJAYAWADA RURAL,MANDAL,14413,7635,7253.24,782.59,10.78952303,safe
ANDHRA PRADESH,NTR,VIJAYAWADA URBAN,MANDAL,6869,5210.51,4949.98,513.01,10.36388026,safe
ANDHRA PRADESH,NTR,VISSANNAPET,MANDAL,19778,4543.36,4316.19,1778.14,41.1969816,safe
ANDHRA PRADESH,PALNADU,ACHAMPETA,MANDAL,20395,2387.52,2268.12,1026.74,45.26832795,safe
ANDHRA PRADESH,PALNADU,AMARAVATHI,MANDAL,20573.4804,1898.8,1803.85,415.74,23.0473709,safe
ANDHRA PRADESH,PALNADU,BELLAMKONDA,MANDAL,23411,2578.86,2449.93,747.69,30.51883115,safe
ANDHRA PRADESH,PALNADU,BOLLAPALLE,MANDAL,53910.4461,3230.02,3068.51,2816.01,91.77125054,Critical
ANDHRA PRADESH,PALNADU,CHILAKALURIPET,MANDAL,21122.8178,413.1,392.44,165.07,42.06248089,safe
ANDHRA PRADESH,PALNADU,DACHEPALLE,MANDAL,22035.5859,5129.66,4873.18,1215.07,24.93382145,safe
ANDHRA PRADESH,PALNADU,DURGI,MANDAL,35024.0072,2220.42,2109.4,1356.98,64.33014127,safe
ANDHRA PRADESH,PALNADU,EDLAPADU,MANDAL,13963.6887,979.31,930.35,273.95,29.44590745,safe
ANDHRA PRADESH,PALNADU,GURAZALA,MANDAL,24650.8999,4277.48,4063.57,1558.73,38.35863539,safe
ANDHRA PRADESH,PALNADU,IPURU,MANDAL,25066.4086,5530.17,5253.66,1384.03,26.34411058,safe
ANDHRA PRADESH,PALNADU,KAREMPUDI,MANDAL,20274.8034,5752.84,5465.19,1880.84,34.41490598,safe
ANDHRA PRADESH,PALNADU,KROSURU,MANDAL,16071.3891,1967.71,1869.33,922.78,49.36421071,safe
ANDHRA PRADESH,PALNADU,MACHAVARAM,MANDAL,19523.5858,3680.63,3496.61,1265.44,36.19048164,safe
ANDHRA PRADESH,PALNADU,MACHERLA,MANDAL,28665.0216,8214.2,7803.52,1777.09,22.77292811,safe
ANDHRA PRADESH,PALNADU,MUPPALLA,MANDAL,13050.5338,1317.94,1252.04,281.67,22.49688508,safe
ANDHRA PRADESH,PALNADU,NADENDLA,MANDAL,16701.2632,1048.93,996.5,285.9,28.69041646,safe
ANDHRA PRADESH,PALNADU,NAKARIKALLU,MANDAL,20423.8684,3010.4,2859.88,761,26.60950809,safe
ANDHRA PRADESH,PALNADU,NARASARAOPETA,MANDAL,22909.6851,4363.45,4145.29,403.03,9.722600831,safe
ANDHRA PRADESH,PALNADU,NUZENDLA,MANDAL,39060.0404,6935.94,6589.16,914.79,13.88325674,safe
ANDHRA PRADESH,PALNADU,PEDAKURAPADU,MANDAL,14075.0613,4746.38,4509.05,404.29,8.966190217,safe
ANDHRA PRADESH,PALNADU,PIDUGURALLA,MANDAL,29279.9032,2286.28,2171.97,1332.27,61.33924502,safe
ANDHRA PRADESH,PALNADU,RAJUPALEM,MANDAL,10946.5088,3621.75,3440.65,1101.19,32.0052897,safe
ANDHRA PRADESH,PALNADU,RENTACHINTALA,MANDAL,16944.1574,6668.55,6335.11,1583.9,25.00193367,safe
ANDHRA PRADESH,PALNADU,ROMPICHERLA (GUNTUR),MANDAL,23323.2657,1537.75,1460.88,336.95,23.06486501,safe
ANDHRA PRADESH,PALNADU,SATTENAPALLE,MANDAL,23945.1269,2984.16,2834.94,570.09,20.10942031,safe
ANDHRA PRADESH,PALNADU,SAVALYAPURAM,MANDAL,14929.2114,1102.96,1047.82,383.07,36.55876009,safe
ANDHRA PRADESH,PALNADU,VELDURTHI,MANDAL,33591.8989,1834.69,1742.99,2403.34,137.8860464,Over-Exploited
ANDHRA PRADESH,PALNADU,VINUKONDA,MANDAL,27787.7659,10581.58,10052.5,1001.91,9.966774434,safe
ANDHRA PRADESH,PARVATHIPURAM MANYAM,BALAJIPETA,MANDAL,15876.29,13448.85,12776.41,1794.32,14.04400767,safe
ANDHRA PRADESH,PARVATHIPURAM MANYAM,BHAMINI,MANDAL,12032,3640.84,3458.81,637.45,18.42974896,safe
ANDHRA PRADESH,PARVATHIPURAM MANYAM,GARUGUBILLI,MANDAL,14070.29,4376.73,4157.91,1376.86,33.11423287,safe
ANDHRA PRADESH,PARVATHIPURAM MANYAM,GUMMALAKSHMIPURAM,MANDAL,34851.83838,4552.36,4324.63,169.75,3.925191288,safe
ANDHRA PRADESH,PARVATHIPURAM MANYAM,JIYYAMMA VALASA,MANDAL,15779.03,4308.06,4092.63,1265.33,30.91728302,safe
ANDHRA PRADESH,PARVATHIPURAM MANYAM,KOMARADA,MANDAL,26915.7844,6793.63,6453.95,2897.34,44.89250769,safe
ANDHRA PRADESH,PARVATHIPURAM MANYAM,KURUPAM,MANDAL,37682.81,6307.99,5992.55,620.79,10.35936288,safe
ANDHRA PRADESH,PARVATHIPURAM MANYAM,MAKKUVA,MANDAL,17344.96,7282.77,6918.58,1679.22,24.27116547,safe
ANDHRA PRADESH,PARVATHIPURAM MANYAM,PACHIPENTA,MANDAL,36273.87,4722.03,4485.87,1508.41,33.62580726,safe
ANDHRA PRADESH,PARVATHIPURAM MANYAM,PALAKONDA,MANDAL,11467,4126.21,3919.89,652.29,16.64051797,safe
ANDHRA PRADESH,PARVATHIPURAM MANYAM,PARVATHIPURAM,MANDAL,27530.12,6747.79,6410.35,1496.05,23.33803926,safe
ANDHRA PRADESH,PARVATHIPURAM MANYAM,SALUR,MANDAL,27208.09,5767.56,5479.11,2689.09,49.07895625,safe
ANDHRA PRADESH,PARVATHIPURAM MANYAM,SEETHAMPETA,MANDAL,26730,4128.55,3922.07,486.36,12.40059458,safe
ANDHRA PRADESH,PARVATHIPURAM MANYAM,SEETHANAGARAM (VIZIANAGARAM),MANDAL,14766.7298,14277.16,13563.27,1538.67,11.34438819,safe
ANDHRA PRADESH,PARVATHIPURAM MANYAM,VEERAGHATTAM,MANDAL,13282,4000.1,3800.1,793.94,20.89260809,safe
ANDHRA PRADESH,PRAKASAM,ARDHAVEEDU,MANDAL,27583,2357.1,2079.48,1263.45,60.75797796,safe
ANDHRA PRADESH,PRAKASAM,BESTAVARIPETA,MANDAL,27833,2723.51,2587.37,786.65,30.40345988,safe
ANDHRA PRADESH,PRAKASAM,CHADRASEKARAPURAM,MANDAL,32918,3317.94,3152.01,784.33,24.88348704,safe
ANDHRA PRADESH,PRAKASAM,CHIMAKURTHI,MANDAL,24863,2736.37,2599.54,899.46,34.60073705,safe
ANDHRA PRADESH,PRAKASAM,CUMBUM,MANDAL,7764,550.84,523.29,556.63,106.3712282,Over-Exploited
ANDHRA PRADESH,PRAKASAM,DARSI,MANDAL,36230,3347.86,3180.46,794.28,24.97374594,safe
ANDHRA PRADESH,PRAKASAM,DONAKONDA,MANDAL,19740,1349.98,1282.48,274.68,21.41787786,safe
ANDHRA PRADESH,PRAKASAM,DORNALA,MANDAL,41258,2580.9,2451.85,1316.9,53.71046353,safe
ANDHRA PRADESH,PRAKASAM,GIDDALURU,MANDAL,48682,2554.12,2426.39,2153.94,88.77138465,Semi-Critical
ANDHRA PRADESH,PRAKASAM,HANUMANTHUNIPADU,MANDAL,32472,2658.16,2525.2,501.27,19.85070489,safe
ANDHRA PRADESH,PRAKASAM,KANIGIRI,MANDAL,49205,4988.88,4739.44,1259.82,26.58162146,safe
ANDHRA PRADESH,PRAKASAM,KOMAROLU,MANDAL,22926,1632.97,1551.33,799.51,51.53706819,safe
ANDHRA PRADESH,PRAKASAM,KONAKANAMITLA,MANDAL,45715,3617.69,3436.82,691.69,20.12587217,safe
ANDHRA PRADESH,PRAKASAM,KONDAPI,MANDAL,21230,1990.03,1890.52,352.67,18.65465586,safe
ANDHRA PRADESH,PRAKASAM,KOTHAPATNAM,MANDAL,12377,2108.36,2002.95,173.38,8.656232058,safe
ANDHRA PRADESH,PRAKASAM,KURICHEDU,MANDAL,14993,1108.43,1053.01,118.76,11.27814551,safe
ANDHRA PRADESH,PRAKASAM,MADDIPADU,MANDAL,12063,1979.9,1909.75,331.75,17.37138,safe
ANDHRA PRADESH,PRAKASAM,MARKAPUR,MANDAL,17728,1600.73,1520.69,1004.89,66.08118683,safe
ANDHRA PRADESH,PRAKASAM,MARRIPUDI,MANDAL,24000,4346.4,4212.76,612.12,14.5301418,safe
ANDHRA PRADESH,PRAKASAM,MUNDLAMURU,MANDAL,33292,2712.16,2576.57,358.96,13.9316999,safe
ANDHRA PRADESH,PRAKASAM,NAGULUPPALAPADU,MANDAL,16098,2262.14,2149.01,129,6.002764063,safe
ANDHRA PRADESH,PRAKASAM,ONGOLE,MANDAL,19314,1357.24,1289.37,58.87,4.565795699,safe
ANDHRA PRADESH,PRAKASAM,PAMUR,MANDAL,40201,3496.98,3322.14,1111.81,33.46668112,safe
ANDHRA PRADESH,PRAKASAM,PEDAARAVEEDU,MANDAL,13800,805.99,765.68,1048.67,136.9593041,Over-Exploited
ANDHRA PRADESH,PRAKASAM,PEDACHERLOPALLE,MANDAL,32183,2545.09,2417.85,817.65,33.81723432,safe
ANDHRA PRADESH,PRAKASAM,PODILI,MANDAL,29315,3347.16,3179.79,975.38,30.67435271,safe
ANDHRA PRADESH,PRAKASAM,PONNALURU,MANDAL,29023,2945.96,2798.66,400.56,14.31256387,safe
ANDHRA PRADESH,PRAKASAM,PULLALACHERUVU,MANDAL,45103,2457.76,2334.86,2086.34,89.356107,Semi-Critical
ANDHRA PRADESH,PRAKASAM,RACHERLA,MANDAL,16694,1125.63,1069.34,1153.23,107.8450259,Over-Exploited
ANDHRA PRADESH,PRAKASAM,SANTHANUTHLAPADU,MANDAL,21211,2123.08,2016.92,877.6,43.51188942,safe
ANDHRA PRADESH,PRAKASAM,SINGARAYAKONDA,MANDAL,11091,2063.51,1960.33,261.96,13.36305622,safe
ANDHRA PRADESH,PRAKASAM,TANGUTUR,MANDAL,10786,805.55,765.27,36.2,4.730356606,safe
ANDHRA PRADESH,PRAKASAM,TARLAPADU,MANDAL,24739,1652.38,1569.76,752.72,47.95127918,safe
ANDHRA PRADESH,PRAKASAM,THALLUR,MANDAL,20697,2578.22,2449.26,1048.77,42.81987212,safe
ANDHRA PRADESH,PRAKASAM,TRIPURANTHAKAM,MANDAL,25389,1798.69,1708.73,485.91,28.43690928,safe
ANDHRA PRADESH,PRAKASAM,VELIGANDLA,MANDAL,31182,3872.09,3678.47,425.12,11.55697885,safe
ANDHRA PRADESH,PRAKASAM,YERRAGONDAPALEM,MANDAL,65046,3191.56,3031.99,899.06,29.65247247,safe
ANDHRA PRADESH,PRAKASAM,ZARUGUMILLI,MANDAL,18447,2036.21,1934.37,351.74,18.18369805,safe
ANDHRA PRADESH,SRI POTTI SRIRAMULU NELLORE,ALLUR,MANDAL,19114,13299.53,12634.56,609.62,4.825019629,safe
ANDHRA PRADESH,SRI POTTI SRIRAMULU NELLORE,ANANTHASAGARAM,MANDAL,25820,7526.79,7150.46,2131.18,29.80479578,safe
ANDHRA PRADESH,SRI POTTI SRIRAMULU NELLORE,ANUMASAMUDRAMPETA,MANDAL,28466.25391,5089.84,4835.39,1826.35,37.77047973,safe
ANDHRA PRADESH,SRI POTTI SRIRAMULU NELLORE,ATMAKUR (NELLORE),MANDAL,28940.80952,6204.05,5893.85,1553.5,26.35798332,safe
ANDHRA PRADESH,SRI POTTI SRIRAMULU NELLORE,BOGOLE,MANDAL,17749,6969.82,6621.3,906.32,13.68794648,safe
ANDHRA PRADESH,SRI POTTI SRIRAMULU NELLORE,BUCCHIREDDIPALEM,MANDAL,11738,8393.38,7973.69,3056.27,38.32943092,safe
ANDHRA PRADESH,SRI POTTI SRIRAMULU NELLORE,CHEJERLA,MANDAL,30950,5953.39,5655.72,1063.67,18.80697771,safe
ANDHRA PRADESH,SRI POTTI SRIRAMULU NELLORE,DAGADARTHI,MANDAL,25134,10727.92,10191.53,1412.26,13.85719318,safe
ANDHRA PRADESH,SRI POTTI SRIRAMULU NELLORE,DUTTALUR,MANDAL,28055,3302.76,3137.61,1318.91,42.03549836,safe
ANDHRA PRADESH,SRI POTTI SRIRAMULU NELLORE,GUDLURU,MANDAL,26172,4960.76,4712.74,1181.97,25.08031421,safe
ANDHRA PRADESH,SRI POTTI SRIRAMULU NELLORE,INDUKURPET,MANDAL,14420,8636.3,8204.51,4447.53,54.20835614,safe
ANDHRA PRADESH,SRI POTTI SRIRAMULU NELLORE,JALADANKI,MANDAL,30779,8065.34,7662.06,1202.83,15.69851972,safe
ANDHRA PRADESH,SRI POTTI SRIRAMULU NELLORE,KALIGIRI,MANDAL,39190.397,5697.32,5412.42,2275.53,42.04274613,safe
ANDHRA PRADESH,SRI POTTI SRIRAMULU NELLORE,KALUVOYA,MANDAL,41858,5778.73,5489.78,1309.7,23.85705802,safe
ANDHRA PRADESH,SRI POTTI SRIRAMULU NELLORE,KANDUKUR,MANDAL,23066,5207.76,4947.36,934.86,18.89613855,safe
ANDHRA PRADESH,SRI POTTI SRIRAMULU NELLORE,KAVALI,MANDAL,32066,7312.92,6947.27,1720.28,24.76195685,safe
ANDHRA PRADESH,SRI POTTI SRIRAMULU NELLORE,KODAVALUR,MANDAL,11100,9416.58,8945.76,2048.87,22.90325249,safe
ANDHRA PRADESH,SRI POTTI SRIRAMULU NELLORE,KONDAPURAM (NELLORE),MANDAL,35339,5836.91,5545.07,1508.5,27.20434548,safe
ANDHRA PRADESH,SRI POTTI SRIRAMULU NELLORE,KOVUR,MANDAL,8822,7953.18,7555.52,3091.83,40.92147198,safe
ANDHRA PRADESH,SRI POTTI SRIRAMULU NELLORE,LINGASAMUDRAM,MANDAL,19843,4185.56,3976.28,474.83,11.94156347,safe
ANDHRA PRADESH,SRI POTTI SRIRAMULU NELLORE,MANUBOLU,MANDAL,22580,15419.32,14648.35,719.11,4.909153591,safe
ANDHRA PRADESH,SRI POTTI SRIRAMULU NELLORE,MARRIPADU,MANDAL,46627,5948.05,5650.69,2049.84,36.27592383,safe
ANDHRA PRADESH,SRI POTTI SRIRAMULU NELLORE,MUTHUKUR,MANDAL,17834.53333,5509.23,5233.74,2672.94,51.07131802,safe
ANDHRA PRADESH,SRI POTTI SRIRAMULU NELLORE,NELLORE MANDAL,MANDAL,34611.16686,9573.86,9095.19,2630.71,28.9241896,safe
ANDHRA PRADESH,SRI POTTI SRIRAMULU NELLORE,PODLAKUR,MANDAL,43386.76889,9681.48,9197.42,2452.92,26.66965301,safe
ANDHRA PRADESH,SRI POTTI SRIRAMULU NELLORE,RAPUR,MANDAL,47491.11508,5615.84,5335.03,1157.84,21.70259586,safe
ANDHRA PRADESH,SRI POTTI SRIRAMULU NELLORE,SANGAM,MANDAL,20793.47063,10187.69,9678.31,1497.86,15.47646232,safe
ANDHRA PRADESH,SRI POTTI SRIRAMULU NELLORE,SEETHARAMAPURAM,MANDAL,16414.16736,1693.07,1608.4,690.26,42.91594131,safe
ANDHRA PRADESH,SRI POTTI SRIRAMULU NELLORE,SYDAPURAM,MANDAL,34102.48413,4587.83,4358.43,1790.92,41.0909433,safe
ANDHRA PRADESH,SRI POTTI SRIRAMULU NELLORE,THOTAPALLIGUDUR,MANDAL,15680.45,8315.21,7899.42,2769.11,35.05459895,safe
ANDHRA PRADESH,SRI POTTI SRIRAMULU NELLORE,UDAYAGIRI,MANDAL,47934,5080.2,4826.18,1682.91,34.87043583,safe
ANDHRA PRADESH,SRI POTTI SRIRAMULU NELLORE,ULAVAPADU,MANDAL,18774,4341.39,4124.31,1641.56,39.80205174,safe
ANDHRA PRADESH,SRI POTTI SRIRAMULU NELLORE,VARIKUNTAPADU,MANDAL,33148.99,4016.54,3815.73,1831.1,47.98819623,safe
ANDHRA PRADESH,SRI POTTI SRIRAMULU NELLORE,VENKATACHALAM,MANDAL,30026,10042.61,9540.45,998.26,10.46344774,safe
ANDHRA PRADESH,SRI POTTI SRIRAMULU NELLORE,VIDAVALUR,MANDAL,15771,12130.69,11524.15,2662.51,23.10374301,safe
ANDHRA PRADESH,SRI POTTI SRIRAMULU NELLORE,VINJAMUR,MANDAL,27985,3436.8,3264.95,1966.49,60.23032512,safe
ANDHRA PRADESH,SRI POTTI SRIRAMULU NELLORE,VOLETIVARIPALEM,MANDAL,22395,2532.74,2406.09,734.81,30.53958913,safe
ANDHRA PRADESH,SRI SATHYA SAI,AGALI,MANDAL,12297,2292.92,2178.3,2127.23,97.65551118,Critical
ANDHRA PRADESH,SRI SATHYA SAI,AMADAGUR,MANDAL,17469,2296.8,2181.94,1533.85,70.29753339,Semi-Critical
ANDHRA PRADESH,SRI SATHYA SAI,AMARAPURAM,MANDAL,22645,2747.55,2610.17,1644.5,63.00355916,safe
ANDHRA PRADESH,SRI SATHYA SAI,BATHALAPALLE,MANDAL,22318,3595.06,3415.3,1316.8,38.55591017,safe
ANDHRA PRADESH,SRI SATHYA SAI,BUKKAPATNAM,MANDAL,14742,4769.8,4531.32,854.69,18.86183276,safe
ANDHRA PRADESH,SRI SATHYA SAI,CHENNE KOTHAPALLE,MANDAL,30210,3953.34,3755.65,1299.95,34.6131828,safe
ANDHRA PRADESH,SRI SATHYA SAI,CHILAMATHUR,MANDAL,20698,2793.83,2654.16,1390.44,52.38719595,safe
ANDHRA PRADESH,SRI SATHYA SAI,DHARMAVARAM,MANDAL,36975,5388.94,5119.5,1715.76,33.51421037,safe
ANDHRA PRADESH,SRI SATHYA SAI,GANDLAPENTA,MANDAL,14939,1711.82,1626.24,2620.87,161.1613292,Over-Exploited
ANDHRA PRADESH,SRI SATHYA SAI,GORANTLA,MANDAL,27449,4538.52,4311.57,1470.91,34.11541503,safe
ANDHRA PRADESH,SRI SATHYA SAI,GUDIBANDA,MANDAL,16354,2980.01,2831.01,2098.91,74.13997125,Semi-Critical
ANDHRA PRADESH,SRI SATHYA SAI,HINDUPUR,MANDAL,22142,4211.12,4000.53,5249.12,131.2106146,Over-Exploited
ANDHRA PRADESH,SRI SATHYA SAI,KADIRI,MANDAL,24409,2740.71,2603.66,713.99,27.42255133,safe
ANDHRA PRADESH,SRI SATHYA SAI,KANAGANAPALLE,MANDAL,36308,6114.23,5808.53,1820.04,31.33391753,safe
ANDHRA PRADESH,SRI SATHYA SAI,KOTHACHERUVU,MANDAL,18555,4601.74,4371.64,2313.53,52.9213293,safe
ANDHRA PRADESH,SRI SATHYA SAI,LEPAKSHI,MANDAL,15231,2542.78,2415.63,1679.06,69.50816143,safe
ANDHRA PRADESH,SRI SATHYA SAI,MADAKASIRA,MANDAL,32632,4018.07,3817.17,1935.19,50.69698232,safe
ANDHRA PRADESH,SRI SATHYA SAI,MUDIGUBBA,MANDAL,47096,6174.66,5865.89,2161.19,36.84334347,safe
ANDHRA PRADESH,SRI SATHYA SAI,NALLACHERUVU,MANDAL,15464,2046.04,1943.72,1374.23,70.7010269,Semi-Critical
ANDHRA PRADESH,SRI SATHYA SAI,NALLAMADA,MANDAL,22637,2664.56,2531.31,1088.06,42.98406754,safe
ANDHRA PRADESH,SRI SATHYA SAI,NAMBULIPULIKUNTA,MANDAL,28610,3271.58,3107.98,2097.86,67.49914736,safe
ANDHRA PRADESH,SRI SATHYA SAI,OBULADEVARACHERUVU,MANDAL,20694,2178.37,2069.42,968.31,46.7913715,safe
ANDHRA PRADESH,SRI SATHYA SAI,PARIGI,MANDAL,15431,3769.24,3580.79,963.24,26.90020917,safe
ANDHRA PRADESH,SRI SATHYA SAI,PENU KONDA,MANDAL,29558,4307.35,4091.99,1534.85,37.50864494,safe
ANDHRA PRADESH,SRI SATHYA SAI,PUTTAPARTHI,MANDAL,21754,4234.45,4022.73,1586.3,39.43341959,safe
ANDHRA PRADESH,SRI SATHYA SAI,RAMAGIRI,MANDAL,31415,5100.35,4845.33,1596.49,32.94904578,safe
ANDHRA PRADESH,SRI SATHYA SAI,RODDAM,MANDAL,32827,4113.35,3907.66,2359.97,60.39343239,safe
ANDHRA PRADESH,SRI SATHYA SAI,ROLLA,MANDAL,12058,3533.57,3356.92,3840.43,114.4033817,Over-Exploited
ANDHRA PRADESH,SRI SATHYA SAI,SOMANDEPALLE,MANDAL,22139,3412.07,3241.44,1959.26,60.4441236,safe
ANDHRA PRADESH,SRI SATHYA SAI,TADIMARRI,MANDAL,22010,3512.89,3337.24,1861.6,55.78262277,safe
ANDHRA PRADESH,SRI SATHYA SAI,TALUPULA,MANDAL,26211,3218.62,3057.68,1790.34,58.55223568,safe
ANDHRA PRADESH,SRI SATHYA SAI,TANAKAL,MANDAL,30347,5195.83,4936.08,6090.19,123.381104,Over-Exploited
ANDHRA PRADESH,SRIKAKULAM,AMADALAVALASA,MANDAL,11103.60984,2473.14,2349.4,481.79,20.50693794,safe
ANDHRA PRADESH,SRIKAKULAM,BURJA,MANDAL,10654.01036,2729.96,2593.48,458.92,17.69514321,safe
ANDHRA PRADESH,SRIKAKULAM,ETCHERLA,MANDAL,18013.92552,3441.36,3269.33,997.42,30.50839163,safe
ANDHRA PRADESH,SRIKAKULAM,GANGUVARI SINGADAM,MANDAL,13842.88876,2495.51,2370.74,1433.83,60.48027198,safe
ANDHRA PRADESH,SRIKAKULAM,GARA,MANDAL,15652.61772,4323.71,4107.55,3156.75,76.85238159,Semi-Critical
ANDHRA PRADESH,SRIKAKULAM,HIRAMANDALAM,MANDAL,14582.23912,2337.81,2220.87,341.12,15.35974641,safe
ANDHRA PRADESH,SRIKAKULAM,ICHCHAPURAM,MANDAL,9814.29936,1287.08,1222.71,592.69,48.47347286,safe
ANDHRA PRADESH,SRIKAKULAM,JALUMURU,MANDAL,13884.97548,3396.59,3226.72,319.06,9.888059701,safe
ANDHRA PRADESH,SRIKAKULAM,KANCHILI,MANDAL,17338.91928,1996.42,1896.59,543.82,28.67356677,safe
ANDHRA PRADESH,SRIKAKULAM,KAVITI,MANDAL,11798.85008,1869.84,1776.34,618.19,34.80133308,safe
ANDHRA PRADESH,SRIKAKULAM,KOTABOMMAL,MANDAL,15417.90332,3085.56,2931.27,1224.56,41.77574908,safe
ANDHRA PRADESH,SRIKAKULAM,KOTHURU,MANDAL,15332.31536,3356.63,3188.78,960.63,30.12531438,safe
ANDHRA PRADESH,SRIKAKULAM,LAVERU,MANDAL,11370.69864,2647.98,2515.58,2309.79,91.81938161,Critical
ANDHRA PRADESH,SRIKAKULAM,LAXMINARASAMPET,MANDAL,13380.97124,1932.02,1835.44,120.99,6.591879876,safe
ANDHRA PRADESH,SRIKAKULAM,MANDASA,MANDAL,26041.96736,3381.33,3212.3,451.93,14.0687358,safe
ANDHRA PRADESH,SRIKAKULAM,MELIAPUTTI,MANDAL,20048.25188,1507.08,1431.7,719.76,50.27310191,safe
ANDHRA PRADESH,SRIKAKULAM,NANDIGAM,MANDAL,17410.95232,1906.54,1811.26,822.89,45.43190928,safe
ANDHRA PRADESH,SRIKAKULAM,NARASANNAPETA,MANDAL,11780.63948,2789.33,2649.86,441.11,16.64653982,safe
ANDHRA PRADESH,SRIKAKULAM,PALASA,MANDAL,14695.9542,1557.37,1479.48,416.26,28.13556114,safe
ANDHRA PRADESH,SRIKAKULAM,PATHAPATNAM,MANDAL,15708.86824,2422.35,2301.21,951.21,41.33521061,safe
ANDHRA PRADESH,SRIKAKULAM,POLAKI,MANDAL,14213.98032,3370.01,3201.47,2029.5,63.39275395,safe
ANDHRA PRADESH,SRIKAKULAM,PONDURU,MANDAL,12273.9444,1936.3,1839.47,735.6,39.98977966,safe
ANDHRA PRADESH,SRIKAKULAM,RANASTALAM,MANDAL,21093.13564,3194.18,3034.47,3887.49,128.1110046,Over-Exploited
ANDHRA PRADESH,SRIKAKULAM,SANTHABOMMALI,MANDAL,14578.597,4885.22,4640.98,373.97,8.057996371,safe
ANDHRA PRADESH,SRIKAKULAM,SARAVAKOTA,MANDAL,20641.91744,4266.47,4053.11,626.78,15.46417442,safe
ANDHRA PRADESH,SRIKAKULAM,SARUBUJJILI,MANDAL,7930.51396,1840.44,1748.45,312.96,17.89928222,safe
ANDHRA PRADESH,SRIKAKULAM,SOMPETA,MANDAL,14401.34716,2421.3,2300.23,1136.17,49.39375628,safe
ANDHRA PRADESH,SRIKAKULAM,SRIKAKULAM MANDAL,MANDAL,16148.7554,4035.59,3833.82,609.04,15.88598317,safe
ANDHRA PRADESH,SRIKAKULAM,TEKKALI,MANDAL,13826.70156,10124.59,9618.38,514.91,5.35339631,safe
ANDHRA PRADESH,SRIKAKULAM,VAJRAPUKOTHURU,MANDAL,13705.70224,2193.35,2083.7,659.21,31.63651197,safe
ANDHRA PRADESH,TIRUPATI,BALAYAPALLE,MANDAL,26422,5516.9,5241.1,1340.58,25.57821831,safe
ANDHRA PRADESH,TIRUPATI,BUCHINAIDU KHANDRI,MANDAL,25382,5676.29,5392.46,1170.94,21.7143938,safe
ANDHRA PRADESH,TIRUPATI,CHANDRAGIRI,MANDAL,42154,4870.91,4627.37,1329.23,28.72538829,safe
ANDHRA PRADESH,TIRUPATI,CHILLAKUR,MANDAL,33406,6298.57,5983.64,1342.45,22.43534036,safe
ANDHRA PRADESH,TIRUPATI,CHINNAGOTTIGALLU,MANDAL,17211,2661.44,2528.36,1174.85,46.46687972,safe
ANDHRA PRADESH,TIRUPATI,CHITTAMUR,MANDAL,27609,8675.74,8241.94,1303.98,15.82127509,safe
ANDHRA PRADESH,TIRUPATI,DAKKILI,MANDAL,31698,5920.95,5624.87,2026.14,36.02109915,safe
ANDHRA PRADESH,TIRUPATI,DORAVARISATRAM,MANDAL,27626,6868.26,6524.84,923,14.14594074,safe
ANDHRA PRADESH,TIRUPATI,GUDUR,MANDAL,24566,4590.07,4360.53,1577.79,36.18344559,safe
ANDHRA PRADESH,TIRUPATI,K V B PURAM,MANDAL,36439.4,5368.44,5100.04,2029.2,39.78792323,safe
ANDHRA PRADESH,TIRUPATI,KOTA,MANDAL,18177,5503.48,5228.35,1567.94,29.98919353,safe
ANDHRA PRADESH,TIRUPATI,NAGALAPURAM,MANDAL,18861,2311.04,2195.48,929.97,42.35839088,safe
ANDHRA PRADESH,TIRUPATI,NAIDUPETA,MANDAL,16349.39394,5019.39,4768.43,1641.23,34.4186661,safe
ANDHRA PRADESH,TIRUPATI,NARAYANAVANAM,MANDAL,10776,1833.49,1741.82,883.96,50.74921634,safe
ANDHRA PRADESH,TIRUPATI,OJILI,MANDAL,24104.22123,4564.48,4336.27,1316.39,30.35765762,safe
ANDHRA PRADESH,TIRUPATI,PAKALA,MANDAL,16069,2696.41,2561.56,1750.12,68.32242852,safe
ANDHRA PRADESH,TIRUPATI,PELLAKUR,MANDAL,18478.21429,6024.68,5723.44,1747.81,30.53775352,safe
ANDHRA PRADESH,TIRUPATI,PICHATUR,MANDAL,13418,3128.57,2972.14,1324.02,44.54769964,safe
ANDHRA PRADESH,TIRUPATI,PUTTUR,MANDAL,17508,2537.33,2410.45,1232.11,51.11535191,safe
ANDHRA PRADESH,TIRUPATI,RAMACHANDRAPURAM-17,MANDAL,11355,1955.96,1858.14,866.09,46.61058908,safe
ANDHRA PRADESH,TIRUPATI,RENIGUNTA,MANDAL,13214,2238.61,2126.68,1113.24,52.34638027,safe
ANDHRA PRADESH,TIRUPATI,SATYAVEDU,MANDAL,24991,3677.25,3493.38,799.29,22.88013328,safe
ANDHRA PRADESH,TIRUPATI,SRIKALAHASTI,MANDAL,31315,7297.06,6932.24,2690.86,38.81660185,safe
ANDHRA PRADESH,TIRUPATI,SULLURPETA,MANDAL,40080,10653.47,10120.77,1370.24,13.53889082,safe
ANDHRA PRADESH,TIRUPATI,TADA,MANDAL,24924.75,5983.29,5684.13,581.62,10.23234866,safe
ANDHRA PRADESH,TIRUPATI,THOTTAMBEDU,MANDAL,18876,5992.59,5692.96,1299.33,22.82345212,safe
ANDHRA PRADESH,TIRUPATI,TIRUPATI,MANDAL,10803,1561.31,1483.22,982.58,66.24640984,safe
ANDHRA PRADESH,TIRUPATI,TIRUPATI URBAN,MANDAL,10499,1023.66,972.46,341.92,35.16031508,safe
ANDHRA PRADESH,TIRUPATI,VADAMALAPETA,MANDAL,15964,2455.51,2332.74,1167.05,50.02915027,safe
ANDHRA PRADESH,TIRUPATI,VAKADU,MANDAL,23592,7108.92,6753.48,1521.4,22.52764501,safe
ANDHRA PRADESH,TIRUPATI,VARADAIAHPALEM,MANDAL,22616,4273.54,4059.85,781.82,19.25736173,safe
ANDHRA PRADESH,TIRUPATI,VENKATAGIRI,MANDAL,27478,5128.05,4871.67,1893.18,38.8610066,safe
ANDHRA PRADESH,TIRUPATI,YARRAVARIPALEM,MANDAL,15745,4316.04,4100.24,707.62,17.25801417,safe
ANDHRA PRADESH,TIRUPATI,YERPEDU,MANDAL,24820,6153.37,5845.72,2227.95,38.1124994,safe
ANDHRA PRADESH,VISAKHAPATNAM,ANANDAPURAM,MANDAL,20451.14874,2794.71,2654.98,926.96,34.91401065,safe
ANDHRA PRADESH,VISAKHAPATNAM,BHEEMUNIPATNAM,MANDAL,12423.77167,3821.26,3630.17,1179.03,32.47864425,safe
ANDHRA PRADESH,VISAKHAPATNAM,GVMC,MANDAL,51382.33345,3605.55,3425.19,1944.91,56.78254345,safe
ANDHRA PRADESH,VISAKHAPATNAM,PADMANABHAM,MANDAL,13752,2945.19,2797.9,1035.64,37.01490404,safe
ANDHRA PRADESH,VISAKHAPATNAM,PENDURTHI,MANDAL,2158,517.98,492.05,250.64,50.93791281,safe
ANDHRA PRADESH,VIZIANAGARAM,BADANGI,MANDAL,11497.34665,4576.44,4347.66,917.95,21.11365654,safe
ANDHRA PRADESH,VIZIANAGARAM,BHOGHAPURAM,MANDAL,12289.91436,1970.16,1871.64,555.94,29.70336176,safe
ANDHRA PRADESH,VIZIANAGARAM,BOBBILI,MANDAL,18446.09857,5236.85,4974.98,916.07,18.41354136,safe
ANDHRA PRADESH,VIZIANAGARAM,BONDAPALLE,MANDAL,14301.76,4276.55,4062.7,587.69,14.46550324,safe
ANDHRA PRADESH,VIZIANAGARAM,CHEEPURUPALLE,MANDAL,11326.61599,4826.19,4584.92,2245.85,48.98340647,safe
ANDHRA PRADESH,VIZIANAGARAM,DATTIRAJERU,MANDAL,16959.29215,4188.8,3979.3,1410.37,35.4426658,safe
ANDHRA PRADESH,VIZIANAGARAM,DENKADA,MANDAL,13648.82688,3446.55,3274.15,1216.95,37.16842539,safe
ANDHRA PRADESH,VIZIANAGARAM,GAJAPATHINAGARAM,MANDAL,16516.98084,4046.74,3844.38,946.54,24.62139539,safe
ANDHRA PRADESH,VIZIANAGARAM,GANTYADA,MANDAL,18388.89581,5462.16,5189.01,1017.52,19.60913546,safe
ANDHRA PRADESH,VIZIANAGARAM,GARIVIDI,MANDAL,13976.00669,4618.62,4387.61,1648.36,37.5685168,safe
ANDHRA PRADESH,VIZIANAGARAM,GURLA,MANDAL,16556.0582,4038.95,3837.04,1453.94,37.89222943,safe
ANDHRA PRADESH,VIZIANAGARAM,JAMI,MANDAL,10955.69184,2743.63,2606.42,1111.48,42.64393306,safe
ANDHRA PRADESH,VIZIANAGARAM,KOTHAVALASA,MANDAL,11454.54941,5281.45,5017.41,836.33,16.66856007,safe
ANDHRA PRADESH,VIZIANAGARAM,LAKKAVARAPUKOTA,MANDAL,15429.29938,5892.62,5597.95,664.23,11.86559365,safe
ANDHRA PRADESH,VIZIANAGARAM,MENTADA,MANDAL,22151.92806,7378.69,7009.7,551.92,7.873660784,safe
ANDHRA PRADESH,VIZIANAGARAM,MERAKAMUDIDAM,MANDAL,17776.4594,7559.94,7181.87,1060.64,14.76829851,safe
ANDHRA PRADESH,VIZIANAGARAM,NELLIMARLA,MANDAL,14163.4025,5745.19,5457.84,1693.59,31.03040763,safe
ANDHRA PRADESH,VIZIANAGARAM,PUSAPATIREGA,MANDAL,11864.61908,6565.99,6237.74,2572.85,41.24650915,safe
ANDHRA PRADESH,VIZIANAGARAM,RAJAM,MANDAL,11209.80466,2192.94,2083.3,718.14,34.47127154,safe
ANDHRA PRADESH,VIZIANAGARAM,RAMABHADRAPURAM,MANDAL,13064.24055,4884.33,4640.1,1085.13,23.38591841,safe
ANDHRA PRADESH,VIZIANAGARAM,REGIDIAMADALAVALASA,MANDAL,21857.55083,4020.3,3819.23,521.64,13.65825049,safe
ANDHRA PRADESH,VIZIANAGARAM,SANTHAKAVITI,MANDAL,16431.15309,2824.81,2683.57,608.83,22.68731578,safe
ANDHRA PRADESH,VIZIANAGARAM,SRUNGAVARAPUKOTA,MANDAL,14324.88828,6991.17,6641.57,1032.01,15.53864523,safe
ANDHRA PRADESH,VIZIANAGARAM,THERLAM,MANDAL,15672.32676,5732.54,5445.88,1075.59,19.750527,safe
ANDHRA PRADESH,VIZIANAGARAM,VANGARA,MANDAL,13968.59811,3090.13,2935.62,865.99,29.49939025,safe
ANDHRA PRADESH,VIZIANAGARAM,VEPADA,MANDAL,16444.55985,6772.61,6433.97,475.52,7.390771172,safe
ANDHRA PRADESH,VIZIANAGARAM,VIZIANAGARAM MANDAL,MANDAL,10269.857,4334.47,4117.72,499.83,12.13851355,safe
ANDHRA PRADESH,WEST GODAVARI,ACHANTA,MANDAL,7474,7892.87,7498.22,1819.55,24.2664259,safe
ANDHRA PRADESH,WEST GODAVARI,AKIVEEDU,MANDAL,12113,0,0,0,0,Saline
ANDHRA PRADESH,WEST GODAVARI,ATTILI,MANDAL,8593,9193.56,8733.9,216.46,2.478388807,safe
ANDHRA PRADESH,WEST GODAVARI,BHEEMAVARAM,MANDAL,22485.92,0,0,0,0,Saline
ANDHRA PRADESH,WEST GODAVARI,IRAGAVARAM,MANDAL,7934,9409.62,8939.13,993.96,11.11920288,safe
ANDHRA PRADESH,WEST GODAVARI,KALLA,MANDAL,15703,0,0,0,0,Saline
ANDHRA PRADESH,WEST GODAVARI,MOGALTHUR,MANDAL,13082,0,0,0,0,Saline
ANDHRA PRADESH,WEST GODAVARI,NARASAPURAM,MANDAL,16355,0,0,0,0,Saline
ANDHRA PRADESH,WEST GODAVARI,PALACOLE,MANDAL,8664.65,0,0,0,0,Saline
ANDHRA PRADESH,WEST GODAVARI,PALAKODERU,MANDAL,9233,0,0,0,0,Saline
ANDHRA PRADESH,WEST GODAVARI,PENTAPADU,MANDAL,11633.94,0,0,0,0,Saline
ANDHRA PRADESH,WEST GODAVARI,PENUGONDA,MANDAL,7193.31,7423.78,7052.59,344.56,4.885581042,safe
ANDHRA PRADESH,WEST GODAVARI,PENUMANTRA,MANDAL,8211,9060.34,8607.3,39.29,0.456472994,safe
ANDHRA PRADESH,WEST GODAVARI,PODURU,MANDAL,9204.18,0,0,0,0,Saline
ANDHRA PRADESH,WEST GODAVARI,TADEPALLIGUDEM,MANDAL,21925,8764.41,8326.17,2097.97,25.1972996,safe
ANDHRA PRADESH,WEST GODAVARI,TANUKU,MANDAL,7741,8441.63,8019.55,771.09,9.615128031,safe
ANDHRA PRADESH,WEST GODAVARI,UNDI,MANDAL,12921,0,0,0,0,Saline
ANDHRA PRADESH,WEST GODAVARI,VEERAVASARAM,MANDAL,8505,0,0,0,0,Saline
ANDHRA PRADESH,WEST GODAVARI,YELAMANCHILI,MANDAL,8870,0,0,0,0,Saline
ANDHRA PRADESH,Y.S.R KADAPA,ATLUR,MANDAL,20014,1946.62,1849.29,614.92,33.25168037,safe
ANDHRA PRADESH,Y.S.R KADAPA,B KODUR,MANDAL,12357,2435.92,2314.13,805.36,34.80184778,safe
ANDHRA PRADESH,Y.S.R KADAPA,BADVEL,MANDAL,16976,3089.65,2935.17,713.83,24.31988607,safe
ANDHRA PRADESH,Y.S.R KADAPA,BRAHMAMGARIMATTAM,MANDAL,25947,5820.03,5529.02,1239.6,22.41988635,safe
ANDHRA PRADESH,Y.S.R KADAPA,CHAKNAYAPET,MANDAL,25958,2271.69,2158.12,1228.13,56.90740089,safe
ANDHRA PRADESH,Y.S.R KADAPA,CHAPAD,MANDAL,12625,3781.07,3591.99,750.96,20.906517,safe
ANDHRA PRADESH,Y.S.R KADAPA,CHENNUR,MANDAL,13944,1560.8,1482.77,461.07,31.09517997,safe
ANDHRA PRADESH,Y.S.R KADAPA,CHINTHA KOMMADINNE,MANDAL,40634,2696.74,2561.91,697.56,27.22812277,safe
ANDHRA PRADESH,Y.S.R KADAPA,CUDDAPAH MANDAL,MANDAL,9179,643.17,611.01,307.88,50.38870068,safe
ANDHRA PRADESH,Y.S.R KADAPA,DUVVUR,MANDAL,23886,3309.07,3143.6,1185.5,37.71154091,safe
ANDHRA PRADESH,Y.S.R KADAPA,GOPAVARAM,MANDAL,14473,1617.18,1536.32,382.65,24.90692043,safe
ANDHRA PRADESH,Y.S.R KADAPA,JAMMALAMADUGU,MANDAL,28082,2618.21,2487.3,656.54,26.39569011,safe
ANDHRA PRADESH,Y.S.R KADAPA,KALASAPADU,MANDAL,39341,5423.84,5152.65,1398.54,27.14215016,safe
ANDHRA PRADESH,Y.S.R KADAPA,KAMALAPURAM,MANDAL,18442,2958.07,2810.11,1309.76,46.60885161,safe
ANDHRA PRADESH,Y.S.R KADAPA,KHAJIPET,MANDAL,23956,3731.33,3544.78,1087.71,30.68483799,safe
ANDHRA PRADESH,Y.S.R KADAPA,KONDAPURAM,MANDAL,36676,2838.77,2696.81,1491.26,55.29718445,safe
ANDHRA PRADESH,Y.S.R KADAPA,LINGALA,MANDAL,27594,2470.08,2346.56,1407.85,59.99633506,safe
ANDHRA PRADESH,Y.S.R KADAPA,MUDDANUR,MANDAL,29562,2280.94,2166.9,761.08,35.12298676,safe
ANDHRA PRADESH,Y.S.R KADAPA,MYLAVARAM,MANDAL,37715,3004.55,2854.29,809,28.34330079,safe
ANDHRA PRADESH,Y.S.R KADAPA,PEDDAMUDIUM,MANDAL,29724,3967.38,3769.02,405.83,10.76752047,safe
ANDHRA PRADESH,Y.S.R KADAPA,PENDLIMARRI,MANDAL,45290,3005.09,2854.79,1155.02,40.459018,safe
ANDHRA PRADESH,Y.S.R KADAPA,PORUMAMILLA,MANDAL,23092,3547.8,3370.41,1452.68,43.10098771,safe
ANDHRA PRADESH,Y.S.R KADAPA,PRODDUTUR,MANDAL,17754.992,2873.61,2729.91,1042.32,38.18147851,safe
ANDHRA PRADESH,Y.S.R KADAPA,PULIVENDLA,MANDAL,16207,1183.92,1124.71,1149.8,102.2307973,Over-Exploited
ANDHRA PRADESH,Y.S.R KADAPA,RAJU PALEM,MANDAL,19769,3563.68,3385.49,406.13,11.99619553,safe
ANDHRA PRADESH,Y.S.R KADAPA,S MYDUKUR,MANDAL,38554,2813.58,2672.91,1459.05,54.58657418,safe
ANDHRA PRADESH,Y.S.R KADAPA,SIDHOUT,MANDAL,17695,2687.96,2553.56,1194.44,46.77548207,safe
ANDHRA PRADESH,Y.S.R KADAPA,SIMHADRIPURAM,MANDAL,28781,7288.8,6924.35,1758.56,25.39675204,safe
ANDHRA PRADESH,Y.S.R KADAPA,SRI AVADHUTHA KASINAYANA,MANDAL,29971,3164.15,3005.94,1149.33,38.23529412,safe
ANDHRA PRADESH,Y.S.R KADAPA,THANDUR,MANDAL,23850,5869.39,5575.92,1046.54,18.76892064,safe
ANDHRA PRADESH,Y.S.R KADAPA,VALLUR,MANDAL,14448,2022.86,1921.73,820.85,42.71411697,safe
ANDHRA PRADESH,Y.S.R KADAPA,VEERAPUNAYUNIPALLE,MANDAL,28807,2163.61,2055.41,749.08,36.44431038,safe
ANDHRA PRADESH,Y.S.R KADAPA,VEMPALLE,MANDAL,17221,1480.57,1406.53,584.66,41.56754566,safe
ANDHRA PRADESH,Y.S.R KADAPA,VEMULA,MANDAL,23086,1642.51,1560.38,1277.13,81.84737051,Semi-Critical
ANDHRA PRADESH,Y.S.R KADAPA,VONTIMITTA,MANDAL,25092,2547.31,2419.97,790.79,32.67767782,safe
ANDHRA PRADESH,Y.S.R KADAPA,YERRAGUNTLA,MANDAL,23763,2692.45,2557.84,663.08,25.9234354,safe
ARUNACHAL PRADESH,CHANGLANG,Bordumsa,BLOCK,8549.667039,14505.79,13055.21,96.85,0.741849423,safe
ARUNACHAL PRADESH,CHANGLANG,Changlang,BLOCK,3136.686196,12028.44,10825.6,29.2,0.269731008,safe
ARUNACHAL PRADESH,CHANGLANG,Diyun,BLOCK,7622.611554,14085.04,12676.54,89.26,0.704135356,safe
ARUNACHAL PRADESH,CHANGLANG,Khagam,BLOCK,25855.19466,22424.97,20182.47,86.51,0.428639309,safe
ARUNACHAL PRADESH,CHANGLANG,Nampong,BLOCK,7835.840552,14176.67,12759.01,29.86,0.234030697,safe
ARUNACHAL PRADESH,EAST KAMENG,Chayangtajo,BLOCK,6361.999932,4387.66,3948.89,50.19,1.270990076,safe
ARUNACHAL PRADESH,EAST KAMENG,Pakke-Kessang,BLOCK,6151.327723,2326.08,2093.47,30.77,1.4698085,safe
ARUNACHAL PRADESH,EAST KAMENG,Seijosa,BLOCK,14737.33826,5563.45,5007.11,53.91,1.076668977,safe
ARUNACHAL PRADESH,EAST KAMENG,Seppa,BLOCK,3999.334089,3496.71,3147.04,45.22,1.436905791,safe
ARUNACHAL PRADESH,EAST SIANG,Mebo,BLOCK,50854.24549,38271.9,34444.71,63.75,0.185079218,safe
ARUNACHAL PRADESH,EAST SIANG,Pasighat,BLOCK,21043.19952,17583.62,16493.69,66.72,0.404518334,safe
ARUNACHAL PRADESH,EAST SIANG,Ramle Bango,BLOCK,9317.148475,9593.59,8434.36,46.81,0.554991724,safe
ARUNACHAL PRADESH,EAST SIANG,Ruksin,BLOCK,28885.40651,19854.82,17101.53,63.65,0.372188921,safe
ARUNACHAL PRADESH,LOHIT,Chongkham,BLOCK,66920.49666,36930.32,33233.13,66.1,0.198897907,safe
ARUNACHAL PRADESH,LOHIT,Lekang_Mahadevpur,BLOCK,10620.01198,7171.05,6426.8,90.59,1.409566192,safe
ARUNACHAL PRADESH,LOHIT,Namsai,BLOCK,35190.68973,18931.92,17736.41,131.39,0.740792528,safe
ARUNACHAL PRADESH,LOHIT,Tezu,BLOCK,58688.00954,32579.87,29321.88,45.84,0.156333769,safe
ARUNACHAL PRADESH,LOHIT,Wakro,BLOCK,28580.79209,16666.09,14999.48,38.73,0.258208951,safe
ARUNACHAL PRADESH,LOWER DIBANG VALLEY,Dambuk,BLOCK,45289.89354,33659.9,30293.91,66.07,0.218096641,safe
ARUNACHAL PRADESH,LOWER DIBANG VALLEY,Roing-Koronu,BLOCK,74710.10646,51819.52,46637.57,79.98,0.17149264,safe
ARUNACHAL PRADESH,LOWER SUBANSIRI,Tame Raga,BLOCK,2267.609954,1344.74,1044.61,17.45,1.670479892,safe
ARUNACHAL PRADESH,LOWER SUBANSIRI,Yachuli,BLOCK,4094.291109,1937.35,1743.61,41.11,2.35775202,safe
ARUNACHAL PRADESH,LOWER SUBANSIRI,Ziro I,BLOCK,3773.098937,1813.97,1632.57,39.9,2.443999338,safe
ARUNACHAL PRADESH,PAPUM PARE,Balijan,BLOCK,3562.669921,5386.43,4684.39,47.09,1.005253619,safe
ARUNACHAL PRADESH,PAPUM PARE,Doimukh,BLOCK,7651.944492,7786.94,5926.76,124.89,2.107222158,safe
ARUNACHAL PRADESH,PAPUM PARE,Kimin,BLOCK,2814.142673,4943.78,3208.5,30.96,0.964936886,safe
ARUNACHAL PRADESH,PAPUM PARE,Sagalee,BLOCK,3790.242913,5520.07,4941.22,29.31,0.593173346,safe
ARUNACHAL PRADESH,TIRAP,Kanubari,BLOCK,2410.768078,1577.57,1419.81,16.61,1.169874842,safe
ARUNACHAL PRADESH,TIRAP,Khonsa,BLOCK,3498.868722,2239.33,2015.4,10.72,0.531904337,safe
ARUNACHAL PRADESH,TIRAP,Namsang,BLOCK,4658.754746,2944.77,2650.3,16.96,0.639927555,safe
ARUNACHAL PRADESH,TIRAP,Niausa,BLOCK,1931.608455,1283.59,1155.23,20.63,1.785791574,safe
ARUNACHAL PRADESH,UPPER SUBANSIRI,Daporijo,BLOCK,320.33,7095.09,6385.58,11.83,0.185261167,safe
ARUNACHAL PRADESH,UPPER SUBANSIRI,Dumporijo,BLOCK,379.67,7112.56,6401.31,11.04,0.172464699,safe
ARUNACHAL PRADESH,WEST KAMENG,Dirang,BLOCK,1367.982993,3831.71,3448.54,5.72,0.165867295,safe
ARUNACHAL PRADESH,WEST KAMENG,Kalaktang,BLOCK,1648.485406,3955.67,3560.1,0.79,0.022190388,safe
ARUNACHAL PRADESH,WEST KAMENG,Nafra,BLOCK,1160.543726,3739.65,3365.68,2.75,0.081707114,safe
ARUNACHAL PRADESH,WEST KAMENG,Singchung,BLOCK,583.463443,3483.04,3134.73,3.15,0.100487123,safe
ARUNACHAL PRADESH,WEST KAMENG,Thrizino,BLOCK,1414.524432,3852.88,3467.59,3.5,0.100934655,safe
ARUNACHAL PRADESH,WEST SIANG,Basar,BLOCK,2676.416243,4842.63,4358.37,14.42,0.330857637,safe
ARUNACHAL PRADESH,WEST SIANG,Darak,BLOCK,1566.22595,4267.19,3840.47,0.16,0.004166157,safe
ARUNACHAL PRADESH,WEST SIANG,Likabali,BLOCK,2980.456445,4996.41,4496.76,12.28,0.27308551,safe
ARUNACHAL PRADESH,WEST SIANG,Rumgong,BLOCK,3235.901362,5123.18,4610.86,0.16,0.003470068,safe
ASSAM,BAKSA,BAKSA,BLOCK,29335.79,24398.71,21447.84,552.43,2.575690606,safe
ASSAM,BAKSA,BARAMA,BLOCK,9794.92,5718.86,4999.24,210.74,4.215440747,safe
ASSAM,BAKSA,DHAMDHAMA,BLOCK,17875.73,14831.12,13318.59,359.27,2.697507769,safe
ASSAM,BAKSA,GOBARDHANA (PART),BLOCK,38689.93,22398.35,20158.52,694.36,3.444498902,safe
ASSAM,BAKSA,GORESWAR,BLOCK,32837.47,19010.19,16669.89,674.9,4.048616997,safe
ASSAM,BAKSA,JALAH,BLOCK,56271.82,34255.09,30714.49,857.37,2.791418643,safe
ASSAM,BAKSA,NAGRIJULI,BLOCK,21475.36,15827.47,14109.57,422.05,2.991232192,safe
ASSAM,BAKSA,TAMULPUR,BLOCK,34282.22,19846.86,16872.48,677.5,4.01541445,safe
ASSAM,BAKSA,TIHU (PART),BLOCK,636.67,368.56,326.5,9.21,2.820826953,safe
ASSAM,BAKSA,TIHU-BARAMA,BLOCK,3673.1,2126.58,1863.75,77.12,4.137894031,safe
ASSAM,BARPETA,BAJALI,BLOCK,15893.85,6285.41,3702.87,1843.38,49.78246603,safe
ASSAM,BARPETA,BARPETA,BLOCK,20435,8294.81,7465.33,2747.67,36.80574067,safe
ASSAM,BARPETA,BHABANIPUR,BLOCK,29517.15,11951.55,8565.72,3767.93,43.98847966,safe
ASSAM,BARPETA,CHAKCHAKA (PART),BLOCK,6812,2867.4,2580.66,977.31,37.87054474,safe
ASSAM,BARPETA,CHENGA,BLOCK,20435,8181.93,7363.74,2342.75,31.81467569,safe
ASSAM,BARPETA,GOBARDHANA (PART),BLOCK,4541.1,1840.06,1656.05,716.41,43.26016727,safe
ASSAM,BARPETA,GOMAPHULBARI,BLOCK,15894,6413.96,5772.56,1936.72,33.55045249,safe
ASSAM,BARPETA,JALAH (PART),BLOCK,13623.3,4998.85,4200.58,1565.26,37.2629494,safe
ASSAM,BARPETA,MANDIA,BLOCK,61305,24795.45,22315.9,7386.32,33.09891154,safe
ASSAM,BARPETA,PAKABETBARI,BLOCK,11353,4544.06,4086.92,1452.02,35.52846642,safe
ASSAM,BARPETA,RUPOSHI,BLOCK,15893.85,6385.99,5747.39,2056.05,35.77362942,safe
ASSAM,BARPETA,SARUKHETRI,BLOCK,11353,4601.17,4141.05,1518.49,36.66920226,safe
ASSAM,BONGAIGAON,BOITAMARI,BLOCK,30842.36559,18612.04,16694.72,3516.3,21.06234786,safe
ASSAM,BONGAIGAON,DANGTOL,BLOCK,18753.964,9774,7345.19,2513.14,34.21477184,safe
ASSAM,BONGAIGAON,MANIKPUR (PART),BLOCK,16039.40319,8216.45,5830.74,1796.56,30.81186951,safe
ASSAM,BONGAIGAON,SRIJANGRAM,BLOCK,21258.60183,10975.32,9093.53,2466.76,27.12653942,safe
ASSAM,BONGAIGAON,TAPATTARY,BLOCK,12835.66539,6598.23,5569.63,1514.98,27.20072967,safe
ASSAM,CACHAR,BARJALENGA,BLOCK,17850.28,5808.54,2725.44,84.91,3.115460256,safe
ASSAM,CACHAR,BASKANDI,BLOCK,8200.74,2668.49,924.92,53.34,5.766985253,safe
ASSAM,CACHAR,BINNAKANDI,BLOCK,24602.22,8168.94,3008.44,64.59,2.146959886,safe
ASSAM,CACHAR,BORKHOLA,BLOCK,21868.64,7193.86,2049.32,115.06,5.614545313,safe
ASSAM,CACHAR,KALAIN,BLOCK,21868.64,6328.38,4770.41,138.83,2.910232035,safe
ASSAM,CACHAR,KATIGORAH,BLOCK,13121.18,4271.59,2706.97,91.77,3.390137312,safe
ASSAM,CACHAR,LAKHIPUR,BLOCK,10934.32,3568.36,1339.71,44.02,3.28578573,safe
ASSAM,CACHAR,NARSINGPUR,BLOCK,36684.64,11996.9,5209.5,151.82,2.914291199,safe
ASSAM,CACHAR,PALONGHAT,BLOCK,12601.8,4100.92,1230.77,76.02,6.17662114,safe
ASSAM,CACHAR,RAJABAZAR,BLOCK,36876,12065.16,6009.65,86.66,1.442014094,safe
ASSAM,CACHAR,SALCHAPRA,BLOCK,7927.38,2579.78,1020.86,67.59,6.620888271,safe
ASSAM,CACHAR,SILCHAR,BLOCK,7544.68,2451.3,1239.86,128.27,10.34552288,safe
ASSAM,CACHAR,SONAI,BLOCK,15034.69,4887.81,1719.56,126.96,7.383284096,safe
ASSAM,CACHAR,TAPANG,BLOCK,14351.3,4682.28,2431.43,53.35,2.194182025,safe
ASSAM,CACHAR,UDARBOND,BLOCK,23891.49,9153.93,5233.83,140,2.674905375,safe
ASSAM,CHIRANG,BOROBAZAR,BLOCK,85060.6,48470.26,43104.17,998.76,2.317084403,safe
ASSAM,CHIRANG,CHAKCHAKA (PART),BLOCK,460.32,261.1,230.21,18.22,7.914512836,safe
ASSAM,CHIRANG,GOBARDHANA (PART),BLOCK,124.71,70.73,62.27,4.46,7.162357476,safe
ASSAM,CHIRANG,MANIKPUR (PART),BLOCK,9589.7,5463.77,4680.45,214.45,4.581824397,safe
ASSAM,CHIRANG,SIDLI-CHIRANG (PART),BLOCK,96558.67,55760.32,49174.95,1224.51,2.490109293,safe
ASSAM,DARRANG,BECHIMARI,BLOCK,12612.3,4494.74,4045.27,1586.95,39.22976711,safe
ASSAM,DARRANG,DALGAON-SIALMARI,BLOCK,35314.5,12524.48,11272.03,3874.78,34.37517466,safe
ASSAM,DARRANG,KALAIGAON (PT),BLOCK,11035.8,3959.33,3563.4,1240.49,34.81197733,safe
ASSAM,DARRANG,KHOIRABARI (PT),BLOCK,1576.5,559.13,503.21,174.27,34.63166471,safe
ASSAM,DARRANG,PACHIM-MANGALDAI,BLOCK,22071.6,7026.98,6664.97,2426.71,36.40991632,safe
ASSAM,DARRANG,PUB MANGOLDOI,BLOCK,27116.5,9615.99,8654.39,3082.27,35.61510401,safe
ASSAM,DARRANG,SIPAJHAR_PART,BLOCK,47926.8,17691.82,15700.64,5271.08,33.57238941,safe
ASSAM,DHEMAJI,BORDOLONI,BLOCK,51685.58,22126.34,12198.5,842.21,6.904209534,safe
ASSAM,DHEMAJI,DHEMAJI,BLOCK,46737.63,19999.24,12562.07,776,6.177325871,safe
ASSAM,DHEMAJI,MACHKHOWA,BLOCK,18184.5,9156.02,6570.94,104.38,1.588509407,safe
ASSAM,DHEMAJI,MURKONGSELEK,BLOCK,104789.37,44839.71,31737.03,1414.64,4.457379912,safe
ASSAM,DHEMAJI,SISIBORGAON,BLOCK,93758.91,40119.83,27329.96,1445.55,5.289250332,safe
ASSAM,DHUBRI,AGAMONI,BLOCK,15007.44,8105.8,7295.22,2057.94,28.20943028,safe
ASSAM,DHUBRI,BILASIPARA (PART),BLOCK,12649.13,6800.02,6050.1,1670.4,27.609461,safe
ASSAM,DHUBRI,BIRSHINGJARUA,BLOCK,42599.69,22351.49,19907.37,4939.68,24.81332291,safe
ASSAM,DHUBRI,CHAPAR-SALKOCHA (PART),BLOCK,26156.51,12037.33,10748.75,3340.68,31.07970694,safe
ASSAM,DHUBRI,DEBITOLA (PART),BLOCK,5638.51,3024.61,2873.38,794.64,27.6552353,safe
ASSAM,DHUBRI,FEKAMARI,BLOCK,15650.62,8214.13,7270.76,2098.28,28.8591564,safe
ASSAM,DHUBRI,GAURIPUR,BLOCK,17151.36,7863.47,7017.79,2608.73,37.17309865,safe
ASSAM,DHUBRI,GOLAKGANJ (PART),BLOCK,12220,6646.67,5942.38,1575.16,26.50722438,safe
ASSAM,DHUBRI,HATIDHURA (PART),BLOCK,7503.72,3667.1,3300.39,956.38,28.97778747,safe
ASSAM,DHUBRI,JAMADARHAT,BLOCK,6431.76,3145.24,2830.72,893.89,31.57818506,safe
ASSAM,DHUBRI,MAHAMAYA (PART),BLOCK,11791.56,6225.2,5602.68,1523.68,27.19555641,safe
ASSAM,DHUBRI,MANKACHAR,BLOCK,9218.86,4855.85,4370.27,1445.65,33.0791919,safe
ASSAM,DHUBRI,NAYERALGA,BLOCK,7289.33,3561.98,3205.78,1025.8,31.99845279,safe
ASSAM,DHUBRI,RUPSI (PART),BLOCK,12220,6672.75,5852.06,1607.56,27.46998493,safe
ASSAM,DHUBRI,SOUTH SALMARA,BLOCK,12863.52,6737.74,6063.97,1643.17,27.09726466,safe
ASSAM,DIBRUGARH,BARBARUAH,BLOCK,60243.84,28683.57,24822.01,1388.04,5.591972608,safe
ASSAM,DIBRUGARH,JOYPUR,BLOCK,43509.44,18114.46,13979.93,1152.43,8.243460447,safe
ASSAM,DIBRUGARH,KHOWANG,BLOCK,43509.44,20718.16,16958.46,1076.36,6.347038587,safe
ASSAM,DIBRUGARH,LAHOAL,BLOCK,90365.76,36614.69,31328.73,2104.56,6.717667777,safe
ASSAM,DIBRUGARH,PANITOLA,BLOCK,20081.28,9569.25,8419.17,625.69,7.431730206,safe
ASSAM,DIBRUGARH,TENGAKHAT,BLOCK,36815.68,17508.28,14641.87,1045.3,7.139115427,safe
ASSAM,DIBRUGARH,TINGKHONG,BLOCK,40162.56,19103.67,14625.35,985.38,6.737479787,safe
ASSAM,DIMA HASAO,DIYUNG VALLEY,BLOCK,74976,20148.6,18133.74,169.33,0.933784206,safe
ASSAM,DIMA HASAO,DIYUNGBRA,BLOCK,60918,16355.55,14720,78.82,0.535461957,safe
ASSAM,DIMA HASAO,HARANGAJAO,BLOCK,37488,10078.21,9070.39,143.19,1.578653178,safe
ASSAM,DIMA HASAO,JATINGA VALLEY,BLOCK,9372,2536.34,2282.71,91.41,4.00445085,safe
ASSAM,DIMA HASAO,NEW SANGBAR,BLOCK,51546,13840.58,12456.52,88.04,0.706778458,safe
ASSAM,GOALPARA,BALIJANA,BLOCK,22357.79,10333.15,8237.17,1882.07,22.84850258,safe
ASSAM,GOALPARA,JALESWAR,BLOCK,22357.79,11100.41,8055.46,1674.97,20.79297768,safe
ASSAM,GOALPARA,KHARMUZA,BLOCK,17198.3,8324.26,5845.77,1191.14,20.37610101,safe
ASSAM,GOALPARA,KRISHNAI,BLOCK,20637.96,8512.92,5307.71,1579.41,29.75690081,safe
ASSAM,GOALPARA,KUCHDHOWA,BLOCK,18918.13,8840.86,6552.14,1294.78,19.76117726,safe
ASSAM,GOALPARA,LAKHIPUR,BLOCK,24077.62,11673.56,7993.88,1569.01,19.62764014,safe
ASSAM,GOALPARA,MATIA,BLOCK,22357.79,10808.85,8379.47,1598.21,19.07292466,safe
ASSAM,GOALPARA,RONGJULI,BLOCK,24077.62,11545.83,8284.13,1634.84,19.73460098,safe
ASSAM,GOLAGHAT,GAMARIGURI,BLOCK,30567,9846.89,8861.69,553.81,6.249485143,safe
ASSAM,GOLAGHAT,GOLAGHAT CENTRAL,BLOCK,26842,8447.22,7509.55,541.72,7.213747828,safe
ASSAM,GOLAGHAT,GOLAGHAT EAST,BLOCK,38330,12103.52,10453.54,605.49,5.792200537,safe
ASSAM,GOLAGHAT,GOLAGHAT NORTH,BLOCK,12881,4137.86,3721.41,230.17,6.185021269,safe
ASSAM,GOLAGHAT,GOLAGHAT SOUTH,BLOCK,87000,27454.76,24709.28,1381.38,5.590531169,safe
ASSAM,GOLAGHAT,GOLAGHAT WEST,BLOCK,107749,33681.64,29447.82,1669.88,5.670640475,safe
ASSAM,GOLAGHAT,KAKODONGA,BLOCK,10375,3258.75,2932.88,255.19,8.701003791,safe
ASSAM,GOLAGHAT,MORONGI,BLOCK,34396,10679,9359.45,698.83,7.466571219,safe
ASSAM,HAILAKANDI,ALGAPUR,BLOCK,14802,4232.35,3562,97.07,2.725154408,safe
ASSAM,HAILAKANDI,HAILAKANDI,BLOCK,15852,4571.59,3019.17,133.46,4.420420182,safe
ASSAM,HAILAKANDI,KATLICHERRA,BLOCK,35484,10163.54,5410.15,58.59,1.082964428,safe
ASSAM,HAILAKANDI,LALA,BLOCK,15747,4600.85,2858.17,162.29,5.67810872,safe
ASSAM,HAILAKANDI,SOUTH HAILAKANDI,BLOCK,23096,6855.22,6026.48,80.86,1.341745098,safe
ASSAM,JORHAT,JORHAT,BLOCK,29198,12154.63,4286.59,1076.1,25.10387044,safe
ASSAM,JORHAT,JORHAT CENTRAL,BLOCK,22353,7863.18,2401.27,559.74,23.31016504,safe
ASSAM,JORHAT,JORHAT EAST,BLOCK,19028,13091.48,9124.8,527.72,5.783359635,safe
ASSAM,JORHAT,KALIAPANI,BLOCK,22073,9130.41,3871.45,540.18,13.9529117,safe
ASSAM,JORHAT,MAJULI,BLOCK,78234,31980.32,12335.11,1727.58,14.00538787,safe
ASSAM,JORHAT,NORTH WEST JORHAT,BLOCK,26711,12430.75,5305.15,699.92,13.19321791,safe
ASSAM,JORHAT,TITABOR,BLOCK,40179,24963.76,12299.68,1067.16,8.676323286,safe
ASSAM,JORHAT,UJANI MAJULI,BLOCK,41632,16852.93,6829.94,922.61,13.50831779,safe
ASSAM,KAMRUP,BEZERA (PART),BLOCK,11115,3260.37,2934.33,1270.56,43.29983335,safe
ASSAM,KAMRUP,BIHDIYA JAJIKONA,BLOCK,12625,4488.49,3338.55,1076.67,32.24962933,safe
ASSAM,KAMRUP,BOKO,BLOCK,39191,15749.86,10479.23,3512.72,33.52078349,safe
ASSAM,KAMRUP,BONGAON,BLOCK,13567,4658.15,3644.29,1863.83,51.14384421,safe
ASSAM,KAMRUP,CHAMARIA,BLOCK,31037,10670.11,8267.82,2413.49,29.19137088,safe
ASSAM,KAMRUP,CHAYANI BARDUAR,BLOCK,23856,11213.47,9738.07,2220.59,22.80318379,safe
ASSAM,KAMRUP,CHAYGAON,BLOCK,14468,4933.14,4426.71,1175.03,26.54409257,safe
ASSAM,KAMRUP,GOROIMARI,BLOCK,15329,5189.23,4492.67,1243.88,27.68687662,safe
ASSAM,KAMRUP,HAJO,BLOCK,25408,8604.42,5949.87,2084.59,35.03589154,safe
ASSAM,KAMRUP,KAMALPUR,BLOCK,13379,4838.24,2937.89,1163.16,39.59167974,safe
ASSAM,KAMRUP,RAMPUR,BLOCK,15781,5347.61,4797.74,1312.92,27.36538454,safe
ASSAM,KAMRUP,RANGIA,BLOCK,18268,7673.75,6906.37,1515.09,21.93757357,safe
ASSAM,KAMRUP,RANI (PART),BLOCK,15966,8181.76,6959.14,2092.98,30.07526792,safe
ASSAM,KAMRUP,SUALKUCHI,BLOCK,13034,4432.28,1825.33,1023.45,56.06931349,safe
ASSAM,KAMRUP (M) RURAL,CHANDRAPUR,BLOCK,13761,7169.45,5961.38,577.09,9.680476668,safe
ASSAM,KAMRUP (M) RURAL,DIMORIA,BLOCK,24770,13501.97,9776.94,1188.07,12.15175709,safe
ASSAM,KAMRUP (M) RURAL,RANI (PART),BLOCK,7339,2927.12,2492.44,272.54,10.93466643,safe
ASSAM,KAMRUP (M) URBAN,KAMRUP (M) URBAN,BLOCK,20042,5676.84,4146.65,3222.67,77.71743456,semi_critical
ASSAM,KARBI ANGLONG,AMRI,BLOCK,19683,3918.28,3526.45,145.22,4.118022374,safe
ASSAM,KARBI ANGLONG,BOKAJAN,BLOCK,107271,24624.47,21302.47,484.34,2.273633058,safe
ASSAM,KARBI ANGLONG,CHINTHONG,BLOCK,32805,6522.67,5870.41,188.26,3.206931032,safe
ASSAM,KARBI ANGLONG,HOWRAGHAT,BLOCK,31492,6238.24,1157.95,310.06,26.77663112,safe
ASSAM,KARBI ANGLONG,LANGSOMEPI,BLOCK,32805,5485.26,3949.44,166.13,4.206419138,safe
ASSAM,KARBI ANGLONG,LUMBAJONG,BLOCK,131218,26004.09,23342.61,467.77,2.003931865,safe
ASSAM,KARBI ANGLONG,NILIP,BLOCK,44942,8937.93,8044.13,209.66,2.606372597,safe
ASSAM,KARBI ANGLONG,RONGKHANG,BLOCK,45926,9114.26,8134.89,412.73,5.073578131,safe
ASSAM,KARBI ANGLONG,RONGMONGWAY,BLOCK,45926,9135.15,6958.37,180.01,2.586956428,safe
ASSAM,KARBI ANGLONG,SAMELANGSO,BLOCK,52487,10423.65,4158.93,228.98,5.505743064,safe
ASSAM,KARBI ANGLONG,SOCHENG,BLOCK,111535,22106.95,19896.25,192.61,0.968071873,safe
ASSAM,KARIMGANJ,BADARPUR,BLOCK,14418,5303.46,2108.96,181.43,8.602818451,safe
ASSAM,KARIMGANJ,DULLAVCHERRA,BLOCK,42750,15794.47,9496.6,203.57,2.143609292,safe
ASSAM,KARIMGANJ,LOWAIRPOA,BLOCK,40236,14811.39,10663.74,173.47,1.626727583,safe
ASSAM,KARIMGANJ,NORTH KARIMGANJ,BLOCK,11400,4193.11,3773.8,162.76,4.312894165,safe
ASSAM,KARIMGANJ,PATHARKANDI,BLOCK,21124,7774.76,2351.34,211.45,8.992744563,safe
ASSAM,KARIMGANJ,RAMKRISHNA NAGAR,BLOCK,17938,6599.54,2619.68,129.02,4.925029011,safe
ASSAM,KARIMGANJ,SOUTH KARIMGANJ,BLOCK,19782,7270.54,1608.5,329.96,20.51352191,safe
ASSAM,KOKRAJHAR,BILASIPARA (PART),BLOCK,1308,717.12,645.41,34.81,5.393470817,safe
ASSAM,KOKRAJHAR,CHAPAR-SALKOCHA (PART),BLOCK,7620,4180.51,3762.45,217.72,5.786654972,safe
ASSAM,KOKRAJHAR,DEBITOLA (PART),BLOCK,37936,21116.33,18111.98,818.91,4.521372042,safe
ASSAM,KOKRAJHAR,DOTOMA,BLOCK,30087,17666.82,15274.28,858.16,5.618333565,safe
ASSAM,KOKRAJHAR,GOLAKGANJ (PART),BLOCK,2191,1219.95,1085.62,48.44,4.461966434,safe
ASSAM,KOKRAJHAR,GOSSAIGAON,BLOCK,27143,15114.73,12938.42,747.86,5.780149354,safe
ASSAM,KOKRAJHAR,HATIDHURA (PART),BLOCK,9157,5099.88,4575.25,254.13,5.554450576,safe
ASSAM,KOKRAJHAR,KACHUGAON,BLOCK,98436,54807.2,46546.07,2265.96,4.868209067,safe
ASSAM,KOKRAJHAR,KOKRAJHAR,BLOCK,99744,55797.36,49679.66,2438.34,4.908125378,safe
ASSAM,KOKRAJHAR,MAHAMAYA (PART),BLOCK,654,358.48,310.13,75.17,24.23822268,safe
ASSAM,KOKRAJHAR,RUPSI (PART),BLOCK,12754,7097.72,5915.06,290.88,4.917617066,safe
ASSAM,LAKHIMPUR,BIHPURIA,BLOCK,13046,6413.07,4206.71,557.96,13.26357177,safe
ASSAM,LAKHIMPUR,BOGINADI,BLOCK,36214,17811.83,9288.78,994.35,10.70485037,safe
ASSAM,LAKHIMPUR,DHAKUAKHANA,BLOCK,26992,15655.15,11474.51,780.39,6.80107473,safe
ASSAM,LAKHIMPUR,GHILAMARA,BLOCK,26767,15523.62,11771.46,683.26,5.804377707,safe
ASSAM,LAKHIMPUR,KARUNABARI,BLOCK,20244,9948.19,5758.52,763.64,13.26104624,safe
ASSAM,LAKHIMPUR,LAKHIMPUR,BLOCK,22492,13048.37,7217.63,838.26,11.61406168,safe
ASSAM,LAKHIMPUR,NARAYANPUR,BLOCK,30815,15148.14,7907.24,896.3,11.33518143,safe
ASSAM,LAKHIMPUR,NOWBOICHA,BLOCK,22493,13042.77,6907.73,705.74,10.21667031,safe
ASSAM,LAKHIMPUR,TELAHI,BLOCK,25867,12715.71,7406.01,670.79,9.057373674,safe
ASSAM,MORIGAON,BATADRABA (PART),BLOCK,596,202.18,124.76,71.21,57.07758897,safe
ASSAM,MORIGAON,BHURBANDHA,BLOCK,27279,8406.25,5319.61,2333.89,43.87332906,safe
ASSAM,MORIGAON,DULONGGHAT (PART),BLOCK,7155,2423.17,1262.52,594.06,47.05351202,safe
ASSAM,MORIGAON,KAPILI (PART),BLOCK,5366,1941.49,1166.54,481.4,41.2673376,safe
ASSAM,MORIGAON,LAHARIGHAT,BLOCK,36968,15478.4,12579.3,3164.06,25.15290994,safe
ASSAM,MORIGAON,MAIRABARI (PART),BLOCK,11180,3603.66,3306.93,1081.65,32.7085847,safe
ASSAM,MORIGAON,MAYANG,BLOCK,60522,21676.78,19179.3,5380.22,28.05222297,safe
ASSAM,NAGAON,BAJIAGAON,BLOCK,17735,6038.53,3309.94,1280.8,38.69556548,safe
ASSAM,NAGAON,BARHAMPUR,BLOCK,15848,4748.81,2283.92,1231.42,53.91694981,safe
ASSAM,NAGAON,BATADRABA (PART),BLOCK,11320,7402.58,5193.36,850.43,16.37533312,safe
ASSAM,NAGAON,BINNAKANDI,BLOCK,18867,6680.03,4488.67,1941.78,43.25958469,safe
ASSAM,NAGAON,DHAL PUKHURI,BLOCK,29433,10022.01,8623.88,2166.49,25.12198686,safe
ASSAM,NAGAON,DULONGGHAT (PART),BLOCK,6415,12084.93,10083.84,462.01,4.581687135,safe
ASSAM,NAGAON,JUGIJAN,BLOCK,27169,7763.3,4800.98,2030.01,42.28324217,safe
ASSAM,NAGAON,JURIA,BLOCK,15094,5146.69,3128.46,1226.14,39.19308542,safe
ASSAM,NAGAON,KALIABOR,BLOCK,15470,5283.06,3865.58,1233.71,31.91526239,safe
ASSAM,NAGAON,KAPILI (PART),BLOCK,11320,3842.8,2514.07,705.74,28.07161296,safe
ASSAM,NAGAON,KATHIATOLI,BLOCK,34715,12799.03,7529.44,2565.7,34.07557534,safe
ASSAM,NAGAON,KHAGORIJAN,BLOCK,10566,4104.01,3693.61,1091.69,29.55617946,safe
ASSAM,NAGAON,LAOKHOWA,BLOCK,7547,2581.4,1848.47,651.99,35.2718735,safe
ASSAM,NAGAON,LUMDING,BLOCK,63393,21614.27,19137.83,4712.62,24.6246309,safe
ASSAM,NAGAON,MAIRABARI (PART),BLOCK,7547,2154.59,1457.28,585.62,40.18582565,safe
ASSAM,NAGAON,PACHIM-KALIABOR,BLOCK,17358,6124.64,4150.7,1299.58,31.30989954,safe
ASSAM,NAGAON,PAKHIMARIA,BLOCK,7169,2047.92,956.15,522.62,54.65878785,safe
ASSAM,NAGAON,RAHA,BLOCK,26414,9142.42,6020.59,1904.79,31.63792917,safe
ASSAM,NAGAON,RUPAHI,BLOCK,15471,5267.81,2899.75,1120.07,38.62643331,safe
ASSAM,NAGAON,UDALI,BLOCK,18490,6295.65,5627.02,1422.65,25.28247634,safe
ASSAM,NALBARI,BARBHAG,BLOCK,7047,2424.12,2181.71,541.79,24.83327298,safe
ASSAM,NALBARI,BARIGOG BANBHAG,BLOCK,14301,4786.39,4307.75,1078.03,25.02536127,safe
ASSAM,NALBARI,BARKHETRI,BLOCK,37825,12650.76,11385.68,2802.96,24.61829245,safe
ASSAM,NALBARI,MADHUPUR,BLOCK,6943,2330.34,2097.31,519.87,24.78746585,safe
ASSAM,NALBARI,PACHIM NALBARI,BLOCK,13886,4660.92,4194.82,1057.01,25.19798227,safe
ASSAM,NALBARI,PUB NALBARI,BLOCK,12954,4348.03,3913.22,1056.99,27.01074818,safe
ASSAM,NALBARI,TIHU (PART),BLOCK,10674,3582.88,3224.6,829.69,25.73001302,safe
ASSAM,SIBSAGAR,AMGURI,BLOCK,13725,5894.65,5305.18,206.88,3.899584934,safe
ASSAM,SIBSAGAR,DEMOW,BLOCK,58710,21563.95,14755.8,877.41,5.946204204,safe
ASSAM,SIBSAGAR,GOURISAGAR,BLOCK,31841,11735.31,9597.34,572.53,5.965507109,safe
ASSAM,SIBSAGAR,LAKWA,BLOCK,9256,3941.79,3547.61,182.93,5.156429258,safe
ASSAM,SIBSAGAR,NAZIRA,BLOCK,23801,10181.84,9152.3,437.57,4.780984015,safe
ASSAM,SIBSAGAR,PACHIM ABHYAPURI,BLOCK,24938,10620.44,9558.4,423.6,4.431704051,safe
ASSAM,SIBSAGAR,SAPEKHATI,BLOCK,40014,17286.17,16219.52,662.29,4.083289764,safe
ASSAM,SIBSAGAR,SIBSAGAR,BLOCK,33322,14313.34,12069.65,682.01,5.650619529,safe
ASSAM,SIBSAGAR,SONARI,BLOCK,28852,12286.69,10914.07,493.08,4.517837983,safe
ASSAM,SONITPUR,BAGHMARA,BLOCK,24327,7400.51,6657.2,612.22,9.19635883,safe
ASSAM,SONITPUR,BALIPARA,BLOCK,33360,9895.63,6539.3,1096.12,16.76203875,safe
ASSAM,SONITPUR,BARCHALA,BLOCK,46190,13703.47,8769.28,1224.81,13.96705317,safe
ASSAM,SONITPUR,BEHALI,BLOCK,35926,10722.12,9029.83,804.13,8.905261782,safe
ASSAM,SONITPUR,BIHAGURI,BLOCK,56455,19749.93,15896.92,1155.39,7.268011665,safe
ASSAM,SONITPUR,BISHAWNATH,BLOCK,21145,9001.1,8100.99,539.41,6.658568891,safe
ASSAM,SONITPUR,CHAIDUAR,BLOCK,51322,15561.85,8224.38,1155.37,14.04811062,safe
ASSAM,SONITPUR,CHATIA,BLOCK,41058,14464.47,12902.09,948.62,7.3524522,safe
ASSAM,SONITPUR,DHEKIAJULI,BLOCK,71440,23271.21,21068.93,1783.31,8.464169751,safe
ASSAM,SONITPUR,GABHARU,BLOCK,47011,13944.97,8851.9,1288.76,14.5591342,safe
ASSAM,SONITPUR,NADUAR,BLOCK,25661,7962.4,6795.43,645.75,9.502709909,safe
ASSAM,SONITPUR,PUB-CHAIDUAR,BLOCK,25661,9231.3,3505.41,714.69,20.38819995,safe
ASSAM,SONITPUR,RANGAPARA,BLOCK,15397,5389.69,4082.69,542.15,13.27923501,safe
ASSAM,SONITPUR,SAKOMATHA,BLOCK,18271,6713.4,6042.06,491.81,8.139773521,safe
ASSAM,TINSUKIA,GUIJAN,BLOCK,33458,11774.16,10328.18,651.76,6.310501947,safe
ASSAM,TINSUKIA,HAPJAN,BLOCK,66879,27813.6,24326.89,1257.49,5.169135882,safe
ASSAM,TINSUKIA,ITAKHULI,BLOCK,18551,7713.29,6908.42,720.13,10.42394643,safe
ASSAM,TINSUKIA,KAKOPATHAR,BLOCK,33235,13602.47,11113.06,880.71,7.924999955,safe
ASSAM,TINSUKIA,MARGHERITA,BLOCK,96954,40369.97,35185.22,1401.79,3.984030795,safe
ASSAM,TINSUKIA,SADIYA,BLOCK,89222,37114.21,25811.58,1072.17,4.153833279,safe
ASSAM,TINSUKIA,SAIKHOWA,BLOCK,33458,13917.69,11212.38,431.36,3.847176068,safe
ASSAM,UDALGURI,BARCHALA,BLOCK,7366.22,2551.38,2296.25,193.53,8.428089276,safe
ASSAM,UDALGURI,BECHIMARI (PART),BLOCK,6145.19,2416.5,2174.85,193.25,8.885670276,safe
ASSAM,UDALGURI,BHERGAON,BLOCK,46038.87,18126.89,15542.35,1418.65,9.127641573,safe
ASSAM,UDALGURI,KALAIGAON (PART),BLOCK,16614.03,4995.5,2231.21,558.45,25.02902013,safe
ASSAM,UDALGURI,KHOIRABARI (PART),BLOCK,8607.27,2981.94,2683.74,274.67,10.23459799,safe
ASSAM,UDALGURI,MAJBAT,BLOCK,39973.75,12771.46,6842.08,1163.73,17.00842434,safe
ASSAM,UDALGURI,PACHIM-MANGALDAI,BLOCK,200.17,69.36,62.43,7.61,12.18965241,safe
ASSAM,UDALGURI,PUB-MANGALDAI (PART),BLOCK,3803.21,1317.59,1185.83,109.93,9.270300127,safe
ASSAM,UDALGURI,ROWTA,BLOCK,11870.02,3650.92,1740.09,428.45,24.62228965,safe
ASSAM,UDALGURI,UDALGURI,BLOCK,59550.28,25316.6,16201.24,1799.61,11.10785347,safe
BIHAR,ARARIA,ARARIA,BLOCK,40097,21558.26,19716.8,3593.99,18.22805932,safe
BIHAR,ARARIA,BHARGAMA,BLOCK,23326,19412.75,17627.44,7131.59,40.45732109,safe
BIHAR,ARARIA,FORBESGANJ,BLOCK,42652,28823.58,26157.68,4931.82,18.85419502,safe
BIHAR,ARARIA,JOKIHAT,BLOCK,27234,10800.86,10075.32,4355.22,43.22661712,safe
BIHAR,ARARIA,KURSAKANTA,BLOCK,16340,6370.1,5733.09,2539.48,44.29513578,safe
BIHAR,ARARIA,NARPATGANJ,BLOCK,38171,23357.22,21021.5,4066.16,19.34286326,safe
BIHAR,ARARIA,PALASI,BLOCK,24787,6889.19,6200.28,3554.18,57.3228951,safe
BIHAR,ARARIA,RANIGANJ,BLOCK,47198,28002.3,25202.07,3822.37,15.16688907,safe
BIHAR,ARARIA,SIKTI,BLOCK,19132,5733.21,5445.57,1782.35,32.73027433,safe
BIHAR,ARWAL,ARWAL,BLOCK,12182,4786.82,4308.13,1464.76,33.99990251,safe
BIHAR,ARWAL,KALER,BLOCK,14083,6402.38,6027.8,2281.64,37.85195262,safe
BIHAR,ARWAL,KARPI,BLOCK,19493,4637.09,4173.38,2246.96,53.84029252,safe
BIHAR,ARWAL,KURTHA,BLOCK,8929,2365.74,2217.48,1386.76,62.53765536,safe
BIHAR,ARWAL,SONBHADRA BANSHI SURYPUR,BLOCK,8996,2487.26,2278.88,843.06,36.99448852,safe
BIHAR,AURANGABAD,AURANGABAD,BLOCK,28687,13280.4,11952.36,2280.64,19.08108524,safe
BIHAR,AURANGABAD,BARUN,BLOCK,31049,16958.63,15262.77,2299.22,15.06423801,safe
BIHAR,AURANGABAD,DAUDNAGAR,BLOCK,19662,9987.9,8989.1,1759.59,19.57470715,safe
BIHAR,AURANGABAD,DEO,BLOCK,20277,9275.5,8435.97,1131.24,13.40972052,safe
BIHAR,AURANGABAD,GOH,BLOCK,30285,13925.46,12532.91,3908.05,31.18230323,safe
BIHAR,AURANGABAD,HASPURA,BLOCK,13678,7298.91,6569.01,2745.59,41.79610017,safe
BIHAR,AURANGABAD,KUTUMBA,BLOCK,25961,12127.3,10914.56,3386.13,31.02397165,safe
BIHAR,AURANGABAD,MADANPUR,BLOCK,26904,11834.38,10650.93,2457.29,23.07113088,safe
BIHAR,AURANGABAD,NABINAGAR,BLOCK,53906,16940.95,15246.86,4092.8,26.84355992,safe
BIHAR,AURANGABAD,OBRA,BLOCK,26502,12543.83,11323.52,2676.97,23.64079368,safe
BIHAR,AURANGABAD,RAFIGANJ,BLOCK,32143,12159.12,10943.21,4123.51,37.68099123,safe
BIHAR,BANKA,AMARPUR,BLOCK,18625,5483.2,4934.88,2627.17,53.2367555,safe
BIHAR,BANKA,BANKA,BLOCK,29962,6284.92,5943.81,1348.14,22.68141142,safe
BIHAR,BANKA,BARAHAT,BLOCK,14728,3856.65,3470.99,1034.72,29.81051516,safe
BIHAR,BANKA,BELHAR,BLOCK,17768,5839.92,5255.92,1338.68,25.46994627,safe
BIHAR,BANKA,BOUNSI,BLOCK,23471,6043.25,5438.92,1260.18,23.16967339,safe
BIHAR,BANKA,CHANDAN,BLOCK,30763,4813.96,4332.57,739.94,17.07854691,safe
BIHAR,BANKA,DHORAIYA,BLOCK,23414,6151.19,5765.91,2568.63,44.54856215,safe
BIHAR,BANKA,FULLIDUMAR,BLOCK,14786,3988.47,3589.62,866.5,24.13904536,safe
BIHAR,BANKA,KATORIYA,BLOCK,56057,12115.61,10904.05,1968.19,18.05008231,safe
BIHAR,BANKA,RAJOUN,BLOCK,19751,5555.45,4999.9,2106.34,42.12764255,safe
BIHAR,BANKA,SHAMBHUGANJ,BLOCK,17975,5121.61,4609.46,2174.82,47.18166553,safe
BIHAR,BEGUSARAI,BACHWARA,BLOCK,14472,4314.85,3883.37,2991.41,77.03128983,Semi-Critical
BIHAR,BEGUSARAI,BAKHRI,BLOCK,7719,2391.12,2152,1214.23,56.42332714,safe
BIHAR,BEGUSARAI,BALIA,BLOCK,14888,4229.85,3806.87,2241.99,58.89326402,safe
BIHAR,BEGUSARAI,BARAUNI,BLOCK,12167,3459.16,3113.25,1998.22,64.18437324,safe
BIHAR,BEGUSARAI,BEGUSARAI,BLOCK,22214,6221.53,5599.38,3104.27,55.43953081,safe
BIHAR,BEGUSARAI,BHAGAWANPUR,BLOCK,11343,3313.5,2982.15,2059.6,69.06426571,safe
BIHAR,BEGUSARAI,BIRPUR,BLOCK,5164,1553.6,1398.24,1149.69,82.2240817,Semi-Critical
BIHAR,BEGUSARAI,CHERIA BARIYARPUR,BLOCK,10387,3134.59,2821.13,1939.32,68.74266695,safe
BIHAR,BEGUSARAI,CHHORAHI,BLOCK,10299,3058.72,2752.85,1827.45,66.38392938,safe
BIHAR,BEGUSARAI,DANDARI,BLOCK,7050,2072.44,1865.2,1073.47,57.55254128,safe
BIHAR,BEGUSARAI,GARHPURA,BLOCK,6135,1661.44,1495.3,582.21,38.93599946,safe
BIHAR,BEGUSARAI,KHUDABANDPUR,BLOCK,4727,1442.66,1298.39,1017.49,78.36551421,Semi-Critical
BIHAR,BEGUSARAI,MANSOORCHAK,BLOCK,4132,1193.71,1074.34,745.2,69.36351621,safe
BIHAR,BEGUSARAI,MATIHANI,BLOCK,17674,5037.5,4533.76,2607.09,57.5039261,safe
BIHAR,BEGUSARAI,NAVKOTHI,BLOCK,5268,1712.23,1541.01,1255.02,81.44139233,Semi-Critical
BIHAR,BEGUSARAI,SAHEBPUR KAMAL,BLOCK,14440,4328.91,3896.02,2639.56,67.75016555,safe
BIHAR,BEGUSARAI,SAMHO-AKHA-KURHA,BLOCK,6578,1786.68,1608.01,580.92,36.126641,safe
BIHAR,BEGUSARAI,TEGHRA,BLOCK,14474,3956.97,3561.28,2190.67,61.51355692,safe
BIHAR,BHAGALPUR,BIHPUR,BLOCK,15208,4419.14,3977.22,2011.86,50.58457918,safe
BIHAR,BHAGALPUR,GAURADIH,BLOCK,13425,4722.28,4250.05,1106.67,26.03898778,safe
BIHAR,BHAGALPUR,GOPALPUR,BLOCK,13257,3662.13,3295.92,1141.25,34.62614384,safe
BIHAR,BHAGALPUR,ISMAILPUR,BLOCK,8269,2265.2,2038.68,516.2,25.3203053,safe
BIHAR,BHAGALPUR,JAGDISHPUR,BLOCK,10993,3524.07,3171.66,1535.34,48.40808914,safe
BIHAR,BHAGALPUR,KAHALGAON,BLOCK,33584,9538.15,8584.34,2511.25,29.25385062,safe
BIHAR,BHAGALPUR,KHARIK,BLOCK,13157,3715.37,3343.83,1451.55,43.40980253,safe
BIHAR,BHAGALPUR,NARAYANPUR,BLOCK,14427,3865.91,3479.32,808,23.22292862,safe
BIHAR,BHAGALPUR,NATHNAGAR,BLOCK,12608,3850.22,3465.2,1909.38,55.10158144,safe
BIHAR,BHAGALPUR,NAUGACHHIA,BLOCK,10670,3219.18,2897.26,1902.22,65.65582654,safe
BIHAR,BHAGALPUR,PIRPAINTY,BLOCK,35006,9445.24,8500.71,2307.93,27.14984984,safe
BIHAR,BHAGALPUR,RANGRA CHOWK,BLOCK,11994,3275.13,2947.62,742.6,25.19320672,safe
BIHAR,BHAGALPUR,SABOUR,BLOCK,11495,3148.06,2833.26,1276.36,45.04916598,safe
BIHAR,BHAGALPUR,SANHOULA,BLOCK,17420,6118.91,5507.01,1839.9,33.41014452,safe
BIHAR,BHAGALPUR,SHAHKUND,BLOCK,16818,6027.61,5424.85,2679.62,49.39528282,safe
BIHAR,BHAGALPUR,SULTANGANJ,BLOCK,21924,6236.18,5612.56,1628.09,29.00797497,safe
BIHAR,BHOJPUR,AGIAON,BLOCK,15599,7053.95,6348.55,2092.09,32.9538241,safe
BIHAR,BHOJPUR,ARA SADAR,BLOCK,18491,5320.79,4788.71,3621.46,75.62495954,Semi-Critical
BIHAR,BHOJPUR,BARHARA,BLOCK,20807,4977.22,4479.48,1809.83,40.40268067,safe
BIHAR,BHOJPUR,BIHIYA,BLOCK,14007,4121.31,3721.9,3074.79,82.61345012,Semi-Critical
BIHAR,BHOJPUR,CHARPOKHRI,BLOCK,10931,6661.24,5995.12,1518.91,25.3357731,safe
BIHAR,BHOJPUR,GARHANI,BLOCK,11201,3478.1,3130.29,1636.6,52.28269585,safe
BIHAR,BHOJPUR,JAGDISHPUR,BLOCK,25778,10849.49,9764.55,5868.13,60.0962666,safe
BIHAR,BHOJPUR,KOILWAR,BLOCK,10846,3723.05,3350.75,2817.31,84.07998209,Semi-Critical
BIHAR,BHOJPUR,PIRO,BLOCK,21839,10558.91,9503.01,4520.57,47.56987523,safe
BIHAR,BHOJPUR,SAHAR,BLOCK,12729,7084.91,6376.42,1220.54,19.14146182,safe
BIHAR,BHOJPUR,SANDESH,BLOCK,13009,3856.16,3470.55,1879.29,54.14963046,safe
BIHAR,BHOJPUR,SHAHPUR,BLOCK,15143,4014.49,3613.04,2637.38,72.99614729,Semi-Critical
BIHAR,BHOJPUR,TARARI,BLOCK,20098,10012.67,9011.39,2840.96,31.52632391,safe
BIHAR,BHOJPUR,UDWANTNAGAR,BLOCK,17052,7470.44,6723.4,2383.65,35.45304459,safe
BIHAR,BUXAR,BRAHMPUR,BLOCK,18610,5515.51,4963.94,3092.67,62.30272727,safe
BIHAR,BUXAR,BUXAR,BLOCK,16240,5011.68,4510.51,3017.91,66.90839839,safe
BIHAR,BUXAR,CHAKKI,BLOCK,7645,1672.41,1505.17,445.72,29.6126019,safe
BIHAR,BUXAR,CHAUGAIN,BLOCK,5429,2168.69,1951.82,1164.77,59.67609718,safe
BIHAR,BUXAR,CHAUSA,BLOCK,11010,4119.4,3707.46,1759.08,47.44703921,safe
BIHAR,BUXAR,DUMRAON,BLOCK,19970,7213.28,6671.23,2338.66,35.05590423,safe
BIHAR,BUXAR,ITARHI,BLOCK,23410,11699.44,10529.49,3606.08,34.24743269,safe
BIHAR,BUXAR,KESATH,BLOCK,3112,3308.92,2978.03,456.8,15.33899927,safe
BIHAR,BUXAR,NAWANAGAR,BLOCK,19790,6254.66,5629.19,2309.61,41.02917116,safe
BIHAR,BUXAR,RAJPUR,BLOCK,28740,13833.4,12450.06,4189.22,33.64819125,safe
BIHAR,BUXAR,SIMRI,BLOCK,17050,4171.47,3754.32,2531.68,67.43378295,safe
BIHAR,DARBHANGA,ALINAGAR,BLOCK,9504,2845.19,2560.66,1108.44,43.2872775,safe
BIHAR,DARBHANGA,BAHADURPUR,BLOCK,16851,5312.19,4780.97,2375.21,49.68050417,safe
BIHAR,DARBHANGA,BAHERI,BLOCK,21482,6599.42,5939.48,3951.7,66.53276044,safe
BIHAR,DARBHANGA,BENIPUR,BLOCK,16259,4612.67,4358.69,2546.8,58.43039996,safe
BIHAR,DARBHANGA,BIRAUL,BLOCK,18443,5706.07,5135.46,3288.71,64.03924867,safe
BIHAR,DARBHANGA,DARBHANGA,BLOCK,20612,5695.31,5125.79,3141.88,61.29552713,safe
BIHAR,DARBHANGA,GAURA BAURAM,BLOCK,11619,3439.59,3095.62,1547.2,49.98029474,safe
BIHAR,DARBHANGA,GHANSHYAMPUR,BLOCK,10345,4397.76,3957.98,1466.79,37.05905538,safe
BIHAR,DARBHANGA,HANUMAN NAGAR,BLOCK,13979,3985.22,3586.7,1882.16,52.47609223,safe
BIHAR,DARBHANGA,HAYAGHAT,BLOCK,8601,2478.73,2230.85,1257.08,56.34982182,safe
BIHAR,DARBHANGA,JALE,BLOCK,18679,5306.67,4776.01,2183.82,45.72477863,safe
BIHAR,DARBHANGA,KEOTI,BLOCK,15008,5094.53,4585.08,2460.55,53.6642763,safe
BIHAR,DARBHANGA,KIRATPUR,BLOCK,6236,1758.01,1582.21,668.63,42.25924498,safe
BIHAR,DARBHANGA,KUSHESWAR ASTHAN,BLOCK,11659,3188.58,2869.73,1167.12,40.67002819,safe
BIHAR,DARBHANGA,KUSHESWAR ASTHAN EAST,BLOCK,12124,3166.71,2850.03,960.95,33.71718894,safe
BIHAR,DARBHANGA,MANIGACHHI,BLOCK,13620,4301.72,3871.55,2118.35,54.7158115,safe
BIHAR,DARBHANGA,SINGHWARA,BLOCK,17038,5041.91,4537.72,2492.65,54.9317719,safe
BIHAR,DARBHANGA,TARDIH,BLOCK,8370,2510.66,2259.59,1029.46,45.55959267,safe
BIHAR,EAST CHAMPARAN,ADAPUR,BLOCK,15318,8917.04,8025.34,3173.12,39.53876097,safe
BIHAR,EAST CHAMPARAN,ARERAJ,BLOCK,18947,8358.5,7522.65,2135.08,28.38201963,safe
BIHAR,EAST CHAMPARAN,BANJARIYA,BLOCK,13935,5173.71,4656.34,2685.63,57.6768449,safe
BIHAR,EAST CHAMPARAN,BANKATWA,BLOCK,8846,4530.98,4077.88,1799.31,44.1236623,safe
BIHAR,EAST CHAMPARAN,CHAKIA,BLOCK,17335,7808.38,7027.54,3696.56,52.60105243,safe
BIHAR,EAST CHAMPARAN,CHAURADANO,BLOCK,13490,7295,6565.5,2975.19,45.31551291,safe
BIHAR,EAST CHAMPARAN,CHIRAIYA,BLOCK,20533,11074.84,9967.35,2941.16,29.50794344,safe
BIHAR,EAST CHAMPARAN,DHAKA,BLOCK,16906,7886.08,7097.47,3741.75,52.71949018,safe
BIHAR,EAST CHAMPARAN,GHORASAHAN,BLOCK,11901,5909.6,5318.64,3028.03,56.93241129,safe
BIHAR,EAST CHAMPARAN,HARSIDDHI,BLOCK,19010,11549.32,10394.39,4207.94,40.48279889,safe
BIHAR,EAST CHAMPARAN,KALYANPUR,BLOCK,23811,11612.37,10451.14,4777.12,45.70908054,safe
BIHAR,EAST CHAMPARAN,KESARIA,BLOCK,18825,8613.72,7752.35,2291.8,29.56264875,safe
BIHAR,EAST CHAMPARAN,KOTWA,BLOCK,15203,8242.27,7418.04,1535.85,20.70425611,safe
BIHAR,EAST CHAMPARAN,MADHUBAN,BLOCK,12150,4659.08,4193.18,2714.77,64.74251046,safe
BIHAR,EAST CHAMPARAN,MEHSI,BLOCK,12168,5970.67,5373.6,3084.32,57.39764776,safe
BIHAR,EAST CHAMPARAN,MOTIHARI,BLOCK,25158,10277.16,9249.44,4303.44,46.52649241,safe
BIHAR,EAST CHAMPARAN,PAHARPUR,BLOCK,15466,9767.3,8790.57,3110.54,35.38496366,safe
BIHAR,EAST CHAMPARAN,PAKARIDAYAL,BLOCK,11655,5073.92,4566.52,2629.6,57.58433118,safe
BIHAR,EAST CHAMPARAN,PATAHI,BLOCK,11849,5210.9,4851.76,2810.41,57.92557752,safe
BIHAR,EAST CHAMPARAN,PHENHARA,BLOCK,5459,1771.66,1594.49,1048.31,65.74578705,safe
BIHAR,EAST CHAMPARAN,PIPRAKOTHI,BLOCK,4882,2893.43,2604.09,1527.2,58.64620654,safe
BIHAR,EAST CHAMPARAN,RAMGARHWA,BLOCK,16766,7343.68,6609.31,1940.01,29.35268583,safe
BIHAR,EAST CHAMPARAN,RAXAUL,BLOCK,13137,6391.92,5834.16,2323.35,39.82321362,safe
BIHAR,EAST CHAMPARAN,SANGRAMPUR,BLOCK,14766,6922.46,6230.21,2609.62,41.88654957,safe
BIHAR,EAST CHAMPARAN,SUGAULI,BLOCK,16725,8968.6,8071.73,3275.17,40.57581212,safe
BIHAR,EAST CHAMPARAN,TETARIA,BLOCK,8035,2658.5,2392.66,1636.35,68.39041067,safe
BIHAR,EAST CHAMPARAN,TURKAULIYA,BLOCK,13611,7440.72,6696.65,2957.25,44.16013977,safe
BIHAR,GAYA,AMAS,BLOCK,10844,3088.51,2779.66,1371.86,49.35351806,safe
BIHAR,GAYA,ATRI,BLOCK,13002,3248.41,2923.57,1266.44,43.31827184,safe
BIHAR,GAYA,BANKE BAZAR,BLOCK,20718,5242.46,4718.22,1693.28,35.88811035,safe
BIHAR,GAYA,BARACHATTY,BLOCK,26780,6382.25,5744.02,1154.73,20.10316816,safe
BIHAR,GAYA,BELAGANJ,BLOCK,19795,5932.64,5339.38,4459.77,83.52598991,Semi-Critical
BIHAR,GAYA,BODH GAYA,BLOCK,29484,5663.6,5354.75,2042.06,38.13548718,safe
BIHAR,GAYA,DOBHI,BLOCK,17001,4356.62,3920.96,1049.84,26.77507549,safe
BIHAR,GAYA,DUMARIYA,BLOCK,30411,3161.87,2845.68,1026.55,36.0739788,safe
BIHAR,GAYA,FATEHPUR,BLOCK,32914,7666.91,6900.21,1839.69,26.66136248,safe
BIHAR,GAYA,GAYA SADAR,BLOCK,18349,4551.96,4096.76,3203.78,78.20277488,Semi-Critical
BIHAR,GAYA,GURARU,BLOCK,16498,4831.3,4348.16,2399.3,55.1796622,safe
BIHAR,GAYA,GURUA,BLOCK,18941,6350.86,5715.77,2488.21,43.53236747,safe
BIHAR,GAYA,IMAMGANJ,BLOCK,26418,6619.02,5957.12,2118.59,35.56399737,safe
BIHAR,GAYA,KHIZAR SARAI,BLOCK,18456,6244.09,5619.68,4035.88,71.81690061,Semi-Critical
BIHAR,GAYA,KONCH,BLOCK,25559,7924.47,7132.02,3839.8,53.83888436,safe
BIHAR,GAYA,MANPUR,BLOCK,12423,3261.12,2935.01,1966.16,66.98989101,safe
BIHAR,GAYA,MOHANPUR,BLOCK,33629,7729.48,6956.53,1197.16,17.20915456,safe
BIHAR,GAYA,MUHRA,BLOCK,14764,3917.42,3525.68,2092.21,59.34202764,safe
BIHAR,GAYA,NEEMCHAK BATHANI,BLOCK,11848,3281.46,2953.32,1370.47,46.40438557,safe
BIHAR,GAYA,PARAIYA,BLOCK,14190,4401.26,3961.13,2428.06,61.2971551,safe
BIHAR,GAYA,SHERGHATI,BLOCK,13879,3554.61,3199.14,1386.86,43.35102559,safe
BIHAR,GAYA,TANKUPPA,BLOCK,15015,3882.09,3493.88,1871.11,53.55392858,safe
BIHAR,GAYA,TEKARI,BLOCK,23496,7447.59,6702.82,4700.02,70.12003903,Semi-Critical
BIHAR,GAYA,WAZIRGANJ,BLOCK,26564,5618.54,5285.09,3041.44,57.54755359,safe
BIHAR,GOPALGANJ,BAIKUNTHPUR,BLOCK,20408,7482.9,6993.24,4290.78,61.35610961,safe
BIHAR,GOPALGANJ,BARAULI,BLOCK,18432,9105.27,8324.33,3786.67,45.48918652,safe
BIHAR,GOPALGANJ,BHORE,BLOCK,13041,8625.67,7763.1,4641.4,59.7879713,safe
BIHAR,GOPALGANJ,GOPALGANJ,BLOCK,19548,6675.89,6103.55,2553.26,41.83237624,safe
BIHAR,GOPALGANJ,HATHUA,BLOCK,14660,7762.56,6986.3,3946.53,56.48955814,safe
BIHAR,GOPALGANJ,KATEYA,BLOCK,12614,8297.8,7468.02,2742.87,36.72820908,safe
BIHAR,GOPALGANJ,KUCHAIKOT,BLOCK,25136,13035.45,11731.9,5909.06,50.36745966,safe
BIHAR,GOPALGANJ,MANJHA,BLOCK,14146,7280.15,6552.13,3410.45,52.05101242,safe
BIHAR,GOPALGANJ,PANCHDEVARI,BLOCK,9278,5378.91,4841.02,2233.11,46.12891498,safe
BIHAR,GOPALGANJ,PHULWARIA,BLOCK,9550,6436.38,5792.74,2371.56,40.94021137,safe
BIHAR,GOPALGANJ,SIDHWALIA,BLOCK,12012,5767.76,5190.98,1859.38,35.81944065,safe
BIHAR,GOPALGANJ,THAWE,BLOCK,6999,3802.62,3422.35,1507.65,44.05306295,safe
BIHAR,GOPALGANJ,UCHKAGAON,BLOCK,11328,5432.37,4889.12,2793.03,57.12745852,safe
BIHAR,GOPALGANJ,VIJAYIPUR,BLOCK,14761,6393.12,5753.8,3147.64,54.70541208,safe
BIHAR,JAMUI,BARHAT,BLOCK,19293,4870.62,4383.56,444.95,10.15042568,safe
BIHAR,JAMUI,CHAKAI,BLOCK,70131,7658.67,7250.52,1074.36,14.81769583,safe
BIHAR,JAMUI,GIDHAUR,BLOCK,7111,2367.41,2130.67,960.82,45.09473546,safe
BIHAR,JAMUI,ISLAMNAGAR ALIGANJ,BLOCK,17289,4755.2,4279.68,788.74,18.42988261,safe
BIHAR,JAMUI,JAMUI,BLOCK,13390,4989.18,4490.26,2783.31,61.9854975,safe
BIHAR,JAMUI,JHAJHA,BLOCK,34187,4086.71,3854.07,1902.89,49.37351942,safe
BIHAR,JAMUI,KHAIRA,BLOCK,31577,7391.57,6979.5,2364.59,33.87907443,safe
BIHAR,JAMUI,LAXMIPUR,BLOCK,17001,2546.08,2291.47,716.29,31.2589735,safe
BIHAR,JAMUI,SIKANDRA,BLOCK,14562,4734.99,4261.49,1618.67,37.98366299,safe
BIHAR,JAMUI,SONO,BLOCK,30573,3186.49,2867.84,1317.1,45.92655099,safe
BIHAR,JEHANABAD,GHOSHI,BLOCK,9246,3837.27,3453.55,2825.29,81.80828423,Semi-Critical
BIHAR,JEHANABAD,HULASGUNJ,BLOCK,9713,3867.32,3480.59,1948.26,55.97499275,safe
BIHAR,JEHANABAD,JEHANABAD,BLOCK,16252,5195.85,4676.27,3924.65,83.92693322,Semi-Critical
BIHAR,JEHANABAD,KAKO,BLOCK,13253,4867.45,4380.7,4690.98,107.0828863,Over-Exploited
BIHAR,JEHANABAD,MAKHDUMPUR,BLOCK,24370,7838.27,7054.45,4646.8,65.87047892,safe
BIHAR,JEHANABAD,MODANGANJ,BLOCK,7994,2671.59,2404.43,2009.51,83.57531723,Semi-Critical
BIHAR,JEHANABAD,RATNI FARIDPUR,BLOCK,12429,3494.87,3145.38,3462.96,110.0967133,Over-Exploited
BIHAR,KAIMUR,ADHAURA,BLOCK,72249,3111.25,2800.12,637.75,22.77580961,safe
BIHAR,KAIMUR,BHABHUA,BLOCK,33449,13355.35,12019.82,3453.44,28.73121228,safe
BIHAR,KAIMUR,BHAGWANPUR,BLOCK,11026,3622.06,3259.85,1374.2,42.15531389,safe
BIHAR,KAIMUR,CHAINPUR,BLOCK,41327,11587.94,10429.14,1898.94,18.20802099,safe
BIHAR,KAIMUR,CHAND,BLOCK,20670,5824.83,5242.35,1212.61,23.13103856,safe
BIHAR,KAIMUR,DURGAWATI,BLOCK,16764,6003.66,5403.29,2843.79,52.63071203,safe
BIHAR,KAIMUR,KUDRA,BLOCK,21054,7579.5,6906.08,5309.72,76.88471608,Semi-Critical
BIHAR,KAIMUR,MOHANIA,BLOCK,28552,9130.19,8217.17,3792.72,46.15603669,safe
BIHAR,KAIMUR,NUAON,BLOCK,18900,8997.31,8097.58,2538.08,31.3436854,safe
BIHAR,KAIMUR,RAMGARH,BLOCK,16852,5906.19,5315.57,2877.87,54.14038382,safe
BIHAR,KAIMUR,RAMPUR,BLOCK,17197,4900.46,4410.41,1313.53,29.78249188,safe
BIHAR,KATIHAR,AMDABAD,BLOCK,18863,6386.11,5747.5,2105.01,36.62479339,safe
BIHAR,KATIHAR,AZAMNAGAR,BLOCK,29077,12165.44,10948.9,7374.76,67.35617277,safe
BIHAR,KATIHAR,BALRAMPUR,BLOCK,17428,7305.91,6575.31,4489.29,68.27495586,safe
BIHAR,KATIHAR,BARARI,BLOCK,32780,10745.85,10147.4,5736.15,56.52827325,safe
BIHAR,KATIHAR,BARSOI,BLOCK,27914,10448.12,9403.31,5697.1,60.58611276,safe
BIHAR,KATIHAR,DANDKHORA,BLOCK,8921,3382.84,3044.56,1954.53,64.19745382,safe
BIHAR,KATIHAR,FALKA,BLOCK,16948,10488.46,9439.62,3051.48,32.32630127,safe
BIHAR,KATIHAR,HASANGANJ,BLOCK,7111,3388.58,3049.72,1772.66,58.1253361,safe
BIHAR,KATIHAR,KADWA,BLOCK,33992,12511.27,11260.14,7038.42,62.50739334,safe
BIHAR,KATIHAR,KATIHAR,BLOCK,11005,5400.75,4860.67,2780.89,57.21207159,safe
BIHAR,KATIHAR,KORHA,BLOCK,29848,18400.58,16560.53,5940.75,35.8729461,safe
BIHAR,KATIHAR,KURSELA,BLOCK,6106,2200.18,1980.16,1124.49,56.78783533,safe
BIHAR,KATIHAR,MANIHARI,BLOCK,25012,8727.62,7854.87,3711.47,47.25055921,safe
BIHAR,KATIHAR,MANSAHI,BLOCK,7814,3444.18,3099.76,1772.82,57.19216972,safe
BIHAR,KATIHAR,PRANPUR,BLOCK,15306,5937.1,5343.4,3383.62,63.32335217,safe
BIHAR,KATIHAR,SAMELI,BLOCK,12866,5446.41,5093.89,2955.25,58.01558338,safe
BIHAR,KHAGARIA,ALAULI,BLOCK,27447,8805.48,7924.93,4086.32,51.56285292,safe
BIHAR,KHAGARIA,BELDAUR,BLOCK,22356,7290.39,6561.35,3691.27,56.25778232,safe
BIHAR,KHAGARIA,CHAUTHAM,BLOCK,16397,5429.65,4886.69,3003,61.45263972,safe
BIHAR,KHAGARIA,GOGRI,BLOCK,25031,8158.51,7342.66,4220.44,57.47835253,safe
BIHAR,KHAGARIA,KHAGARIA,BLOCK,26236,8589.57,7730.61,4995.5,64.61973893,safe
BIHAR,KHAGARIA,MANSI,BLOCK,7001,2321.97,2089.77,1165.55,55.7740804,safe
BIHAR,KHAGARIA,PARBATTA,BLOCK,24104,8045.63,7241.07,4893.64,67.5817248,safe
BIHAR,KISHANGANJ,BAHADURGANJ,BLOCK,24787,8680.62,8243.43,3879.32,47.05953711,safe
BIHAR,KISHANGANJ,DIGHALBANK,BLOCK,25532,9663.19,9179.59,3415.42,37.20667263,safe
BIHAR,KISHANGANJ,KISHANGANJ,BLOCK,18103,8034.03,7631.26,2473,32.40618194,safe
BIHAR,KISHANGANJ,KOCHADHAMAN,BLOCK,28691,11744.01,11154.85,5973.9,53.55428356,safe
BIHAR,KISHANGANJ,POTHIA,BLOCK,35445,11538.27,10384.44,3301.69,31.79458883,safe
BIHAR,KISHANGANJ,TERHAGACHH,BLOCK,19347,6333.55,5700.2,1841.32,32.30272622,safe
BIHAR,KISHANGANJ,THAKURGANJ,BLOCK,39238,18153.82,16338.43,4084.83,25.00136182,safe
BIHAR,LAKHISARAI,BARAHIA,BLOCK,24106,7966.96,7170.26,1676.61,23.3828341,safe
BIHAR,LAKHISARAI,CHANNAN,BLOCK,10968,2396.43,2240.1,1083.83,48.3831079,safe
BIHAR,LAKHISARAI,HALSI,BLOCK,13419,6237,5613.29,2566.42,45.72042421,safe
BIHAR,LAKHISARAI,LAKHISARAI,BLOCK,17362,7108.01,6538.97,3849.03,58.86294019,safe
BIHAR,LAKHISARAI,PIPARIA,BLOCK,5839,1686.21,1517.58,708.84,46.7085755,safe
BIHAR,LAKHISARAI,RAMGARH CHOWK,BLOCK,9255,5196.62,4676.96,1709.94,36.56092847,safe
BIHAR,LAKHISARAI,SURAJGARHA,BLOCK,33545,11031.54,9928.39,2208.6,22.24529858,safe
BIHAR,MADHEPURA,ALAMNAGAR,BLOCK,17120,7568.31,6811.47,2982.34,43.78408772,safe
BIHAR,MADHEPURA,BIHARIGANJ,BLOCK,10568,6312.29,5681.06,2141.75,37.69983067,safe
BIHAR,MADHEPURA,CHAUSA,BLOCK,13665,6278.45,5650.6,3548,62.78979223,safe
BIHAR,MADHEPURA,GAMHARIA,BLOCK,7655,3432.76,3089.49,1764.94,57.12722812,safe
BIHAR,MADHEPURA,GHELADH,BLOCK,9177,5912.5,5321.24,1631.74,30.66465711,safe
BIHAR,MADHEPURA,GWALPARA,BLOCK,11668,6375.59,5738.03,2709.78,47.22491866,safe
BIHAR,MADHEPURA,KUMARKHAND,BLOCK,24709,16522.29,14870.06,6147.43,41.34098988,safe
BIHAR,MADHEPURA,MADHEPURA,BLOCK,18995,11172.05,10054.85,2954.98,29.38860351,safe
BIHAR,MADHEPURA,MURLIGANJ,BLOCK,19745,13284.85,11956.36,4525.3,37.84847562,safe
BIHAR,MADHEPURA,PURAINI,BLOCK,8698,5055.52,4549.96,1855.43,40.77903982,safe
BIHAR,MADHEPURA,SHANKARPUR,BLOCK,10858,7314.37,6582.94,2161.2,32.83031594,safe
BIHAR,MADHEPURA,SIGHESHWARSTHAN,BLOCK,11113,7751.33,6976.19,2843.14,40.75491063,safe
BIHAR,MADHEPURA,UDA KISHANGANJ,BLOCK,14869,8833.65,7950.28,3771.81,47.44248001,safe
BIHAR,MADHUBANI,ANDHARATHARI,BLOCK,14810,5321.09,4788.98,1240.93,25.91219842,safe
BIHAR,MADHUBANI,BABUBARHI,BLOCK,18914,7233.84,6510.46,1891.79,29.05770099,safe
BIHAR,MADHUBANI,BASOPATTI,BLOCK,13078,5518.17,4966.36,2682.19,54.00716017,safe
BIHAR,MADHUBANI,BENIPATTI,BLOCK,26238,7571.65,6814.49,3394.29,49.8098904,safe
BIHAR,MADHUBANI,BISFI,BLOCK,18122,6354.74,5719.26,3754.86,65.65289915,safe
BIHAR,MADHUBANI,GHOGHARDIHA,BLOCK,16438,6188.34,5569.5,2821.03,50.65140497,safe
BIHAR,MADHUBANI,HARLAKHI,BLOCK,14792,5356.92,4969.82,2316.15,46.60430358,safe
BIHAR,MADHUBANI,JAINAGAR,BLOCK,12922,5627.35,5064.62,1825.25,36.039229,safe
BIHAR,MADHUBANI,JHANJHARPUR,BLOCK,14594,5522.81,4970.53,2193.85,44.13714433,safe
BIHAR,MADHUBANI,KALUAHI,BLOCK,8895,3674.9,3410.55,1388.3,40.70604448,safe
BIHAR,MADHUBANI,KHAJAULI,BLOCK,11415,6525.3,5872.76,3357.07,57.16341209,safe
BIHAR,MADHUBANI,KHUTAUNA,BLOCK,21521,8684.32,7815.88,1463.44,18.72393128,safe
BIHAR,MADHUBANI,LADANIA,BLOCK,18385,6740.61,6066.55,3613.97,59.57207968,safe
BIHAR,MADHUBANI,LAKHANAUR,BLOCK,11748,4781.58,4303.42,1781.35,41.39382166,safe
BIHAR,MADHUBANI,LAUKAHI,BLOCK,26634,13457.4,12111.66,2890.48,23.86526702,safe
BIHAR,MADHUBANI,MADHEPUR,BLOCK,23572,5710.91,5139.82,1898.86,36.94409532,safe
BIHAR,MADHUBANI,MADHWAPUR,BLOCK,10833,3765.6,3389.04,2201.22,64.95113661,safe
BIHAR,MADHUBANI,PANDAUL,BLOCK,16398,6892.95,6203.64,3149.54,50.76922581,safe
BIHAR,MADHUBANI,PHULPARAS,BLOCK,15971,7853.32,7067.99,2280.64,32.26716506,safe
BIHAR,MADHUBANI,RAHIKA,BLOCK,15473,6767.09,6090.38,2080.36,34.15813135,safe
BIHAR,MADHUBANI,RAJNAGAR,BLOCK,17892,7598.17,6838.35,4009.97,58.63943788,safe
BIHAR,MUNGER,ASARGANJ,BLOCK,5948,2346.85,2112.16,711.49,33.68542156,safe
BIHAR,MUNGER,BARIYARPUR,BLOCK,16052,4000.78,3600.7,1447.93,40.21245869,safe
BIHAR,MUNGER,DHARAHARA,BLOCK,25692,7044.72,6340.24,989.1,15.60035582,safe
BIHAR,MUNGER,HAVELI KHARAGPUR,BLOCK,26864,7205.09,6484.58,1978.27,30.50729577,safe
BIHAR,MUNGER,JAMALPUR,BLOCK,8545,3502.02,3151.82,1360.96,43.18013085,safe
BIHAR,MUNGER,MUNGER SADAR,BLOCK,24205,6034.35,5430.92,1418.93,26.1268809,safe
BIHAR,MUNGER,SANGRAMPUR,BLOCK,8594,2671.7,2404.53,1012.88,42.12382461,safe
BIHAR,MUNGER,TARAPURA,BLOCK,7104,3037.83,2734.05,1336.79,48.89413142,safe
BIHAR,MUNGER,TETIYABAMBAR,BLOCK,10138,2895.09,2605.58,865.54,33.21870754,safe
BIHAR,MUZAFFARPUR,AURAI,BLOCK,19477,6379.72,5741.75,3732.41,65.00474594,safe
BIHAR,MUZAFFARPUR,BANDRA,BLOCK,11049,3583.71,3225.34,2352.94,72.95168881,Semi-Critical
BIHAR,MUZAFFARPUR,BOCHAHAN,BLOCK,16136,5743.92,5208.32,4193.62,80.51771013,Semi-Critical
BIHAR,MUZAFFARPUR,GAIGHAT,BLOCK,21020,6768.9,6092.01,4389.65,72.05585677,Semi-Critical
BIHAR,MUZAFFARPUR,KANTI,BLOCK,16816,8236.38,7412.75,5411.96,73.0088024,Semi-Critical
BIHAR,MUZAFFARPUR,KATRA,BLOCK,18915,5924.06,5331.65,3283.29,61.58112404,safe
BIHAR,MUZAFFARPUR,KURHANI,BLOCK,26025,10974.56,9877.1,7438.36,75.30914945,Semi-Critical
BIHAR,MUZAFFARPUR,MARWAN,BLOCK,11514,5667.6,5100.84,3064.23,60.07304679,safe
BIHAR,MUZAFFARPUR,MINAPUR,BLOCK,23658,6685.21,6332.21,6044.3,95.45324618,Critical
BIHAR,MUZAFFARPUR,MOTIPUR,BLOCK,31356,14167.27,12750.54,6801.34,53.34158396,safe
BIHAR,MUZAFFARPUR,MURAUL (DHOLI),BLOCK,6263,2285.84,2057.25,1599.19,77.73435411,Semi-Critical
BIHAR,MUZAFFARPUR,MUSHAHARI,BLOCK,11997,4438.06,3994.26,4631.24,115.9473845,Over-Exploited
BIHAR,MUZAFFARPUR,PAROO,BLOCK,29152,12612.82,11351.54,5227.08,46.04732045,safe
BIHAR,MUZAFFARPUR,SAHEBGANJ,BLOCK,18723,8325.13,7492.61,4286.55,57.21037129,safe
BIHAR,MUZAFFARPUR,SAKRA,BLOCK,17492,5838.33,5254.5,4432.82,84.36235608,Semi-Critical
BIHAR,MUZAFFARPUR,SARAIYA,BLOCK,24684,10748.85,9673.97,5135.17,53.08234365,safe
BIHAR,NALANDA,ASTHAWAN,BLOCK,14145,3412.13,3070.91,2349.66,76.51347646,Semi-Critical
BIHAR,NALANDA,BEN,BLOCK,10083,1920.03,1728.02,1096.43,63.45007581,safe
BIHAR,NALANDA,BIHARSHARIF,BLOCK,17495,4501.56,4051.4,2613.43,64.50683714,safe
BIHAR,NALANDA,BIND,BLOCK,7260,2149.24,1934.31,1452.58,75.09551209,Semi-Critical
BIHAR,NALANDA,CHANDI,BLOCK,13109,3335.56,3002,2235.45,74.46535643,Semi-Critical
BIHAR,NALANDA,EKANGARSARAI,BLOCK,13443,4168.12,3751.31,3168.74,84.47022507,Semi-Critical
BIHAR,NALANDA,GIRIYAK,BLOCK,8093,2683.19,2414.86,2270.79,94.03402268,Critical
BIHAR,NALANDA,HARNAUT,BLOCK,18158,4676.59,4208.93,3040.75,72.24520246,Semi-Critical
BIHAR,NALANDA,HILSA,BLOCK,14424,4516.01,4111.32,3592.4,87.37826294,Semi-Critical
BIHAR,NALANDA,ISLAMPUR,BLOCK,22211,6271.11,5643.99,3459.27,61.29121419,safe
BIHAR,NALANDA,KARAI PARSARAI,BLOCK,6476,1764.07,1587.65,1390.83,87.60306113,Semi-Critical
BIHAR,NALANDA,KATRISARAI,BLOCK,4227,1404.2,1263.78,711.88,56.32942443,safe
BIHAR,NALANDA,NAGARNAUSA,BLOCK,7530,2472.04,2224.83,3518.1,158.1289357,Over-Exploited
BIHAR,NALANDA,NOORSARAI,BLOCK,12485,2081.88,1873.69,1219.2,65.06946186,safe
BIHAR,NALANDA,PARWALPUR,BLOCK,6301,1639.13,1475.21,1055.02,71.51659764,Semi-Critical
BIHAR,NALANDA,RAHUI,BLOCK,12168,3011.27,2710.14,1595.84,58.88404289,safe
BIHAR,NALANDA,RAJGIR,BLOCK,12957,3932.94,3539.63,2590,73.17148968,Semi-Critical
BIHAR,NALANDA,SARMERA,BLOCK,12372,2717.62,2581.23,1919.79,74.37500726,Semi-Critical
BIHAR,NALANDA,SILAO,BLOCK,12435,3654.91,3289.41,2026.71,61.61317683,safe
BIHAR,NALANDA,THARTHARI,BLOCK,6274,1581.59,1423.43,968.32,68.02723,safe
BIHAR,NAWADA,AKBARPUR,BLOCK,19801,5869.5,5282.54,4455.31,84.34029842,Semi-Critical
BIHAR,NAWADA,GOVINDPUR,BLOCK,15353,4195.19,3775.67,1004.72,26.61037644,safe
BIHAR,NAWADA,HISUA,BLOCK,12270,3680.66,3312.59,2867.95,86.57727035,Semi-Critical
BIHAR,NAWADA,KASHICHAK,BLOCK,8202,2494.27,2244.84,758.75,33.79973628,safe
BIHAR,NAWADA,KAWAKOLE,BLOCK,28722,7664.41,6897.97,1642.05,23.80482954,safe
BIHAR,NAWADA,MESKAUR,BLOCK,12183,1198.3,1078.47,882.1,81.79179764,Semi-Critical
BIHAR,NAWADA,NARDIGANJ,BLOCK,10189,2998.92,2699.03,2362.22,87.52107239,Semi-Critical
BIHAR,NAWADA,NARHAT,BLOCK,7639,2450.9,2205.8,1775.56,80.49505848,Semi-Critical
BIHAR,NAWADA,NAWADA,BLOCK,17808,5734.99,5161.49,3246.19,62.8924981,safe
BIHAR,NAWADA,PAKARIBARAWAN,BLOCK,20101,6124.85,5512.37,2028.59,36.80068646,safe
BIHAR,NAWADA,RAJAULI,BLOCK,36207,10030.58,9457.5,2837.88,30.00666138,safe
BIHAR,NAWADA,ROH,BLOCK,16402,4967.75,4470.97,2324.56,51.99229697,safe
BIHAR,NAWADA,SIRDALA,BLOCK,24685,5254.46,4729.02,1623.94,34.33988437,safe
BIHAR,NAWADA,WARISALIGANJ,BLOCK,16096,5452.02,4906.81,2653.65,54.08096095,safe
BIHAR,PATNA,ATHMALGOLA,BLOCK,4025,1255.67,1130.1,995.28,88.07008229,Semi-Critical
BIHAR,PATNA,BAKHTIYARPUR,BLOCK,19683,5427.49,4884.74,2379.94,48.72193812,safe
BIHAR,PATNA,BARH,BLOCK,10959,3159.07,2843.17,1831.93,64.43265791,safe
BIHAR,PATNA,BELCHHIA,BLOCK,6867,1926.1,1733.5,737.75,42.55840785,safe
BIHAR,PATNA,BIHTA,BLOCK,19392,7682.1,6913.89,4189.27,60.59208347,safe
BIHAR,PATNA,BIKRAM,BLOCK,14815,7716.82,7180.34,2869.24,39.95966765,safe
BIHAR,PATNA,DANAPUR,BLOCK,12446,3661.76,3295.59,2041.13,61.93519218,safe
BIHAR,PATNA,DANIYAWAN,BLOCK,6510,1968.87,1771.98,1156.23,65.25073646,safe
BIHAR,PATNA,DHANARUA,BLOCK,18555,6004.01,5403.61,4696.6,86.91596914,Semi-Critical
BIHAR,PATNA,DULHIN BAZAR,BLOCK,11068,4016,3614.4,1557.77,43.09899292,safe
BIHAR,PATNA,FATUHA,BLOCK,12636,3877.17,3489.45,2827.16,81.02021809,Semi-Critical
BIHAR,PATNA,GHOSWARI,BLOCK,13983,3841.51,3457.35,1315.54,38.05053003,safe
BIHAR,PATNA,KHUSRUPUR,BLOCK,6139,1873.77,1686.4,1121.13,66.48066888,safe
BIHAR,PATNA,MANER,BLOCK,17070,4786.36,4307.72,2496.46,57.95316316,safe
BIHAR,PATNA,MASAURHI,BLOCK,20243,6318.85,5686.97,4584.66,80.61691903,Semi-Critical
BIHAR,PATNA,MOKAMA,BLOCK,19132,5176.98,4659.28,1726.06,37.04563795,safe
BIHAR,PATNA,NAUBATPUR,BLOCK,16774,7471.53,6885.08,4274.92,62.08961987,safe
BIHAR,PATNA,PALIGANJ,BLOCK,23775,9528.66,8799.33,1968.06,22.36602105,safe
BIHAR,PATNA,PANDARAK,BLOCK,20489,5797.12,5217.41,2568.58,49.23094026,safe
BIHAR,PATNA,PATNA SADAR,BLOCK,4779,1806.62,1625.95,1100.14,67.6613672,safe
BIHAR,PATNA,PATNA URBAN,BLOCK,10887,2682.72,2460.4,2962.15,120.3930255,Over-Exploited
BIHAR,PATNA,PHULWARI SHARIF,BLOCK,10647,5589.72,5030.74,3694.65,73.44148177,Semi-Critical
BIHAR,PATNA,PUNPUN,BLOCK,12675,4207.25,3786.53,3018.11,79.70648589,Semi-Critical
BIHAR,PATNA,SAMPATCHAK,BLOCK,6535,2234.53,2011.08,1967.07,97.81162361,Critical
BIHAR,PURNEA,AMOUR,BLOCK,24505,7063.16,6709.54,3784.85,56.40997744,safe
BIHAR,PURNEA,BAISA,BLOCK,20732,6814.88,6473.25,3415.87,52.76901093,safe
BIHAR,PURNEA,BAISI,BLOCK,20463,7908.68,7117.82,3829.75,53.80509763,safe
BIHAR,PURNEA,BANMANKHI,BLOCK,36884,23081.71,21145.14,4972.99,23.5183593,safe
BIHAR,PURNEA,BARHARA KOTHI,BLOCK,22971,14379.08,12941.18,3506.61,27.09652443,safe
BIHAR,PURNEA,BHAWANIPUR,BLOCK,16064,9326.63,8565.96,2868.09,33.48241178,safe
BIHAR,PURNEA,DAGARUA,BLOCK,20995,9774.36,8796.93,4975.08,56.55472989,safe
BIHAR,PURNEA,DHAMDAHA,BLOCK,36254,21401.07,19260.95,4784.96,24.8428037,safe
BIHAR,PURNEA,JALALGARH,BLOCK,11320,8151.31,7336.18,1800.32,24.54029209,safe
BIHAR,PURNEA,KASBA,BLOCK,16797,9622.16,8805.26,2843.79,32.29649096,safe
BIHAR,PURNEA,KRITYANANDNAGAR,BLOCK,28470,20509.23,18458.31,4191.52,22.70803773,safe
BIHAR,PURNEA,PURNEA,BLOCK,25727,13629.28,12266.35,4326.39,35.27039421,safe
BIHAR,PURNEA,RUPAULI,BLOCK,24836,12316.57,11084.91,3970.25,35.81670938,safe
BIHAR,PURNEA,SRINAGAR,BLOCK,14221,8852,7966.8,2149.43,26.97984134,safe
BIHAR,ROHTAS,AKORHIGOLA,BLOCK,10470,4166.9,3750.21,1429.02,38.10506612,safe
BIHAR,ROHTAS,BIKRAMGANJ,BLOCK,13728,6190.29,5571.25,2370.63,42.55113305,safe
BIHAR,ROHTAS,CHENARI,BLOCK,22243,6027.1,5424.39,1073.79,19.79558992,safe
BIHAR,ROHTAS,DAWATH,BLOCK,10638,5103.76,4593.38,1651.87,35.96197136,safe
BIHAR,ROHTAS,DEHRI,BLOCK,16210,5879.62,5291.65,4392.29,83.00416694,Semi-Critical
BIHAR,ROHTAS,DINARA,BLOCK,30907,12017.48,10815.73,3701.16,34.22015897,safe
BIHAR,ROHTAS,KARAKAT,BLOCK,20353,6629.29,5966.36,2437.88,40.86042411,safe
BIHAR,ROHTAS,KARGAHAR,BLOCK,33151,11445.3,10300.77,6599.98,64.07268583,safe
BIHAR,ROHTAS,KOCHAS,BLOCK,21704,9115.8,8204.22,6139.05,74.82795439,Semi-Critical
BIHAR,ROHTAS,NASRIGANJ,BLOCK,13159,5293.08,4763.77,1334.83,28.02045439,safe
BIHAR,ROHTAS,NAUHATTA,BLOCK,36243,8723.07,7850.76,627.32,7.990563971,safe
BIHAR,ROHTAS,NOKHA,BLOCK,16910,4656.72,4191.05,1907,45.50172391,safe
BIHAR,ROHTAS,RAJPUR,BLOCK,7041,2362.08,2125.87,985.43,46.35419852,safe
BIHAR,ROHTAS,ROHTAS,BLOCK,29420,7137.76,6423.98,1694.52,26.37803978,safe
BIHAR,ROHTAS,SANJHAULI,BLOCK,6820,2887.52,2598.77,959.34,36.91515602,safe
BIHAR,ROHTAS,SASARAM,BLOCK,31673,8660.62,7794.55,2865.89,36.76786986,safe
BIHAR,ROHTAS,SHEOSAGAR,BLOCK,33130,13244.35,11919.9,2487.73,20.87039321,safe
BIHAR,ROHTAS,SURAJPURA,BLOCK,5703,2492.6,2243.33,1192.97,53.1785337,safe
BIHAR,ROHTAS,TILOUTHU,BLOCK,15640,3813.29,3431.96,1730.63,50.42686978,safe
BIHAR,SAHARSA,BANMA ITAHRI,BLOCK,7520,3091.84,2782.66,740.64,26.61625926,safe
BIHAR,SAHARSA,KAHARA,BLOCK,13445,6739.58,6065.62,2126.42,35.0569274,safe
BIHAR,SAHARSA,MAHISHI,BLOCK,22293,8957.44,8061.7,2011.06,24.94585509,safe
BIHAR,SAHARSA,NAUHATTA,BLOCK,16988,7004.51,6304.06,1967.03,31.20259008,safe
BIHAR,SAHARSA,PATARGHAT,BLOCK,11866,7117.37,6405.63,2951.3,46.07353219,safe
BIHAR,SAHARSA,SALKHUA,BLOCK,17661,7165.79,6516.13,1610.46,24.71497653,safe
BIHAR,SAHARSA,SATTAR KATAIYA,BLOCK,15074,8961.55,8065.39,2445.94,30.32636983,safe
BIHAR,SAHARSA,SIMRI BAKHTIYARPUR,BLOCK,21385,7510.75,6759.67,2386.69,35.30778869,safe
BIHAR,SAHARSA,SONBARSA,BLOCK,21047,10820.51,9738.45,3309.49,33.98374485,safe
BIHAR,SAHARSA,SOUR BAZAR,BLOCK,18849,10261.51,9235.35,4880.99,52.85116428,safe
BIHAR,SAMASTIPUR,BIBHUTIPUR,BLOCK,21080,7183.15,6464.84,4992.12,77.21954449,Semi-Critical
BIHAR,SAMASTIPUR,BITHAN,BLOCK,11927,3846.14,3461.53,2062.83,59.59301234,safe
BIHAR,SAMASTIPUR,DALSINGSARAI,BLOCK,9516,3418.61,3076.75,3030.3,98.49029008,Critical
BIHAR,SAMASTIPUR,HASANPUR,BLOCK,15306,5015.65,4514.09,2927.73,64.85759034,safe
BIHAR,SAMASTIPUR,KALYANPUR,BLOCK,23534,8458.86,7612.98,5467.66,71.82023334,Semi-Critical
BIHAR,SAMASTIPUR,KHANPUR,BLOCK,14104,4575.8,4118.21,2575.3,62.53445065,safe
BIHAR,SAMASTIPUR,MOHANPUR,BLOCK,8102,2486.31,2237.67,962.99,43.03538949,safe
BIHAR,SAMASTIPUR,MOHIUDDIN NAGAR,BLOCK,12954,4372.42,3935.18,2500.34,63.53813549,safe
BIHAR,SAMASTIPUR,MORWA,BLOCK,12586,4124.86,3712.37,2360.22,63.57717577,safe
BIHAR,SAMASTIPUR,PATORI,BLOCK,10730,3381.36,3043.23,1623.03,53.33247898,safe
BIHAR,SAMASTIPUR,PUSA,BLOCK,7591,2477.7,2229.93,1445.94,64.84239416,safe
BIHAR,SAMASTIPUR,ROSERA,BLOCK,10721,3509.99,3158.99,2095.82,66.34462281,safe
BIHAR,SAMASTIPUR,SAMASTIPUR,BLOCK,14298,4733.07,4259.77,2889.35,67.82877949,safe
BIHAR,SAMASTIPUR,SARAIRANJAN,BLOCK,14802,5227.77,4705,3921.8,83.35387885,Semi-Critical
BIHAR,SAMASTIPUR,SHIVAJINAGAR,BLOCK,13808,4546.07,4091.47,2662.65,65.07807707,safe
BIHAR,SAMASTIPUR,SINGHIYA,BLOCK,14484,4884.1,4395.69,2576.28,58.60922859,safe
BIHAR,SAMASTIPUR,TAJPUR,BLOCK,6793,2561.86,2305.67,2490.8,108.0293364,Over-Exploited
BIHAR,SAMASTIPUR,UJIYARPUR,BLOCK,17122,5888.36,5299.52,3885.65,73.32079132,Semi-Critical
BIHAR,SAMASTIPUR,VIDYAPATINAGAR,BLOCK,8744,2959.66,2663.69,2011.33,75.5091621,Semi-Critical
BIHAR,SAMASTIPUR,WARISNAGAR,BLOCK,13085,4938.01,4444.21,2412.68,54.2881637,safe
BIHAR,SARAN,AMNOUR,BLOCK,12598,5935.65,5342.08,2369.64,44.35800288,safe
BIHAR,SARAN,BANIYAPUR,BLOCK,16993,10019.56,9513.76,3803.04,39.97410067,safe
BIHAR,SARAN,CHAPRA SADAR,BLOCK,18487,5365.89,4829.3,2662.45,55.13117843,safe
BIHAR,SARAN,DARIYAPUR,BLOCK,22573,7658.06,6978.01,4519.25,64.76416629,safe
BIHAR,SARAN,DIGHWARA,BLOCK,8891,2432.94,2189.65,1498.12,68.41824036,safe
BIHAR,SARAN,EKMA,BLOCK,15044,6994.73,6440.95,3760.26,58.3805184,safe
BIHAR,SARAN,GARKHA,BLOCK,17203,6116.11,5691.13,3232.32,56.79575058,safe
BIHAR,SARAN,ISUAPUR,BLOCK,10006,4781.17,4303.05,2422.93,56.30727042,safe
BIHAR,SARAN,JALALPUR,BLOCK,11953,5752.11,5176.9,2258.16,43.61992698,safe
BIHAR,SARAN,LAHLADPUR,BLOCK,5337,1936.72,1743.05,1030.15,59.10042741,safe
BIHAR,SARAN,MAKER,BLOCK,7409,2442.03,2197.82,632.02,28.75667707,safe
BIHAR,SARAN,MANJHI,BLOCK,21240,7835.44,7051.89,4462.72,63.2840274,safe
BIHAR,SARAN,MARHAURA,BLOCK,15343,7838.7,7054.83,3976.79,56.36974952,safe
BIHAR,SARAN,MASHRAKH,BLOCK,13512,7069.54,6362.59,2393.97,37.62571531,safe
BIHAR,SARAN,NAGRA,BLOCK,5383,3371.97,3034.78,1526.12,50.287665,safe
BIHAR,SARAN,PANAPUR,BLOCK,11272,3723.78,3351.4,1783.48,53.21596945,safe
BIHAR,SARAN,PARSA,BLOCK,10405,5022.22,4678.7,2933.17,62.69198709,safe
BIHAR,SARAN,RIVILGANJ,BLOCK,12351,3713.29,3341.97,1570.4,46.99024827,safe
BIHAR,SARAN,SONEPUR,BLOCK,16790,4287.21,3858.48,1666.22,43.18332608,safe
BIHAR,SARAN,TARAIYA,BLOCK,10167,4150.92,3735.82,2316.14,61.99816908,safe
BIHAR,SHEIKHPURA,ARIYARI,BLOCK,14665,4637.25,4173.52,2489.92,59.65995131,safe
BIHAR,SHEIKHPURA,BARBIGHA,BLOCK,9346,2722.26,2450.03,2323.61,94.84006318,Critical
BIHAR,SHEIKHPURA,CHEWARA,BLOCK,11506,2914.32,2622.88,991.9,37.81720856,safe
BIHAR,SHEIKHPURA,GHAT KUSUMBA,BLOCK,9259,2108.73,1897.85,491.21,25.88244593,safe
BIHAR,SHEIKHPURA,SHEIKHOPUR SARAI,BLOCK,5515,1951.14,1756.03,1118.29,63.6828528,safe
BIHAR,SHEIKHPURA,SHEIKHPURA,BLOCK,15968,3331.93,3161.46,1343.4,42.49302537,safe
BIHAR,SHEOHAR,DUMRI KATSARI,BLOCK,6659,2828.71,2545.84,1700.09,66.77913773,safe
BIHAR,SHEOHAR,PIPRAHI,BLOCK,8268,3375.23,3037.7,1763.84,58.06498338,safe
BIHAR,SHEOHAR,PURNAHIYA,BLOCK,6410,2435.88,2192.29,1035.08,47.21455647,safe
BIHAR,SHEOHAR,SHEOHAR,BLOCK,9282,3813.23,3431.9,2106.16,61.37008654,safe
BIHAR,SHEOHAR,TARIYANI,BLOCK,13680,5812.21,5230.99,3502.83,66.96304141,safe
BIHAR,SITAMARHI,BAIRGANIA,BLOCK,6706,2240.61,2016.55,1260.04,62.48493715,safe
BIHAR,SITAMARHI,BAJPATTI,BLOCK,13932,4646.7,4182.03,2217.89,53.03381372,safe
BIHAR,SITAMARHI,BATHNAHA,BLOCK,19995,5652.72,5369,3362.88,62.63512758,safe
BIHAR,SITAMARHI,BELSAND,BLOCK,7688,2682.58,2414.33,1592.09,65.9433466,safe
BIHAR,SITAMARHI,BOKHRA,BLOCK,8601,2825.85,2543.26,1140.14,44.82986403,safe
BIHAR,SITAMARHI,CHORAUT,BLOCK,7366,2314.67,2083.2,623.91,29.94959677,safe
BIHAR,SITAMARHI,DUMRA,BLOCK,19542,6493.7,5844.33,2959.33,50.63591549,safe
BIHAR,SITAMARHI,MAJORGANJ,BLOCK,7554,2576.27,2318.65,1319.75,56.91889677,safe
BIHAR,SITAMARHI,NANPUR,BLOCK,10749,3589.23,3230.3,1487.9,46.06073739,safe
BIHAR,SITAMARHI,PARIHAR,BLOCK,21221,6865.83,6179.25,2392.5,38.71829105,safe
BIHAR,SITAMARHI,PARSAUNI,BLOCK,5914,2039.12,1835.21,1108.7,60.41270481,safe
BIHAR,SITAMARHI,PUPRI,BLOCK,9309,3021.91,2719.71,1305.49,48.00107364,safe
BIHAR,SITAMARHI,RIGA,BLOCK,12914,4279.18,3851.26,1937.83,50.31677944,safe
BIHAR,SITAMARHI,RUNNI SAIDPUR,BLOCK,26315,8969.66,8072.69,4528.17,56.09245493,safe
BIHAR,SITAMARHI,SONBARSA,BLOCK,17633,5247.46,4983.36,2302.65,46.20677615,safe
BIHAR,SITAMARHI,SUPPI,BLOCK,8575,2798.6,2518.74,1163.94,46.21120084,safe
BIHAR,SITAMARHI,SURSAND,BLOCK,14506,3211.12,2890.02,1165.84,40.34020526,safe
BIHAR,SIWAN,ANDAR,BLOCK,11826,4963.77,4467.39,2328.98,52.13290087,safe
BIHAR,SIWAN,BARHARIA,BLOCK,17732,8567.36,7710.63,4700.1,60.95610864,safe
BIHAR,SIWAN,BASANTPUR,BLOCK,6220,3023.28,2720.95,1426.05,52.41000386,safe
BIHAR,SIWAN,BHAGWANPUR,BLOCK,14943,6021.73,5581.86,3237.07,57.99267628,safe
BIHAR,SIWAN,DARAULI,BLOCK,17278,9432.42,8628.95,3621.93,41.97416835,safe
BIHAR,SIWAN,DARAUNDHA,BLOCK,12431,6548.44,5893.6,3106.36,52.70734356,safe
BIHAR,SIWAN,GORIAKOTHI,BLOCK,13798,6239.42,5615.47,3577.58,63.70936004,safe
BIHAR,SIWAN,GUTHANI,BLOCK,9171,4932.79,4439.51,2319.67,52.25058621,safe
BIHAR,SIWAN,HASANPURA,BLOCK,8490,3863.99,3477.6,1760.98,50.63779618,safe
BIHAR,SIWAN,HUSSAINGANJ,BLOCK,9699,4291.17,3862.05,2320.05,60.07301822,safe
BIHAR,SIWAN,LAKRI NABIGANJ,BLOCK,9521,4006.61,3605.95,2032.42,56.36295567,safe
BIHAR,SIWAN,MAHARAJGANJ,BLOCK,11542,4918.4,4426.55,2472.29,55.85139669,safe
BIHAR,SIWAN,MAIRWA,BLOCK,7977,4438.34,3994.5,1955.67,48.95906872,safe
BIHAR,SIWAN,NAUTAN,BLOCK,6462,3396.58,3056.92,1658.02,54.23825288,safe
BIHAR,SIWAN,PACHRUKHI,BLOCK,12437,4996.97,4497.28,2950.78,65.61254803,safe
BIHAR,SIWAN,RAGHUNATHPUR,BLOCK,15589,6480.89,5967.82,2914.29,48.83340985,safe
BIHAR,SIWAN,SISWAN,BLOCK,11579,4877.09,4389.37,2694.55,61.38808075,safe
BIHAR,SIWAN,SIWAN SADAR,BLOCK,12909,6815.52,6133.96,3620.37,59.02174126,safe
BIHAR,SIWAN,ZIRADEI,BLOCK,12703,6735.51,6061.96,2593.48,42.78286231,safe
BIHAR,SUPAUL,BASANTPUR,BLOCK,25153,9993.14,8993.83,4126.52,45.88167666,safe
BIHAR,SUPAUL,CHHATAPUR,BLOCK,31275,19859.5,17873.55,5083.51,28.44152393,safe
BIHAR,SUPAUL,KISHANPUR,BLOCK,19669,7447.05,6702.34,2498.08,37.27175882,safe
BIHAR,SUPAUL,MARAUNA,BLOCK,16657,4834.84,4351.35,1568.71,36.05111057,safe
BIHAR,SUPAUL,NIRMALI,BLOCK,12935,3773.21,3395.89,1289.19,37.9632438,safe
BIHAR,SUPAUL,PIPRA,BLOCK,19751,12093.15,10883.82,4481.32,41.17414658,safe
BIHAR,SUPAUL,PRATAPGANJ,BLOCK,11080,5479.03,4931.12,1261.28,25.577962,safe
BIHAR,SUPAUL,RAGHOPUR,BLOCK,20809,9517.96,8566.15,2759.78,32.2172738,safe
BIHAR,SUPAUL,SARAIGARH-BHAPTIYAHI,BLOCK,20641,8106.7,7296.03,1689.19,23.15218002,safe
BIHAR,SUPAUL,SUPAUL,BLOCK,30959,12982.76,11684.49,3627.15,31.04243317,safe
BIHAR,SUPAUL,TRIVENGANJ,BLOCK,32097,18920.32,17357.38,5150.65,29.67412132,safe
BIHAR,VAISHALI,BHAGWANPUR,BLOCK,11828,6409.21,5768.28,2741.97,47.53531382,safe
BIHAR,VAISHALI,BIDUPUR,BLOCK,11454,3980.89,3582.79,2851.27,79.58239249,Semi-Critical
BIHAR,VAISHALI,CHEHRA KALAN,BLOCK,6831,3213.81,2892.44,2014.99,69.66402069,safe
BIHAR,VAISHALI,DESRI,BLOCK,7416,2323.07,2090.77,1345.11,64.33562754,safe
BIHAR,VAISHALI,GORAUL,BLOCK,4999,3992.89,3593.61,2354.18,65.51016944,safe
BIHAR,VAISHALI,HAJIPUR,BLOCK,9888,4477.25,4029.52,4175.61,103.6254939,Over-Exploited
BIHAR,VAISHALI,JANDAHA,BLOCK,15686,5625.02,5062.52,4874.46,96.28524924,Critical
BIHAR,VAISHALI,LALGANJ,BLOCK,15032,5793.92,5214.53,3641.45,69.83275578,safe
BIHAR,VAISHALI,MAHNAR,BLOCK,9989,3086.14,2777.52,2458.89,88.52825542,Semi-Critical
BIHAR,VAISHALI,MAHUA,BLOCK,15143,8148.22,7333.41,3927.66,53.55844007,safe
BIHAR,VAISHALI,PATEHRI BELSAR,BLOCK,25657,7435.58,6692.03,2336.18,34.90988534,safe
BIHAR,VAISHALI,PATEPUR,BLOCK,14003,6450.75,5805.68,6278.48,108.1437489,Over-Exploited
BIHAR,VAISHALI,RAGHOPUR,BLOCK,22580,6946.66,6251.98,3401.92,54.41348181,safe
BIHAR,VAISHALI,RAJA PAKAR,BLOCK,7557,2658.24,2392.42,2225.89,93.03926568,Critical
BIHAR,VAISHALI,SAHDAI,BLOCK,8774,2818.73,2536.85,1672.1,65.91245048,safe
BIHAR,VAISHALI,VAISHALI,BLOCK,12681,5779.84,5201.86,3171.25,60.96377065,safe
BIHAR,WEST CHAMPARAN,BAGAHA 1,BLOCK,39607,19815.76,18067.05,3288.18,18.19987214,safe
BIHAR,WEST CHAMPARAN,BAGAHA 2,BLOCK,29593,20944.82,19097.06,2964.44,15.52301768,safe
BIHAR,WEST CHAMPARAN,BAIRIYA,BLOCK,23349,10413.75,9372.37,2483.34,26.49639312,safe
BIHAR,WEST CHAMPARAN,BETTIAH,BLOCK,6164,2723.22,2450.9,1310.15,53.45587335,safe
BIHAR,WEST CHAMPARAN,BHITAHA,BLOCK,14087,4713,4241.7,2195.77,51.76627296,safe
BIHAR,WEST CHAMPARAN,CHANPATIA,BLOCK,25786,13187.69,11868.92,2133.98,17.97956343,safe
BIHAR,WEST CHAMPARAN,GAUNAHA,BLOCK,14653,7139.74,6425.77,1763,27.43640062,safe
BIHAR,WEST CHAMPARAN,LAURIYA,BLOCK,20354,10923.14,9830.82,3457.94,35.17448188,safe
BIHAR,WEST CHAMPARAN,MADHUBANI,BLOCK,14055,4725.75,4253.18,1936.4,45.52828707,safe
BIHAR,WEST CHAMPARAN,MAINATAND,BLOCK,23446,7814.4,7137.96,1281.12,17.94798514,safe
BIHAR,WEST CHAMPARAN,MAJHAULIA,BLOCK,28615,13243.29,12308.69,5516.01,44.81394852,safe
BIHAR,WEST CHAMPARAN,NARKATIAGANJ,BLOCK,34489,14639.4,13535.33,3610.36,26.6736016,safe
BIHAR,WEST CHAMPARAN,NAUTAN,BLOCK,18850,10799.89,10117.84,4287.99,42.38048833,safe
BIHAR,WEST CHAMPARAN,PIPRASI,BLOCK,16022,5094.92,4585.42,1208.11,26.34676867,safe
BIHAR,WEST CHAMPARAN,RAMNAGAR,BLOCK,22241,11126.24,10013.62,2280.72,22.77617884,safe
BIHAR,WEST CHAMPARAN,SIKTA,BLOCK,19580,8543,7688.7,2014.26,26.19766671,safe
BIHAR,WEST CHAMPARAN,THAKARAHA,BLOCK,14396,4597.08,4137.37,642.07,15.51879576,safe
BIHAR,WEST CHAMPARAN,YOGAPATTI,BLOCK,21894,12171.31,10954.18,2655.56,24.24243531,safe
CHANDIGARH,CHANDIGARH,CHANDIGARH,UT,11400,5379.47,4841.52,3650.81,75.41,Semi-Critical
CHHATTISGARH,BALOD,BALOD,BLOCK,30425,4905.48,4414.93,3682.13,83.40177534,Semi-Critical
CHHATTISGARH,BALOD,DOUNDI,BLOCK,40963,4679.3,4353.37,2888.81,66.35801689,safe
CHHATTISGARH,BALOD,DOUNDI LOHARA,BLOCK,88332,11639,10724.11,5544.52,51.70144655,safe
CHHATTISGARH,BALOD,GUNDERDEHI,BLOCK,68070,10422.06,9379.85,6985,74.46814181,Semi-Critical
CHHATTISGARH,BALOD,GURUR,BLOCK,33680,7139.62,6425.66,6282.72,97.77548143,Critical
CHHATTISGARH,BALODA BAZAR,BALODA BAZAR,BLOCK,62320,12590.01,11463.52,4692.85,40.93725139,safe
CHHATTISGARH,BALODA BAZAR,BHATAPARA,BLOCK,47115,7327.96,6595.16,4607.49,69.86168645,safe
CHHATTISGARH,BALODA BAZAR,KASDOL,BLOCK,176339,13957.46,12561.72,6634.11,52.8121149,safe
CHHATTISGARH,BALODA BAZAR,PALARI,BLOCK,59468,12487.23,11238.5,2176.21,19.36388308,safe
CHHATTISGARH,BALODA BAZAR,SIMGA,BLOCK,61506,11626.22,10590.64,7358.12,69.47757643,safe
CHHATTISGARH,BALRAMPUR,BALRAMPUR,BLOCK,82416,5455.23,4909.7,1430.48,29.13579241,safe
CHHATTISGARH,BALRAMPUR,KUSMI,BLOCK,119559,8425.74,7583.16,1258.26,16.59281882,safe
CHHATTISGARH,BALRAMPUR,RAJPUR,BLOCK,89540,8334.55,7501.1,1661.64,22.15195105,safe
CHHATTISGARH,BALRAMPUR,RAMCHANDRAPUR,BLOCK,105873,8583,7724.7,2986,38.65522286,safe
CHHATTISGARH,BALRAMPUR,SHANKARGARH,BLOCK,63645,5048.66,4543.79,1030.25,22.67380315,safe
CHHATTISGARH,BALRAMPUR,WADRAFNAGAR,BLOCK,105098,13274,12591.01,1541.44,12.24238564,safe
CHHATTISGARH,BASTAR,BAKAWAND,BLOCK,68134,4636.56,4393.79,2019.17,45.95508661,safe
CHHATTISGARH,BASTAR,BASTANAR,BLOCK,47888,3520.97,3168.88,178.7,5.639216379,safe
CHHATTISGARH,BASTAR,BASTAR,BLOCK,89027,5547.47,4992.72,2275.01,45.56654489,safe
CHHATTISGARH,BASTAR,DARBHA,BLOCK,34077,2364.86,2128.38,253.02,11.88791475,safe
CHHATTISGARH,BASTAR,JAGDALPUR,BLOCK,50170,4354.85,3919.36,1561.49,39.84043313,safe
CHHATTISGARH,BASTAR,LOHANDIGUDA,BLOCK,57951,3520.53,3168.48,404.6,12.76952987,safe
CHHATTISGARH,BASTAR,TOKAPAL,BLOCK,36286,2340.8,2217.07,645.24,29.10327595,safe
CHHATTISGARH,BEMETARA,BEMETARA,BLOCK,72779,13631.61,12268.44,11055.83,90.11602127,Critical
CHHATTISGARH,BEMETARA,BERLA,BLOCK,77718,13073.73,11766.35,11457.31,97.37352705,Critical
CHHATTISGARH,BEMETARA,NAWAGARH,BLOCK,62498,8146.2,7618.11,7483.95,98.23893328,Critical
CHHATTISGARH,BEMETARA,SAJA,BLOCK,72486,15013.87,13512.48,12086.74,89.44871704,Semi-Critical
CHHATTISGARH,BIJAPUR,BHAIRAMGARH,BLOCK,146370,17108.79,15397.92,748.78,4.862864595,safe
CHHATTISGARH,BIJAPUR,BHOPALPATTNAM,BLOCK,92598,9701.8,8731.62,892.89,10.22593745,safe
CHHATTISGARH,BIJAPUR,BIJAPUR,BLOCK,86778,11049.33,9944.39,1639.1,16.48266007,safe
CHHATTISGARH,BIJAPUR,USOOR,BLOCK,111983,14079.26,12671.33,452.68,3.572474239,safe
CHHATTISGARH,BILASPUR,BELHA,BLOCK,87890,11341.03,10206.93,9101.2,89.16686996,Semi-Critical
CHHATTISGARH,BILASPUR,KOTA,BLOCK,83345,8292.33,7773.1,2722.43,35.0237357,safe
CHHATTISGARH,BILASPUR,MASTURI,BLOCK,73920,8507.61,7816.97,3310.63,42.35183198,safe
CHHATTISGARH,BILASPUR,TAKHATPUR,BLOCK,72440,19384.43,17445.98,12359.38,70.84371299,Semi-Critical
CHHATTISGARH,DANTEWADA,DANTEWADA,BLOCK,160453,13120.73,11808.66,1582.16,13.3983026,safe
CHHATTISGARH,DANTEWADA,GEEDAM,BLOCK,55110,4844.3,4359.87,1106.94,25.38928913,safe
CHHATTISGARH,DANTEWADA,KATEKALYAN,BLOCK,43920,5022.65,4520.38,432.47,9.567116039,safe
CHHATTISGARH,DANTEWADA,KUAKONDA,BLOCK,52383,4306.7,3876.03,635.45,16.39435195,safe
CHHATTISGARH,DHAMTARI,DHAMTARI,BLOCK,67883,24391.61,21952.45,18884.41,86.02415676,Semi-Critical
CHHATTISGARH,DHAMTARI,KURUD,BLOCK,59242,26385.54,23746.98,19268.93,81.14265477,Semi-Critical
CHHATTISGARH,DHAMTARI,MAGARLOD,BLOCK,88191,10763.02,10122.08,6639,65.589286,safe
CHHATTISGARH,DHAMTARI,NAGRI,BLOCK,33390,9445.8,8501.22,5523.3,64.9706748,safe
CHHATTISGARH,DURG,DHAMDHA,BLOCK,88249,16738.13,15064.32,12101.86,80.33459194,Semi-Critical
CHHATTISGARH,DURG,DURG,BLOCK,67517,12376.47,11138.82,9655.46,86.68297001,Semi-Critical
CHHATTISGARH,DURG,PATAN,BLOCK,76233,15876.4,14548.57,9290.22,63.85658522,safe
CHHATTISGARH,GARIABAND,CHHURA,BLOCK,44880,5737.66,5163.89,3507.44,67.92243832,safe
CHHATTISGARH,GARIABAND,DEOBHOG,BLOCK,30000,3240.94,3078.89,1372.97,44.59301891,safe
CHHATTISGARH,GARIABAND,GARIABAND,BLOCK,80280,10095.3,9085.77,5520.44,60.75918717,safe
CHHATTISGARH,GARIABAND,MAINPUR,BLOCK,48450,8619.02,7757.11,4024.17,51.87718106,safe
CHHATTISGARH,GARIABAND,RAJIM/FINGESHWAR,BLOCK,59530,9563.97,8607.57,7117.54,82.6893072,Semi-Critical
CHHATTISGARH,GOURELA-PENDRA-MARWAHI,GAURELA,BLOCK,50655,4721.75,4249.57,1138.88,26.79988799,safe
CHHATTISGARH,GOURELA-PENDRA-MARWAHI,MARWAHI,BLOCK,79547,5724.41,5151.96,1489.15,28.90453342,safe
CHHATTISGARH,GOURELA-PENDRA-MARWAHI,PENDRA,BLOCK,34921,4150.9,3917.94,2211.52,56.44598947,safe
CHHATTISGARH,JANJGIR-CHAMPA,AKALTARA,BLOCK,39699,8368.71,7639.54,2011.56,26.33090474,safe
CHHATTISGARH,JANJGIR-CHAMPA,BALODA,BLOCK,36331,4786.48,4469.94,1948.59,43.59320259,safe
CHHATTISGARH,JANJGIR-CHAMPA,BAMHANIDIH,BLOCK,34334,7249.4,6578.65,2304.17,35.02496713,safe
CHHATTISGARH,JANJGIR-CHAMPA,JANJGIR (NAWAGARH),BLOCK,60361,9384.43,8445.98,2376.03,28.13208177,safe
CHHATTISGARH,JANJGIR-CHAMPA,PAMGARH,BLOCK,44533,8110.81,7299.73,1799.18,24.64721298,safe
CHHATTISGARH,JASHPUR,BAGICHA,BLOCK,110890,6171.53,5847.82,1813.16,31.00574231,safe
CHHATTISGARH,JASHPUR,DULDULA,BLOCK,31968,1960.98,1860.17,905.51,48.67888419,safe
CHHATTISGARH,JASHPUR,JASHPUR,BLOCK,44936,3121.04,2961.98,1991.82,67.24623394,safe
CHHATTISGARH,JASHPUR,KANSABEL,BLOCK,39155,3195.45,2875.9,1525.45,53.04252582,safe
CHHATTISGARH,JASHPUR,KUNKURI,BLOCK,47537,3084.61,2776.15,1456.78,52.47483025,safe
CHHATTISGARH,JASHPUR,MANORA,BLOCK,56129,3876.55,3488.89,1024.65,29.36893969,safe
CHHATTISGARH,JASHPUR,PATHALGAON,BLOCK,57040,5250.57,4725.52,2557.28,54.11637238,safe
CHHATTISGARH,JASHPUR,PHARSABAHAR,BLOCK,63350,6483.39,5835.05,1809.72,31.01464426,safe
CHHATTISGARH,KABIRDHAM,BODLA,BLOCK,162892,14356.4,13410.83,6691.3,49.89474924,safe
CHHATTISGARH,KABIRDHAM,KAWARDHA,BLOCK,53143,14403.68,12963.31,9063.94,69.919951,safe
CHHATTISGARH,KABIRDHAM,PANDARIYA,BLOCK,111646,10962.92,9866.63,7795.35,79.00721928,Semi-Critical
CHHATTISGARH,KABIRDHAM,SAHASPUR LOHARA,BLOCK,96282,11561.82,10405.64,6966.13,66.94571406,safe
CHHATTISGARH,KANKER,ANTAGARH,BLOCK,78039,9712.79,8741.51,1036.67,11.85916392,safe
CHHATTISGARH,KANKER,BHANUPRATAPUR,BLOCK,89539,9944.5,9434.81,2431.7,25.77370397,safe
CHHATTISGARH,KANKER,CHARAMA,BLOCK,45535,7805.49,7367.75,5420.2,73.56655695,Semi-Critical
CHHATTISGARH,KANKER,DURGUKONDAL,BLOCK,61460,7880.81,7092.73,1213.47,17.10864505,safe
CHHATTISGARH,KANKER,KANKER,BLOCK,80260,8085.21,7276.68,3884.74,53.38615962,safe
CHHATTISGARH,KANKER,KOYALIBEDA,BLOCK,198183,17567.26,15810.53,2768.86,17.5127589,safe
CHHATTISGARH,KANKER,NARHARPUR,BLOCK,73020,8528.21,8069.06,4716.92,58.45687106,safe
CHHATTISGARH,KHAIRAGARH-CHHUIKHADAN_GANDAI,CHHUIKHADAN,BLOCK,68915,10098.27,9287.93,6445.84,69.40017851,safe
CHHATTISGARH,KHAIRAGARH-CHHUIKHADAN_GANDAI,KHAIRAGARH,BLOCK,80123,11477.37,10733.51,9209.54,85.80175544,Semi-Critical
CHHATTISGARH,KONDAGAON,BADERAJPUR,BLOCK,46676,3723.24,3507.92,2310.78,65.87322402,safe
CHHATTISGARH,KONDAGAON,KESHKAL,BLOCK,73004,7056.59,6678.79,2543.03,38.07620841,safe
CHHATTISGARH,KONDAGAON,KONDAGAON,BLOCK,132097,10675.57,10128.95,2038.89,20.12933226,safe
CHHATTISGARH,KONDAGAON,MAKDI,BLOCK,54583,5296.95,5032.11,2570.92,51.09029811,safe
CHHATTISGARH,KONDAGAON,PHARASGAON,BLOCK,65881,7593.56,7167.1,2519.7,35.15647891,safe
CHHATTISGARH,KORBA,KARTALA,BLOCK,65223,8153.9,7717.1,2560.62,33.18111726,safe
CHHATTISGARH,KORBA,KATGHORA,BLOCK,47116,6696.11,6026.5,4488.8,74.48436074,Semi-Critical
CHHATTISGARH,KORBA,KORBA,BLOCK,88256,9073.88,8601.29,2618.82,30.44682832,safe
CHHATTISGARH,KORBA,PALI,BLOCK,99201,9021.65,8554.74,4172.56,48.77483126,safe
CHHATTISGARH,KORBA,PODI UPRORA,BLOCK,131634,15735.63,14943.88,1817.52,12.16230323,safe
CHHATTISGARH,KOREA,BAIKUNTHPUR,BLOCK,43547,8163.38,7628.16,4824.76,63.2493288,safe
CHHATTISGARH,KOREA,SONHAT,BLOCK,29100,9302.67,8700.45,1550.6,17.82206667,safe
CHHATTISGARH,MAHASAMUND,BAGBAHARA,BLOCK,96920,14461.06,13606.02,6639.73,48.79994297,safe
CHHATTISGARH,MAHASAMUND,BASNA,BLOCK,64300,10762.6,9686.34,8351.74,86.22183405,Semi-Critical
CHHATTISGARH,MAHASAMUND,MAHASAMUND,BLOCK,116700,17438.6,16197.36,8929.43,55.12892224,safe
CHHATTISGARH,MAHASAMUND,PITHORA,BLOCK,81200,19108.9,17839.34,11163.18,62.57619396,safe
CHHATTISGARH,MAHASAMUND,SARAIPALI,BLOCK,100600,8669.04,8158.61,4170.69,51.12010502,safe
CHHATTISGARH,MANENDRAGARH-CHIRMIRI_BHARATPUR,BHARATPUR,BLOCK,226187,34597.36,31137.62,1988.42,6.38590875,safe
CHHATTISGARH,MANENDRAGARH-CHIRMIRI_BHARATPUR,KHADGAWAN,BLOCK,71739,11759.86,11124.16,3744.1,33.65737278,safe
CHHATTISGARH,MANENDRAGARH-CHIRMIRI_BHARATPUR,MANENDRAGARH,BLOCK,31914,5170.54,4869.21,1781.24,36.58170422,safe
CHHATTISGARH,MOHLA-MANPUR_AMBAGARHCHOWKI,AMBAGARH CHOWKI,BLOCK,47433,5666.97,5100.27,2507.85,49.17092625,safe
CHHATTISGARH,MOHLA-MANPUR_AMBAGARHCHOWKI,MANPUR,BLOCK,57041,6933.56,6240.21,1369.42,21.9450948,safe
CHHATTISGARH,MOHLA-MANPUR_AMBAGARHCHOWKI,MOHLA,BLOCK,50408,4570.63,4113.57,1695.95,41.22817893,safe
CHHATTISGARH,MUNGELI,LORMI,BLOCK,51146,5542.06,5085.36,2442.24,48.02491859,safe
CHHATTISGARH,MUNGELI,MUNGELI,BLOCK,61332,7479.06,6731.16,3673.68,54.57721997,safe
CHHATTISGARH,MUNGELI,PATHARIA,BLOCK,51464,5857.07,5271.36,3433.12,65.12778486,safe
CHHATTISGARH,NARAYANPUR,NARAYANPUR,BLOCK,102432,6381.14,5743.02,857.94,14.93883009,safe
CHHATTISGARH,NARAYANPUR,ORCHHA,BLOCK,248611,20021.37,18019.24,171.67,0.952703888,safe
CHHATTISGARH,RAIGARH,DHARAMJAIGARH,BLOCK,95749,12474.92,11227.43,2427.6,21.62204529,safe
CHHATTISGARH,RAIGARH,GHARGHODA,BLOCK,29935,3816.21,3434.58,2262.15,65.86394843,safe
CHHATTISGARH,RAIGARH,KHARSIYA,BLOCK,31449,3241.82,3043.96,1658.26,54.47706277,safe
CHHATTISGARH,RAIGARH,LAILUNGA,BLOCK,75115,8078.16,7645.59,957.78,12.52722157,safe
CHHATTISGARH,RAIGARH,PUSAUR,BLOCK,51030,4582.68,4124.41,3533.74,85.67867889,Semi-Critical
CHHATTISGARH,RAIGARH,RAIGARH,BLOCK,78841,7303.42,6573.07,2726.78,41.48411625,safe
CHHATTISGARH,RAIGARH,TAMNAR,BLOCK,23800,4296.89,3867.2,2773.48,71.71803889,Semi-Critical
CHHATTISGARH,RAIPUR,ABHANPUR,BLOCK,60398,12178.25,10960.42,4780.38,43.61493446,safe
CHHATTISGARH,RAIPUR,ARANG,BLOCK,90039,13238.84,11914.94,7969.04,66.88275392,safe
CHHATTISGARH,RAIPUR,DHARSIWA,BLOCK,65231,9577.2,8619.48,8108.58,94.07272829,Critical
CHHATTISGARH,RAIPUR,TILDA,BLOCK,73530,14784.12,13590.99,6899.07,50.76208576,safe
CHHATTISGARH,RAJNANDGAON,CHHURIYA,BLOCK,74787,11387.24,10248.51,4151.77,40.51096208,safe
CHHATTISGARH,RAJNANDGAON,DONGARGAON,BLOCK,40736,6896.78,6207.1,5433.07,87.52992541,Semi-Critical
CHHATTISGARH,RAJNANDGAON,DONGARGARH,BLOCK,69964,11146.99,10431.61,8744.05,83.82263141,Semi-Critical
CHHATTISGARH,RAJNANDGAON,RAJNANDGAON,BLOCK,74245,9204.94,8284.44,6184.82,74.65586087,Semi-Critical
CHHATTISGARH,SAKTI,DABHARA,BLOCK,42064,7505.23,6892.75,4040.16,58.61463132,safe
CHHATTISGARH,SAKTI,JAIJAIPUR,BLOCK,44026,13425.22,12082.7,4166.52,34.48335223,safe
CHHATTISGARH,SAKTI,MALKHARODA,BLOCK,34068,7663.43,6897.09,3356.16,48.66052205,safe
CHHATTISGARH,SAKTI,SAKTI,BLOCK,34231,5113.25,4601.92,2112.8,45.91127182,safe
CHHATTISGARH,SARANGARH-BILAIRAGH,BARAMKELA,BLOCK,60034,7551.8,7120.38,5121.19,71.92298726,Semi-Critical
CHHATTISGARH,SARANGARH-BILAIRAGH,BILAIGARH,BLOCK,92692,11814.48,10633.03,1537.29,14.45768516,safe
CHHATTISGARH,SARANGARH-BILAIRAGH,SARANGARH,BLOCK,74912,6066.59,5692.73,1824.19,32.04420375,safe
CHHATTISGARH,SUKMA,CHHINDGARH,BLOCK,79921,8438.25,8009.71,759.15,9.477871234,safe
CHHATTISGARH,SUKMA,KONTA,BLOCK,350479,29192.8,26273.52,395.79,1.506421675,safe
CHHATTISGARH,SUKMA,SUKMA,BLOCK,90799,7803.81,7023.43,545.31,7.764155121,safe
CHHATTISGARH,SURAJPUR,BHAIYATHAN,BLOCK,42608,7767.19,7328.24,4756.67,64.90876391,safe
CHHATTISGARH,SURAJPUR,ODGI,BLOCK,37389,4445.62,4001.06,1782.88,44.56019155,safe
CHHATTISGARH,SURAJPUR,PRATAPPUR,BLOCK,60013,8389.2,7550.28,5205.02,68.93810561,safe
CHHATTISGARH,SURAJPUR,PREMNAGAR,BLOCK,27892,3466.78,3120.1,1348.08,43.20630749,safe
CHHATTISGARH,SURAJPUR,RAMANUJNAGAR,BLOCK,39412,6515,5863.5,3889.59,66.33563571,safe
CHHATTISGARH,SURAJPUR,SURAJPUR,BLOCK,56474,10203.92,9693.72,7949.13,82.00288434,Semi-Critical
CHHATTISGARH,SURGUJA,AMBIKAPUR,BLOCK,57665,6836.18,6152.56,3561.67,57.88923635,safe
CHHATTISGARH,SURGUJA,BATAULI,BLOCK,32460,3455.57,3110.01,2019.23,64.92680088,safe
CHHATTISGARH,SURGUJA,LAKHANPUR,BLOCK,64699,7350.76,6615.68,3183.38,48.11871191,safe
CHHATTISGARH,SURGUJA,LUNDRA,BLOCK,61745,5555.83,5000.26,2271.79,45.43343746,safe
CHHATTISGARH,SURGUJA,MAINPAT,BLOCK,35076,2732.96,2459.66,477.57,19.41609816,safe
CHHATTISGARH,SURGUJA,SITAPUR,BLOCK,48167,4536.59,4082.92,1867.76,45.74569181,safe
CHHATTISGARH,SURGUJA,UDAIPUR,BLOCK,125630,11302.83,10722.01,2859.76,26.6718647,safe
DADRA AND NAGAR HAVELI,DADRA AND NAGAR HAVELI,DADRA NAGAR HAVELI,DISTRICT,41600,8750.36,8170.87,10747,131.5282216,Over-Exploited
DAMAN AND DIU,DAMAN AND DIU,DAMAN,DISTRICT,7090,2936.07,2789.26,4430.48,158.8406961,Over-Exploited
DAMAN AND DIU,DAMAN AND DIU,DIU,DISTRICT,4000,586.7,557.37,1282.09,230.0249386,Over-Exploited
DELHI,CENTRAL,CIVIL LINES,TEHSIL,5454,1578.79,1420.91,970.53,68.30341119,safe
DELHI,CENTRAL,KAROL BAGH,TEHSIL,512.5,166.79,150.11,171.83,114.4693891,Over-Exploited
DELHI,CENTRAL,KOTWALI,TEHSIL,1964,705.92,635.33,598.6,94.21875246,Critical
DELHI,EAST,GANDHI NAGAR,TEHSIL,138.9,88.34,79.5,72.7,91.44654088,Critical
DELHI,EAST,MAYUR VIHAR,TEHSIL,1677,798.93,719.03,711.15,98.90407911,Critical
DELHI,EAST,PREET VIHAR,TEHSIL,1344,748.76,673.88,609.06,90.38107675,Critical
DELHI,NAZUL LAND,NAZUR LAND,TEHSIL,2579,509.89,458.9,314.04,68.43320985,safe
DELHI,NEW DELHI,CHANAKYAPURI,TEHSIL,3508,594.8,535.32,703.67,131.4484794,Over-Exploited
DELHI,NEW DELHI,DELHI CANTONMENT,TEHSIL,6580,1137.5,1023.75,1281.58,125.1848596,Over-Exploited
DELHI,NEW DELHI,VASANT VIHAR,TEHSIL,5721,1180.74,1062.67,1627.27,153.1303227,Over-Exploited
DELHI,NORTH,ALIPUR,TEHSIL,11818,2007.1,1806.39,1615.52,89.43362175,Semi-Critical
DELHI,NORTH,MODEL TOWN,TEHSIL,2538,595.37,535.83,518.62,96.78816042,Critical
DELHI,NORTH,NARELA,TEHSIL,14758,2073.24,1865.92,2458.85,131.7768179,Over-Exploited
DELHI,NORTH EAST,KARAWAL NAGAR,TEHSIL,2114,678.49,610.64,694.88,113.7953622,Over-Exploited
DELHI,NORTH EAST,SEELAMPUR,TEHSIL,895.9,804.82,724.34,616.84,85.15890328,Semi-Critical
DELHI,NORTH EAST,YAMUNA VIHAR,TEHSIL,557.3,291.92,262.73,378.66,144.1251475,Over-Exploited
DELHI,NORTH WEST,KANJHAWALA,TEHSIL,8039,936.99,843.29,574.14,68.08334025,safe
DELHI,NORTH WEST,ROHINI,TEHSIL,4098,2238.67,2126.74,1299.64,61.10949152,safe
DELHI,NORTH WEST,SARASWATI VIHAR,TEHSIL,3299,537.92,484.13,404.52,83.55606965,Semi-Critical
DELHI,SHAHDARA,SEEMAPURI,TEHSIL,724.3,549.83,494.85,490.58,99.13711226,Critical
DELHI,SHAHDARA,SHAHDARA,TEHSIL,490.2,416.67,375,448.78,119.6746667,Over-Exploited
DELHI,SHAHDARA,VIVEK VIHAR,TEHSIL,2244,641.61,577.45,729.74,126.3728461,Over-Exploited
DELHI,SOUTH,HAUZ KHAS,TEHSIL,2472,1080.59,972.53,970.78,99.82005696,Critical
DELHI,SOUTH,MEHRAULI,TEHSIL,6116,1226.05,1103.45,1300.99,117.9020345,Over-Exploited
DELHI,SOUTH,SAKET,TEHSIL,7197,2167.82,1951.04,2269.33,116.3138634,Over-Exploited
DELHI,SOUTH EAST,DEFENCE COLONY,TEHSIL,3938,976.7,879.03,864.77,98.3777573,Critical
DELHI,SOUTH EAST,KALKAJI,TEHSIL,3394,1017.56,915.8,875.52,95.60165975,Critical
DELHI,SOUTH EAST,SARITA VIHAR,TEHSIL,3020,631.72,568.55,567.97,99.89798611,Critical
DELHI,SOUTH WEST,DWARKA,TEHSIL,6784,2532.89,2279.6,2275.66,99.82716266,Critical
DELHI,SOUTH WEST,KAPASHERA,TEHSIL,10879,2411.55,2170.39,2488.16,114.6411474,Over-Exploited
DELHI,SOUTH WEST,NAJAFGARH,TEHSIL,12853,2771.65,2494.49,1735.59,69.57694759,safe
DELHI,WEST,PATEL NAGAR,TEHSIL,2646,1606.52,1445.87,1395.77,96.53495819,Critical
DELHI,WEST,PUNJABI BAGH,TEHSIL,7360,1865.9,1679.31,1484.3,88.38749248,Semi-Critical
DELHI,WEST,RAJOURI GARDEN,TEHSIL,1048,580.51,522.46,630.51,120.6810091,Over-Exploited
GOA,GOA NORTH,BARDEZ,TALUK,23211,3658.28,2926.62,923.97,31.57123234,safe
GOA,GOA NORTH,BICHOLIM,TALUK,20881,2922.3,2337.84,477.49,20.42440886,safe
GOA,GOA NORTH,PERNEM,TALUK,18920,3231.35,2585.09,731.51,28.29727398,safe
GOA,GOA NORTH,SATARI,TALUK,16580,2885.68,2308.55,513.84,22.2581274,safe
GOA,GOA NORTH,TISWADI,TALUK,19395,3817.39,3053.91,682.12,22.3359562,safe
GOA,SOUTH GOA,CANCONA,TALUK,14016,3169.45,2535.56,168.82,6.658095253,safe
GOA,SOUTH GOA,DHARBANDORA,TALUK,11942,1665.43,1332.35,140.66,10.557286,safe
GOA,SOUTH GOA,MARMUGAO,TALUK,10743,1971.85,1577.49,537.74,34.0883302,safe
GOA,SOUTH GOA,PONDA,TALUK,23711,4585.9,3668.72,643.85,17.54971761,safe
GOA,SOUTH GOA,QUEPEM,TALUK,17333,3702.17,2961.74,274.14,9.256045433,safe
GOA,SOUTH GOA,SALCETE,TALUK,27735,5566.88,4453.51,1380.45,30.99689908,safe
GOA,SOUTH GOA,SANGUEM,TALUK,16492,2447.74,1958.18,300.63,15.35252122,safe
GUJARAT,AHMEDABAD,AHMEDABAD CITY & DAS,TALUK,47359.34384,13381.73,12712.65,19423.6,152.7895443,Over-Exploited
GUJARAT,AHMEDABAD,AHMEDABAD URBAN,TALUK,49642.49226,2114.66,1903.19,1784.44,93.76047583,Critical
GUJARAT,AHMEDABAD,BAVLA,TALUK,77951.94853,10505.16,9454.64,7214.11,76.30232352,Semi-Critical
GUJARAT,AHMEDABAD,DETROJ-RAMPURA,TALUK,32758.8457,529.98,476.98,261.47,54.81781207,safe
GUJARAT,AHMEDABAD,DHANDHUKA,TALUK,68812.98324,0,0,0,0,Saline
GUJARAT,AHMEDABAD,DHOLERA,TALUK,115903.6937,0,0,0,0,Saline
GUJARAT,AHMEDABAD,DHOLKA,TALUK,95401.47618,7262.07,6535.86,2816.75,43.09685336,safe
GUJARAT,AHMEDABAD,MANDAL,TALUK,48693.42876,1765.71,1589.14,1535.97,96.65416515,Critical
GUJARAT,AHMEDABAD,SANAND,TALUK,80312.21551,8087.11,7682.75,3514.87,45.75015457,safe
GUJARAT,AHMEDABAD,VIRAMGAM,TALUK,90889.6142,2303.78,2073.4,498.82,24.05806887,safe
GUJARAT,AMRELI,AMRELI,TALUK,83165.55013,17324.56,16458.33,9595.83,58.30378902,safe
GUJARAT,AMRELI,BABRA,TALUK,80075.22989,19629.23,18647.77,10756.21,57.68094523,safe
GUJARAT,AMRELI,BAGASARA,TALUK,34986.71463,6397.81,6077.92,3886.97,63.95230605,safe
GUJARAT,AMRELI,DHARI,TALUK,104422.7976,28266.45,26853.12,9828.28,36.60014181,safe
GUJARAT,AMRELI,JAFRABAD,TALUK,36461.68679,4055.8,3853.01,2168.03,56.26847582,safe
GUJARAT,AMRELI,KHAMBHA,TALUK,60140.83632,12184.47,11575.24,4826.82,41.69952416,safe
GUJARAT,AMRELI,KUNKAVAV VADIA,TALUK,55375.95725,22654.71,21521.97,9350.88,43.44806725,safe
GUJARAT,AMRELI,LATHI,TALUK,63726.77534,16072.34,15268.72,6666.1,43.6585385,safe
GUJARAT,AMRELI,LILIA,TALUK,39650.32637,5688.88,5404.43,2990.8,55.33978606,safe
GUJARAT,AMRELI,RAJULA,TALUK,84760,4451.93,4229.33,3254.38,76.94788536,Semi-Critical
GUJARAT,AMRELI,SAVAR KUNDLA,TALUK,105080.8413,19623.77,18642.58,11506.47,61.72144628,safe
GUJARAT,ANAND,ANAND,TALUK,43180.86546,14735.21,13998.45,6180.36,44.15031664,safe
GUJARAT,ANAND,ANKLAV,TALUK,18185.0099,12008.31,11407.9,3263.61,28.60833282,safe
GUJARAT,ANAND,BORSAD,TALUK,43153.49416,18407.84,17487.44,5366.79,30.68939765,safe
GUJARAT,ANAND,KHAMBHAT,TALUK,97854.52389,10701.93,9631.74,1358.12,14.10046368,safe
GUJARAT,ANAND,PETLAD,TALUK,29990.32165,17071.47,15364.33,3181.52,20.70718346,safe
GUJARAT,ANAND,SOJITRA,TALUK,14911.80055,13711.1,12339.99,2473.42,20.04393845,safe
GUJARAT,ANAND,TARAPUR,TALUK,33079.97577,18032.64,16229.38,243.09,1.497839104,safe
GUJARAT,ANAND,UMRETH,TALUK,23763.15234,11622.34,11041.22,2483.95,22.49706101,safe
GUJARAT,ARVALLI,BAYAD,TALUK,60071.46901,18932.22,17985.61,8384.35,46.61698992,safe
GUJARAT,ARVALLI,BHILODA,TALUK,57541.13868,24299.17,23084.21,8982.36,38.91127312,safe
GUJARAT,ARVALLI,DHANSURA,TALUK,37511.86563,8237.35,7825.48,3695.62,47.22547371,safe
GUJARAT,ARVALLI,MALPUR,TALUK,36765.72528,5253.67,4990.99,3463.84,69.40186216,safe
GUJARAT,ARVALLI,MEGHRAJ,TALUK,55146.3245,19662.82,18679.68,5377.95,28.79037542,safe
GUJARAT,ARVALLI,MODASA,TALUK,63335.03529,13838.89,13146.95,6026.01,45.83580222,safe
GUJARAT,BANASKANTHA,AMIRGADH,TALUK,55594.08643,9465.95,8519.35,4564.26,53.57521407,safe
GUJARAT,BANASKANTHA,BHABHAR,TALUK,43349.01062,0,0,0,0,Saline
GUJARAT,BANASKANTHA,DANTA,TALUK,75520.41318,13194.41,11874.97,5097.59,42.92718213,safe
GUJARAT,BANASKANTHA,DANTIWADA,TALUK,44663.14161,8280.86,7866.82,7927.35,100.7694342,Over-Exploited
GUJARAT,BANASKANTHA,DEESA,TALUK,108373.5605,25241.51,22717.36,32398.41,142.615207,Over-Exploited
GUJARAT,BANASKANTHA,DEODAR,TALUK,51086.30776,5368.89,4832,5349.89,110.7179222,Over-Exploited
GUJARAT,BANASKANTHA,DHANERA,TALUK,83609.76397,14238.65,12814.78,22347.46,174.3881674,Over-Exploited
GUJARAT,BANASKANTHA,KANKREJ,TALUK,85109.24481,9898.36,8908.52,13531.1,151.8894272,Over-Exploited
GUJARAT,BANASKANTHA,LAKHANI,TALUK,56887.39797,8786.57,7907.91,12599.37,159.3261684,Over-Exploited
GUJARAT,BANASKANTHA,PALANPUR,TALUK,79278.71721,17036.89,15333.2,11492.65,74.95271698,Semi-Critical
GUJARAT,BANASKANTHA,SUIGAM,TALUK,66908.62273,0,0,0,0,Saline
GUJARAT,BANASKANTHA,THARAD,TALUK,128451.3832,4796.21,4316.59,7092.44,164.3065475,Over-Exploited
GUJARAT,BANASKANTHA,VADGAM,TALUK,58249.8811,12927.01,11634.31,12443.53,106.9554619,Over-Exploited
GUJARAT,BANASKANTHA,VAV,TALUK,113053.9265,0,0,0,0,Saline
GUJARAT,BHARUCH,AMOD,TALUK,43215.51858,2430.96,2187.86,1354.21,61.89655645,safe
GUJARAT,BHARUCH,ANKLESVAR,TALUK,44062.27277,8619.39,7757.45,2138.42,27.56601718,safe
GUJARAT,BHARUCH,BHARUCH,TALUK,64115.32401,10046.43,9041.78,4119.65,45.5623782,safe
GUJARAT,BHARUCH,HANSOT,TALUK,34660.4213,5820.75,5238.68,242.55,4.629983126,safe
GUJARAT,BHARUCH,JAMBUSAR,TALUK,118041.3096,9444.83,8500.35,531.41,6.251624933,safe
GUJARAT,BHARUCH,JHAGADIA,TALUK,60608.56802,10702.96,10167.81,6074.2,59.73951126,safe
GUJARAT,BHARUCH,NETRANG,TALUK,37691.55624,6816.91,6135.22,1806.83,29.45012567,safe
GUJARAT,BHARUCH,VAGRA,TALUK,115335.6533,8580,7721.99,157.76,2.042996689,safe
GUJARAT,BHARUCH,VALIA,TALUK,28567.67591,6812.04,6130.83,3011.25,49.1165144,safe
GUJARAT,BHAVNAGAR,BHAVNAGAR,TALUK,152655.996,11067.48,10514.11,1962.89,18.66910276,safe
GUJARAT,BHAVNAGAR,GARIADHAR,TALUK,45564.45602,7066.46,6713.14,3677.66,54.78300765,safe
GUJARAT,BHAVNAGAR,GHOGHA,TALUK,44342.27854,5216.65,4955.82,2826.5,57.033952,safe
GUJARAT,BHAVNAGAR,JESAR,TALUK,50623.57867,8368.72,7950.28,2432,30.59011758,safe
GUJARAT,BHAVNAGAR,MAHUVA,TALUK,103254.7218,21145.82,20088.52,9300.89,46.29952829,safe
GUJARAT,BHAVNAGAR,PALITANA,TALUK,62959.06308,17389.5,16520.03,6815.48,41.25585728,safe
GUJARAT,BHAVNAGAR,SIHOR,TALUK,72211.61675,16062.49,15259.36,6152.1,40.31689402,safe
GUJARAT,BHAVNAGAR,TALAJA,TALUK,93777.97573,16828.24,15986.83,7945.9,49.70278661,safe
GUJARAT,BHAVNAGAR,UMRALA,TALUK,40790.51775,6575.83,6247.04,3655.9,58.52211607,safe
GUJARAT,BHAVNAGAR,VALLABHIPUR,TALUK,61967.78919,2257.66,2144.78,744.5,34.71218493,safe
GUJARAT,BOTAD,BARWALA,TALUK,35503.90522,1249.07,1186.62,564.12,47.5400718,safe
GUJARAT,BOTAD,BOTAD,TALUK,75594.85663,18348.7,17431.26,8869.51,50.88278185,safe
GUJARAT,BOTAD,GADHADA,TALUK,89672.51979,13967.48,13269.11,8844.62,66.65571391,safe
GUJARAT,BOTAD,RANPUR,TALUK,47708.58135,13213.92,12553.23,4057.32,32.32092457,safe
GUJARAT,CHHOTA UDEPUR,BODELI,TALUK,54658.57286,11903.61,10713.24,2372.24,22.14306783,safe
GUJARAT,CHHOTA UDEPUR,CHHOTA UDAIPUR,TALUK,74499.71108,9594.92,8635.43,4140.83,47.95163646,safe
GUJARAT,CHHOTA UDEPUR,JETPUR PAVI,TALUK,53268.04165,10227.3,9715.93,5975,61.49694368,safe
GUJARAT,CHHOTA UDEPUR,KAVANT,TALUK,55146.52284,10887.42,10343.05,4320.97,41.77655527,safe
GUJARAT,CHHOTA UDEPUR,NASVADI,TALUK,46859.18872,8607.05,7746.34,2248.37,29.02493307,safe
GUJARAT,CHHOTA UDEPUR,SANKHEDA,TALUK,42061.24809,8485.15,7636.64,2833.43,37.1030977,safe
GUJARAT,DAHOD,DAHOD,TALUK,25321.10172,2965.57,2817.3,1674.53,59.43740461,safe
GUJARAT,DAHOD,DEVGADH BARIA,TALUK,56364.0057,4903.7,4413.33,2303.09,52.18485815,safe
GUJARAT,DAHOD,DHANPUR,TALUK,22676.38091,2086.45,1877.8,579.39,30.85472361,safe
GUJARAT,DAHOD,FATEPURA,TALUK,30757.70406,2950.48,2655.43,1738.73,65.47828412,safe
GUJARAT,DAHOD,GARBADA,TALUK,34511.64745,3495.1,3320.35,562.92,16.95363441,safe
GUJARAT,DAHOD,LIMKHEDA,TALUK,46663.37974,5887.79,5299.01,1420.65,26.80972484,safe
GUJARAT,DAHOD,SANJELI,TALUK,14079.66727,1391.88,1252.69,643.7,51.38541858,safe
GUJARAT,DAHOD,SINGVAD,TALUK,61932.29861,5181.27,4663.14,1220.38,26.17077763,safe
GUJARAT,DAHOD,ZALOD,TALUK,59665.15632,5360.89,4824.8,2148.92,44.53904825,safe
GUJARAT,DANG,AHWA,TALUK,53133.11541,10473.87,9426.48,987.59,10.47676333,safe
GUJARAT,DANG,SUBIR,TALUK,42431.37038,7808.62,7027.75,378.68,5.388353314,safe
GUJARAT,DANG,WAGHAI,TALUK,49357.31039,12160.33,10944.3,1372.38,12.53967819,safe
GUJARAT,DEVBHUMI DWARKA,BHANVAD,TALUK,71273.19813,12573.05,11944.4,7281.7,60.96329661,safe
GUJARAT,DEVBHUMI DWARKA,KALYANPUR,TALUK,154302.8288,16031.5,15229.92,7953.09,52.22016925,safe
GUJARAT,DEVBHUMI DWARKA,KHAMBHALIA,TALUK,121673.1208,16678.93,15844.99,9347.06,58.99063363,safe
GUJARAT,DEVBHUMI DWARKA,OKHAMANDAL,TALUK,73387.83253,2503.75,2378.56,1068.39,44.91751312,safe
GUJARAT,GANDHINAGAR,DEHGAM,TALUK,62269.63241,16232.06,14608.85,14632.72,100.1633941,Over-Exploited
GUJARAT,GANDHINAGAR,GANDHINAGAR,TALUK,67292.463,15943.97,14349.57,17073.89,118.9853773,Over-Exploited
GUJARAT,GANDHINAGAR,KALOL,TALUK,47785.38643,18996.99,18047.14,13128.12,72.74349287,Semi-Critical
GUJARAT,GANDHINAGAR,MANSA,TALUK,38173.15625,11783.03,10604.72,8340.61,78.6499785,Semi-Critical
GUJARAT,GIR SOMNATH,GIR GADHDA,TALUK,94933.39088,10912.03,9820.83,3044.96,31.00511871,safe
GUJARAT,GIR SOMNATH,KODINAR,TALUK,52080.40105,14899.11,13409.19,7241.4,54.00326194,safe
GUJARAT,GIR SOMNATH,PATAN-VERAVAL,TALUK,36123.71534,8692.43,7823.18,4958.98,63.38828967,safe
GUJARAT,GIR SOMNATH,SUTRAPADA,TALUK,32212.433,20668.6,19635.17,5335.97,27.17557322,safe
GUJARAT,GIR SOMNATH,TALALA,TALUK,49250.52921,10564.05,10035.85,5925.44,59.04273181,safe
GUJARAT,GIR SOMNATH,UNA,TALUK,63987.87695,10271.71,9244.54,5572.3,60.2766606,safe
GUJARAT,JAMNAGAR,DHROL,TALUK,56714.80897,7708.85,7323.4,4786.16,65.35434361,safe
GUJARAT,JAMNAGAR,JAMJODHPUR,TALUK,111271.2103,20851.87,19809.27,9662.17,48.77600235,safe
GUJARAT,JAMNAGAR,JAMNAGAR,TALUK,142773.8844,54381.2,51662.14,12556.2,24.30445196,safe
GUJARAT,JAMNAGAR,JODIYA,TALUK,96273.37952,7768.6,7380.17,2276.73,30.84928938,safe
GUJARAT,JAMNAGAR,KALAVAD,TALUK,125289.1426,30767.93,29229.53,13899.87,47.55420289,safe
GUJARAT,JAMNAGAR,LALPUR,TALUK,110025.9682,26631.06,25299.51,8064.14,31.87468848,safe
GUJARAT,JUNAGADH,BHESAN,TALUK,43836.85566,10554.29,10026.58,6482.64,64.65454821,safe
GUJARAT,JUNAGADH,JUNAGADH CITY & JUNA,TALUK,59761.95017,15682.19,14898.08,8671.06,58.20253348,safe
GUJARAT,JUNAGADH,KESHOD,TALUK,57174.88362,15107.99,14352.59,8927.97,62.20459165,safe
GUJARAT,JUNAGADH,MALIA,TALUK,58643.1536,16535.55,15708.78,6930.38,44.11787548,safe
GUJARAT,JUNAGADH,MANAVADAR,TALUK,60794.91405,17307.24,16441.87,7640.66,46.47074816,safe
GUJARAT,JUNAGADH,MANGROL,TALUK,52966.9664,8578.59,8149.66,3938.94,48.33256848,safe
GUJARAT,JUNAGADH,MENDARDA,TALUK,85332.53329,24821.67,23580.59,5337.5,22.63514187,safe
GUJARAT,JUNAGADH,VANTHALI,TALUK,39176.63904,15097.91,14343.02,5477.87,38.19188706,safe
GUJARAT,JUNAGADH,VISAVADAR,TALUK,89436.35357,38460.15,36537.14,11682.04,31.97305536,safe
GUJARAT,KACHCHH,ABDASA,TALUK,268985.7319,11706.65,11121.31,3786.57,34.04787745,safe
GUJARAT,KACHCHH,ANJAR,TALUK,132813.6622,13784.24,12405.82,5702.96,45.97003664,safe
GUJARAT,KACHCHH,BHACHAU,TALUK,199960,5839.04,5255.14,5871.53,111.7292784,Over-Exploited
GUJARAT,KACHCHH,BHUJ,TALUK,452840,14252.26,12827.03,15521.43,121.005642,Over-Exploited
GUJARAT,KACHCHH,GANDHIDHAM,TALUK,21851.47906,0,0,0,0,Saline
GUJARAT,KACHCHH,LAKHPAT,TALUK,219703.2909,11856.85,10671.16,1184.41,11.09916823,safe
GUJARAT,KACHCHH,MANDVI,TALUK,148073.7673,6196.66,5576.99,5320.71,95.40468963,Critical
GUJARAT,KACHCHH,MUNDRA,TALUK,106787.8492,9066.39,8159.75,4003.71,49.06657679,safe
GUJARAT,KACHCHH,NAKHATRANA,TALUK,198360,12564.75,11936.51,5445.58,45.62120754,safe
GUJARAT,KACHCHH,RAPAR,TALUK,299760,15619.02,14057.12,2890.61,20.56331596,safe
GUJARAT,KHEDA,GALTESHWAR,TALUK,23293.93028,1821.89,1639.7,1005.15,61.30084772,safe
GUJARAT,KHEDA,KAPADVANJ,TALUK,64003.94785,12650.68,11385.61,5722.02,50.25659583,safe
GUJARAT,KHEDA,KATHLAL,TALUK,34624.76944,7531.63,6778.46,2988.41,44.08685749,safe
GUJARAT,KHEDA,KHEDA,TALUK,30274.17558,3710.57,3525.04,889.25,25.22666409,safe
GUJARAT,KHEDA,MAHUDHA,TALUK,25325.37884,7935.67,7142.1,1945.33,27.23750718,safe
GUJARAT,KHEDA,MATAR,TALUK,35347.987,7483.46,7109.29,1621.69,22.81085734,safe
GUJARAT,KHEDA,MEHMEDABAD,TALUK,40027.46621,8893.6,8004.24,5025.48,62.78522383,safe
GUJARAT,KHEDA,NADIAD,TALUK,33093.77049,17440.48,15696.43,6948.59,44.2686012,safe
GUJARAT,KHEDA,THASRA,TALUK,44923.42345,9486.6,8537.93,2768.23,32.4227301,safe
GUJARAT,KHEDA,VASO,TALUK,12849.45358,5602.5,5042.25,1282.37,25.43249541,safe
GUJARAT,MAHESANA,BECHARAJI,TALUK,41342.5555,3660,3294,3964.95,120.3688525,Over-Exploited
GUJARAT,MAHESANA,JOTANA,TALUK,22204.49837,2487.3,2238.58,2777.08,124.055428,Over-Exploited
GUJARAT,MAHESANA,KADI,TALUK,78976.21038,8874.4,8430.68,7335.39,87.00828403,Semi-Critical
GUJARAT,MAHESANA,KHERALU,TALUK,31654.48501,7361.99,6625.79,12349.1,186.3792846,Over-Exploited
GUJARAT,MAHESANA,MAHESANA,TALUK,68226.45542,13111.12,11800.01,10748.71,91.09068552,Critical
GUJARAT,MAHESANA,SATLASANA,TALUK,28951.9632,7339.68,6605.72,7136.45,108.0344005,Over-Exploited
GUJARAT,MAHESANA,UNJHA,TALUK,32416.54003,8591.94,7732.74,5751.04,74.37260273,Semi-Critical
GUJARAT,MAHESANA,VADNAGAR,TALUK,32759.21442,6117.23,5505.51,7169.43,130.2228131,Over-Exploited
GUJARAT,MAHESANA,VIJAPUR,TALUK,55790.20288,14419.17,12977.25,14486.05,111.6265002,Over-Exploited
GUJARAT,MAHESANA,VISNAGAR,TALUK,48425.85957,6452.8,5807.52,5119.82,88.15845662,Semi-Critical
GUJARAT,MAHISAGAR,BALASINOR,TALUK,30314.60575,4363.27,3926.95,2045.49,52.08851653,safe
GUJARAT,MAHISAGAR,KADANA,TALUK,40488.53951,5566.18,5009.56,1607.98,32.09822819,safe
GUJARAT,MAHISAGAR,KHANPUR,TALUK,32858.54065,5071.35,4564.22,2195.79,48.10876776,safe
GUJARAT,MAHISAGAR,LUNAWADA,TALUK,62825.43759,8364.95,7528.45,3320.61,44.1074856,safe
GUJARAT,MAHISAGAR,SANTRAMPUR,TALUK,53227.19427,5456.12,4910.51,2625.51,53.46715514,safe
GUJARAT,MAHISAGAR,VIRPUR,TALUK,26186.73764,2953.69,2658.32,1696.19,63.80684041,safe
GUJARAT,MORBI,HALVAD,TALUK,126148.8757,21275.42,19147.88,7893.88,41.22586939,safe
GUJARAT,MORBI,MALIYA,TALUK,75610.36811,0,0,0,0,Saline
GUJARAT,MORBI,MORBI,TALUK,130609.7765,14204.38,13494.16,4610.1,34.16366784,safe
GUJARAT,MORBI,TANKARA,TALUK,56376.1041,16838.54,15996.61,7654.76,47.85238872,safe
GUJARAT,MORBI,WANKANER,TALUK,110524.5969,21296.82,20231.97,11455.86,56.6225632,safe
GUJARAT,NARMADA,DEDIAPADA,TALUK,90556.02929,8625.76,7763.19,2787.7,35.90920743,safe
GUJARAT,NARMADA,GARUDESHWAR,TALUK,39998.27827,4546.86,4319.52,1744.53,40.38712635,safe
GUJARAT,NARMADA,NANDOD,TALUK,55930.23194,18447.86,17525.47,12936.31,73.81433993,Semi-Critical
GUJARAT,NARMADA,SAGBARA,TALUK,40249.26938,4842.45,4358.21,2012.07,46.16734852,safe
GUJARAT,NARMADA,TILAKWADA,TALUK,24261.57515,4074.96,3871.21,1629.58,42.0948489,safe
GUJARAT,NAVSARI,BANSDA,TALUK,54520.3135,17029.53,15326.57,2004.28,13.07715947,safe
GUJARAT,NAVSARI,CHIKHLI,TALUK,46491.25108,14973.78,14225.09,5554.31,39.04586895,safe
GUJARAT,NAVSARI,GANDEVI,TALUK,29127.01318,9652.99,8687.69,4079.12,46.9528724,safe
GUJARAT,NAVSARI,JALALPORE,TALUK,49573.60165,23517.95,22342.05,3868.37,17.31430196,safe
GUJARAT,NAVSARI,KHERGAM,TALUK,12261.03988,3986.78,3787.44,2630.87,69.4630146,safe
GUJARAT,NAVSARI,NAVSARI,TALUK,24808.93352,11919.56,11323.59,2407.4,21.26004209,safe
GUJARAT,PANCHMAHAL,GHOGHAMBA,TALUK,49390.92784,4183.47,3765.13,2512.49,66.73049802,safe
GUJARAT,PANCHMAHAL,GODHRA,TALUK,76844.96884,16927.38,16081.01,2376.62,14.77904684,safe
GUJARAT,PANCHMAHAL,HALOL,TALUK,50214.56976,9275.43,8347.89,1827.78,21.89511362,safe
GUJARAT,PANCHMAHAL,JAMBUGHODA,TALUK,13388.66266,2226.1,2003.49,633.02,31.59586522,safe
GUJARAT,PANCHMAHAL,KALOL,TALUK,40292.59853,9629.65,9148.17,1854.39,20.2706115,safe
GUJARAT,PANCHMAHAL,MORWA HADAF,TALUK,32422.10152,3010.66,2709.6,734,27.08886921,safe
GUJARAT,PANCHMAHAL,SHEHRA,TALUK,62920.57905,11154.19,10596.48,1546.9,14.59824395,safe
GUJARAT,PATAN,CHANASMA,TALUK,45487.15207,1194.53,1075.08,1166.93,108.5435502,Over-Exploited
GUJARAT,PATAN,HARIJ,TALUK,45977.42962,0,0,0,0,Saline
GUJARAT,PATAN,PATAN,TALUK,47121.59699,13301.97,11971.77,9049.82,75.5929992,Semi-Critical
GUJARAT,PATAN,RADHANPUR,TALUK,60906.72772,0,0,0,0,Saline
GUJARAT,PATAN,SAMI,TALUK,85199.6765,0,0,0,0,Saline
GUJARAT,PATAN,SANKHESWAR,TALUK,62743.96125,0,0,0,0,Saline
GUJARAT,PATAN,SANTALPUR,TALUK,128361.6826,0,0,0,0,Saline
GUJARAT,PATAN,SARSVATI(PATAN),TALUK,55374.73302,12071.03,10863.93,14351.49,132.1021951,Over-Exploited
GUJARAT,PATAN,SIDHPUR,TALUK,37477.80707,13150.13,12492.63,11375.76,91.05976884,Critical
GUJARAT,PORBANDAR,KUTIYANA,TALUK,57793.5825,7355.35,6987.58,3146.35,45.02774924,safe
GUJARAT,PORBANDAR,PORBANDAR,TALUK,114387.7241,7665.43,6898.89,4181.24,60.60743105,safe
GUJARAT,PORBANDAR,RANAVAV,TALUK,58359.37742,7788.75,7399.32,3337.3,45.10279323,safe
GUJARAT,RAJKOT,DHORAJI,TALUK,49201.21153,12052.55,11449.93,9054.72,79.08100748,Semi-Critical
GUJARAT,RAJKOT,GONDAL,TALUK,120761.2164,38256.81,36343.97,17604.48,48.43851676,safe
GUJARAT,RAJKOT,JAMKANDORNA,TALUK,57244.23548,15352.31,14584.69,8766.91,60.1103623,safe
GUJARAT,RAJKOT,JASDAN,TALUK,77676.29649,16831.64,15990.06,15562.67,97.32715199,Critical
GUJARAT,RAJKOT,JETPUR,TALUK,68452.50943,16025.5,15224.23,9995.56,65.65560294,safe
GUJARAT,RAJKOT,KOTADA SANGANI,TALUK,44685.95415,10470.23,9946.72,5786.81,58.17807277,safe
GUJARAT,RAJKOT,LODHIKA,TALUK,37740.09988,9031.05,8579.5,4670.05,54.43265925,safe
GUJARAT,RAJKOT,PADDHARI,TALUK,59015.36484,9759.9,9271.9,6512.07,70.2344719,Semi-Critical
GUJARAT,RAJKOT,RAJKOT,TALUK,102252.8044,27217.2,25856.34,12988.18,50.23209008,safe
GUJARAT,RAJKOT,RAJKOT URBAN,TALUK,16817.46097,2335.9,2219.1,0.89,0.040106349,safe
GUJARAT,RAJKOT,UPLETA,TALUK,79876.85057,14132.96,13426.31,9418.59,70.15024977,Semi-Critical
GUJARAT,RAJKOT,VINCHCHIYA,TALUK,62534.82036,9361.04,8892.99,7613.32,85.61035152,Semi-Critical
GUJARAT,SABARKANTHA,HIMATNAGAR,TALUK,85809.72229,17408.27,15667.44,11791.26,75.25964676,Semi-Critical
GUJARAT,SABARKANTHA,IDAR,TALUK,84030.93797,16958.46,15262.61,10958.79,71.80154639,Semi-Critical
GUJARAT,SABARKANTHA,KHEDBRAHMA,TALUK,47582.76041,8351,7515.9,3806.95,50.6519512,safe
GUJARAT,SABARKANTHA,POSHINA,TALUK,37297.9601,5782.34,5204.11,1820.76,34.98696223,safe
GUJARAT,SABARKANTHA,PRANTIJ,TALUK,40809.49511,8030.16,7227.14,8660.93,119.8389681,Over-Exploited
GUJARAT,SABARKANTHA,TALOD,TALUK,43936.70268,10376.32,9338.69,5826.77,62.39386895,safe
GUJARAT,SABARKANTHA,VADALI,TALUK,33317.37237,6861.67,6175.51,5178.3,83.85218387,Semi-Critical
GUJARAT,SABARKANTHA,VIJAYNAGAR,TALUK,34593.45239,8519.01,7667.11,4764.16,62.13762422,safe
GUJARAT,SURAT,BARDOLI,TALUK,38414.96817,11648.43,10483.59,5757.1,54.91534865,safe
GUJARAT,SURAT,KAMREJ,TALUK,32935.9248,14117.34,13411.47,5764.44,42.98141814,safe
GUJARAT,SURAT,MAHUVA,TALUK,35923.42808,11559.55,10403.59,4711.97,45.29176948,safe
GUJARAT,SURAT,MANDVI,TALUK,72997.33107,23342.57,21008.32,5376.59,25.59266995,safe
GUJARAT,SURAT,MANGROL,TALUK,57615.60301,20344.38,19327.16,2488.95,12.87799139,safe
GUJARAT,SURAT,OLPAD,TALUK,56302.52031,13940.61,12546.55,1289.27,10.27589258,safe
GUJARAT,SURAT,PALSANA,TALUK,19588.71081,11907.04,10716.33,6872.5,64.13109712,safe
GUJARAT,SURAT,SURAT CITY & CHORASI,TALUK,22033.43238,9173.82,8256.44,4063.97,49.22181957,safe
GUJARAT,SURAT,SURAT URBAN,TALUK,44321.02579,14073.49,13369.82,15417.82,115.3180821,Over-Exploited
GUJARAT,SURAT,UMARPADA,TALUK,41107.43817,13487.05,12812.69,1055.07,8.23457057,safe
GUJARAT,SURENDRANAGAR,CHOTILA,TALUK,81190.83506,17967.95,17069.55,9755.64,57.15229751,safe
GUJARAT,SURENDRANAGAR,CHUDA,TALUK,52298.80346,5257.68,4731.91,3449.71,72.90311946,Semi-Critical
GUJARAT,SURENDRANAGAR,DASADA,TALUK,171435.7708,5057.37,4551.64,334.22,7.342847853,safe
GUJARAT,SURENDRANAGAR,DHRANGADHRA,TALUK,137120.1391,19429.64,18458.15,8205.66,44.45548443,safe
GUJARAT,SURENDRANAGAR,LAKHTAR,TALUK,74380.96276,3237.72,3075.83,226,7.347610239,safe
GUJARAT,SURENDRANAGAR,LIMBDI,TALUK,116536.8661,3022.09,2719.88,178.71,6.570510464,safe
GUJARAT,SURENDRANAGAR,MULI,TALUK,91265.7834,8859.98,8416.98,4386.75,52.11786175,safe
GUJARAT,SURENDRANAGAR,SAYLA,TALUK,92527.13946,10254.06,9741.35,5749.12,59.01769262,safe
GUJARAT,SURENDRANAGAR,THANGADH,TALUK,29647.95224,5068.55,4815.13,2750.06,57.11289207,safe
GUJARAT,SURENDRANAGAR,WADHWAN,TALUK,81202.95522,4175.63,3966.85,1951.52,49.19570944,safe
GUJARAT,TAPI,DOLVAN,TALUK,36090.41388,8327.48,7494.73,1855.6,24.75873047,safe
GUJARAT,TAPI,KUKARMUNDA,TALUK,17373.88212,2904.54,2614.08,1823,69.737728,safe
GUJARAT,TAPI,NIZAR,TALUK,24920.78087,2893.14,2748.49,1698.4,61.79393049,safe
GUJARAT,TAPI,SONGADH,TALUK,110400.8905,28331.15,25498.03,5581.39,21.88949499,safe
GUJARAT,TAPI,UCHCHHAL,TALUK,55139.40679,7476.72,6729.05,1410.1,20.95540975,safe
GUJARAT,TAPI,VALOD,TALUK,20332.40429,7966.56,7169.9,3191.57,44.51345207,safe
GUJARAT,TAPI,VYARA,TALUK,44292.5799,12675.61,11408.04,5373.83,47.10563778,safe
GUJARAT,VADODARA,DABHOI,TALUK,63439.43113,18050.37,17147.85,7594.82,44.29021714,safe
GUJARAT,VADODARA,DESAR,TALUK,23164.57126,3563.41,3385.24,2481.89,73.31503822,Semi-Critical
GUJARAT,VADODARA,KARJAN,TALUK,59127.52304,17421.77,16550.69,9739.97,58.84932894,safe
GUJARAT,VADODARA,PADRA,TALUK,51635.36477,11290.06,10161.05,9866.95,97.10561409,Critical
GUJARAT,VADODARA,SAVLI,TALUK,56913.80153,11212.69,10091.42,5190.25,51.43230586,safe
GUJARAT,VADODARA,SINOR,TALUK,28646.2724,8015.68,7614.89,6776.91,88.99550749,Semi-Critical
GUJARAT,VADODARA,VADODARA,TALUK,44384.68614,15566.69,14788.36,14450.99,97.71867874,Critical
GUJARAT,VADODARA,VADODARA URBAN,TALUK,22368.61599,7815.35,7424.58,4484.29,60.39789456,safe
GUJARAT,VADODARA,VAGHODIA,TALUK,56718.61981,11335.34,10768.57,2441.35,22.6710696,safe
GUJARAT,VALSAD,DHARAMPUR,TALUK,51658.52385,13966.86,12570.18,4400.04,35.0037947,safe
GUJARAT,VALSAD,KAPRADA,TALUK,52064.81363,18300,16470,2396.69,14.55185185,safe
GUJARAT,VALSAD,PARDI,TALUK,28423.59152,8713.43,7842.08,2863.59,36.51569482,safe
GUJARAT,VALSAD,UMERGAM,TALUK,38352.46001,11867.68,10680.92,1711.53,16.02418144,safe
GUJARAT,VALSAD,VALSAD,TALUK,53184.99911,17911.47,16120.33,5553.07,34.44761987,safe
GUJARAT,VALSAD,VAPI,TALUK,14703.34002,5164.31,4647.88,1220.77,26.2650929,safe
HARYANA,AMBALA,AMBALA-I,BLOCK,19317.59655,9605.3,8644.77,8475.9,98.04656457,Critical
HARYANA,AMBALA,AMBALA-II,BLOCK,35123.1141,7540.98,6786.88,5781.08,85.18023009,Semi-Critical
HARYANA,AMBALA,BARARA,BLOCK,23038.0183,6990.69,6291.62,9238.3,146.8349964,Over-Exploited
HARYANA,AMBALA,NARAINGARH,BLOCK,27428.78003,7714.11,6942.7,10441.04,150.3887537,Over-Exploited
HARYANA,AMBALA,SAHA,BLOCK,25847.58621,7151.92,6436.73,11313.76,175.7687521,Over-Exploited
HARYANA,AMBALA,SHAHZADPUR,BLOCK,20149.79697,4882.95,4394.65,3353.66,76.31233432,Semi-Critical
HARYANA,BHIWANI,BAWANI KHERA,BLOCK,40587.22978,7045.52,6340.96,3830.4,60.40725695,safe
HARYANA,BHIWANI,BEHAL,BLOCK,29577.64083,4042.74,3638.46,5610.24,154.1927079,Over-Exploited
HARYANA,BHIWANI,BHIWANI,BLOCK,85484.60195,8979.96,8081.96,5555,68.73332706,safe
HARYANA,BHIWANI,KAIRU,BLOCK,28708.95793,3059.66,2753.69,4491,163.0902534,Over-Exploited
HARYANA,BHIWANI,LOHARU,BLOCK,36729.21756,4596.57,4136.92,6683.5,161.5573905,Over-Exploited
HARYANA,BHIWANI,SIWANI,BLOCK,56757.82916,7843.56,7059.2,3412,48.33408885,safe
HARYANA,BHIWANI,TOSHAM,BLOCK,50849.91729,10435.88,9914.09,15133.4,152.6453764,Over-Exploited
HARYANA,CHARKHI DADRI,BADHRA,BLOCK,23436.54332,7148.45,6433.6,14619.1,227.2304775,Over-Exploited
HARYANA,CHARKHI DADRI,BAUND,BLOCK,36585.37829,4904.39,4413.95,1125,25.48737525,safe
HARYANA,CHARKHI DADRI,CHARKHI DADRI,BLOCK,43137.09395,4632.92,4169.63,2542.75,60.98262915,safe
HARYANA,CHARKHI DADRI,JHOJHU,BLOCK,34001.67312,4034.8,3631.32,5184.73,142.7781082,Over-Exploited
HARYANA,FARIDABAD,BALLABGARH,BLOCK,15863.72199,3342.8,3008.52,7423.61,246.7528885,Over-Exploited
HARYANA,FARIDABAD,FARIDABAD,BLOCK,16738.20633,5670.93,5103.83,7772.65,152.2905348,Over-Exploited
HARYANA,FARIDABAD,FARIDABAD_URBAN,BLOCK,19500.75,1737.36,1563.62,5347.9,342.0204397,Over-Exploited
HARYANA,FARIDABAD,TIGAON,BLOCK,13458.73977,2327.48,2094.73,3049.89,145.5982394,Over-Exploited
HARYANA,FATEHABAD,BHATTU KALAN,BLOCK,36362.05748,4060.13,3654.11,3546.56,97.05673885,Critical
HARYANA,FATEHABAD,BHUNA,BLOCK,38581.4988,7496.09,7121.28,6944.5,97.51758111,Critical
HARYANA,FATEHABAD,FATEHABAD,BLOCK,55434.13968,8313.68,7482.31,14836.13,198.2827496,Over-Exploited
HARYANA,FATEHABAD,JAKHAL,BLOCK,15291.21661,7198.51,6478.66,13800.47,213.0142653,Over-Exploited
HARYANA,FATEHABAD,NAGPUR,BLOCK,28808.70461,5836.71,5253.04,12108.95,230.5131886,Over-Exploited
HARYANA,FATEHABAD,RATIA,BLOCK,37787.99728,21232.95,19109.65,46412.57,242.8750396,Over-Exploited
HARYANA,FATEHABAD,TOHANA,BLOCK,40246.76763,17334.58,15601.12,20401.08,130.7667655,Over-Exploited
HARYANA,GURGAON,FARRUKH NAGAR,BLOCK,28608.9534,4150.72,3735.65,5903.38,158.0281879,Over-Exploited
HARYANA,GURGAON,GURGAON,BLOCK,8331,1741.75,1654.66,1989.96,120.2639817,Over-Exploited
HARYANA,GURGAON,GURGAON_URBAN,BLOCK,31911.4468,6153.82,5538.43,18077.73,326.405317,Over-Exploited
HARYANA,GURGAON,PATAUDI,BLOCK,27502.78308,5086.17,4577.55,8959.55,195.7280641,Over-Exploited
HARYANA,GURGAON,SOHNA,BLOCK,25891.50715,5197.61,4677.85,8262.87,176.6381992,Over-Exploited
HARYANA,HISAR,ADAMPUR,BLOCK,36692.7869,3621.97,3259.77,1723.45,52.87029453,safe
HARYANA,HISAR,AGROHA,BLOCK,32989.38412,6677.9,6010.11,5877.23,97.78905877,Critical
HARYANA,HISAR,BARWALA,BLOCK,50633.26336,11006.72,9906.04,8887.8,89.72101869,Semi-Critical
HARYANA,HISAR,HANSI,BLOCK,58827.6,8041.34,7237.2,4615.27,63.77148621,safe
HARYANA,HISAR,HANSI-II,BLOCK,29922.61496,6104.55,5799.33,3517.45,60.65269609,safe
HARYANA,HISAR,HISAR-I,BLOCK,62292.97211,8481.03,8056.98,4649.1,57.70276208,safe
HARYANA,HISAR,HISAR-II,BLOCK,72208.82246,5053,4800.35,3285.2,68.43667649,safe
HARYANA,HISAR,NARNAUND,BLOCK,40985.49776,7646.89,6882.2,15003.75,218.0080498,Over-Exploited
HARYANA,HISAR,UKLANA,BLOCK,22974.35525,3614.45,3433.72,1274,37.10261757,safe
HARYANA,JHAJJAR,BADLI,BLOCK,20877.4447,2706.43,2435.79,1637.72,67.23568124,safe
HARYANA,JHAJJAR,BAHADURGARH,BLOCK,39644.16482,9026.93,8124.24,5177.16,63.72485303,safe
HARYANA,JHAJJAR,BERI,BLOCK,32791.16074,7180.42,6462.38,2972.8,46.00162788,safe
HARYANA,JHAJJAR,JHAJJAR,BLOCK,30829.1746,5518.83,4966.94,3202.7,64.48034403,safe
HARYANA,JHAJJAR,MACHHRAULI,BLOCK,16846.85044,2053.75,1848.38,1242.12,67.20046744,safe
HARYANA,JHAJJAR,MATANNAIL,BLOCK,36214.34682,6004.22,5403.8,1934.76,35.8036937,safe
HARYANA,JHAJJAR,SALHAWAS,BLOCK,16261.64512,4370.36,4151.85,1911.05,46.02887869,safe
HARYANA,JIND,ALEWA,BLOCK,23546.96642,6630.38,5967.34,7444.2,124.7490507,Over-Exploited
HARYANA,JIND,JIND,BLOCK,47698.48393,20362.44,19344.32,22962.22,118.7026476,Over-Exploited
HARYANA,JIND,JULANA,BLOCK,35171.88231,8840.99,7956.89,3564.13,44.7930033,safe
HARYANA,JIND,NARWANA,BLOCK,33294.78001,5743.42,5456.25,2842.08,52.08852234,safe
HARYANA,JIND,PILLUKHERA,BLOCK,21549.56866,7576.74,6819.07,5778.09,84.73428195,Semi-Critical
HARYANA,JIND,SAFIDON,BLOCK,31433.7717,12929.72,11636.75,15796.48,135.7464928,Over-Exploited
HARYANA,JIND,UCHANA,BLOCK,50720.52676,15037.5,14285.62,15414.41,107.9015822,Over-Exploited
HARYANA,JIND,UJHANA,BLOCK,31675.47038,7831.7,7048.53,8852.06,125.587321,Over-Exploited
HARYANA,KAITHAL,DHAND,BLOCK,21998.58068,4468.16,4021.34,8132.19,202.225875,Over-Exploited
HARYANA,KAITHAL,GUHLA,BLOCK,39160.06913,8493.37,7644.03,17006.62,222.4823817,Over-Exploited
HARYANA,KAITHAL,KAITHAL,BLOCK,51093.0386,9504.34,8553.91,15410.14,180.1531697,Over-Exploited
HARYANA,KAITHAL,KALAYAT,BLOCK,32689.10568,5029.52,4778.05,7380.13,154.4590366,Over-Exploited
HARYANA,KAITHAL,PUNDRI,BLOCK,30757.73369,8461.3,7615.17,14724.68,193.3598331,Over-Exploited
HARYANA,KAITHAL,RAJOUND,BLOCK,24482.78577,5177.7,4659.93,8868.16,190.3067213,Over-Exploited
HARYANA,KAITHAL,SIWAN,BLOCK,27232.8398,6099.09,5489.18,11352.57,206.8172295,Over-Exploited
HARYANA,KARNAL,ASSANDH,BLOCK,39297.4309,9351.6,8416.44,14741.82,175.1550537,Over-Exploited
HARYANA,KARNAL,GHARAUNDA (PART),BLOCK,28625.50386,9656.4,8690.76,13954.64,160.5686959,Over-Exploited
HARYANA,KARNAL,INDRI,BLOCK,24300.7791,13510.61,12835.08,12310.8,95.91525725,Critical
HARYANA,KARNAL,KARNAL,BLOCK,28811.8015,12135.7,10922.13,17971.42,164.5413486,Over-Exploited
HARYANA,KARNAL,KUNJPURA,BLOCK,23092.29028,6199.79,5579.81,9696.96,173.7865626,Over-Exploited
HARYANA,KARNAL,MUNAK,BLOCK,27113.29953,6957.55,6261.79,14322.53,228.7290056,Over-Exploited
HARYANA,KARNAL,NILOKHERI,BLOCK,39957.54021,17894,16104.6,33547.51,208.3101102,Over-Exploited
HARYANA,KARNAL,NISSING AT CHIRAO,BLOCK,35853.05382,19097.45,17187.7,32167.93,187.1566876,Over-Exploited
HARYANA,KURUKSHETRA,BABAIN,BLOCK,13395.58944,3048.47,2743.62,6323.64,230.4852713,Over-Exploited
HARYANA,KURUKSHETRA,ISMAILABAD,BLOCK,20106.69293,5827.06,5244.35,12616.56,240.5743324,Over-Exploited
HARYANA,KURUKSHETRA,LADWA,BLOCK,15675.03766,4196.82,3777.14,10963.82,290.2677687,Over-Exploited
HARYANA,KURUKSHETRA,PEHOWA,BLOCK,42413.27306,10034.38,9030.95,16864.11,186.7368328,Over-Exploited
HARYANA,KURUKSHETRA,PIPLI,BLOCK,17731.99942,4329.51,4113.04,9240.56,224.664968,Over-Exploited
HARYANA,KURUKSHETRA,SHAHBAD,BLOCK,27598.08286,6674.43,6006.99,11699.98,194.7727564,Over-Exploited
HARYANA,KURUKSHETRA,THANESAR,BLOCK,31499.60601,7120,6408,16757.44,261.5081149,Over-Exploited
HARYANA,MAHENDRAGARH,ATELI NANGAL,BLOCK,21405.2338,3901.35,3511.21,4308.92,122.7189487,Over-Exploited
HARYANA,MAHENDRAGARH,KANINA,BLOCK,35363.83487,6525.15,5872.64,11342.9,193.1482264,Over-Exploited
HARYANA,MAHENDRAGARH,MAHENDRAGARH,BLOCK,34864.87054,3706.44,3335.79,4362.5,130.7786162,Over-Exploited
HARYANA,MAHENDRAGARH,NANGAL CHAUDHRY,BLOCK,24670.76252,1259.24,1133.31,1753.1,154.6884789,Over-Exploited
HARYANA,MAHENDRAGARH,NARNAUL,BLOCK,21102.52549,1172.83,1055.55,1149.38,108.8892047,Over-Exploited
HARYANA,MAHENDRAGARH,NIZAMPUR,BLOCK,16841.24245,707.38,636.64,601.6,94.49610455,Critical
HARYANA,MAHENDRAGARH,SATNALI,BLOCK,23714.10344,1942.22,1748,1717.44,98.25171625,Critical
HARYANA,MAHENDRAGARH,SIHMA,BLOCK,13825.19055,3057.39,2751.65,4132.4,150.1789835,Over-Exploited
HARYANA,MEWAT,FEROZEPUR JHIRKA,BLOCK,22435.47178,2842.23,2558,2648.24,103.5277561,Over-Exploited
HARYANA,MEWAT,INDRI,BLOCK,17149.70195,1818.79,1636.91,1162.82,71.03750359,Semi-Critical
HARYANA,MEWAT,NAGINA,BLOCK,16280.6302,1315.83,1184.25,720.55,60.8444163,safe
HARYANA,MEWAT,NUH,BLOCK,26050.12365,3674.43,3306.98,1109.52,33.55085304,safe
HARYANA,MEWAT,PINGWAN,BLOCK,15546.9017,1318.7,1186.83,589.62,49.68024064,safe
HARYANA,MEWAT,PUNAHANA,BLOCK,20838.62813,3643.44,3279.09,3061.25,93.35669347,Critical
HARYANA,MEWAT,TAORU,BLOCK,18604.76344,3157.7,2841.93,3537.87,124.4882879,Over-Exploited
HARYANA,PALWAL,BADOLI,BLOCK,18082.02523,4018.19,3616.37,7117.61,196.8164209,Over-Exploited
HARYANA,PALWAL,HASSANPUR,BLOCK,15459.92172,6117.28,5811.42,5408.19,93.06142044,Critical
HARYANA,PALWAL,HATHIN,BLOCK,35890.79055,8622.05,7759.85,4867.4,62.72543928,safe
HARYANA,PALWAL,HODAL,BLOCK,30054.35038,8423.58,7581.23,6306.2,83.18175283,Semi-Critical
HARYANA,PALWAL,PALWAL,BLOCK,19956.34047,8278.21,7450.39,5213.8,69.98022922,safe
HARYANA,PALWAL,PRITHLA,BLOCK,16382.74245,3158.48,2842.63,4170.1,146.6986558,Over-Exploited
HARYANA,PANCHKULA,BARWALA,BLOCK,21739.67863,6345.17,6027.91,3187.06,52.87172503,safe
HARYANA,PANCHKULA,PINJORE,BLOCK,18103.93073,4009.7,3608.73,1577.98,43.72674043,safe
HARYANA,PANCHKULA,RAIPUR RANI,BLOCK,10827.90369,3860.59,3667.56,3617.64,98.63887707,Critical
HARYANA,PANIPAT,BAPOLI,BLOCK,15669.38622,3672.47,3305.22,7934.03,240.0454433,Over-Exploited
HARYANA,PANIPAT,ISRANA,BLOCK,27393.77133,5043.15,4538.83,7455.04,164.2502583,Over-Exploited
HARYANA,PANIPAT,MADLAUDA,BLOCK,36386.00542,6859.33,6173.4,9579.1,155.1673308,Over-Exploited
HARYANA,PANIPAT,PANIPAT,BLOCK,21280.27991,8746.23,7871.61,15677.63,199.1667524,Over-Exploited
HARYANA,PANIPAT,SAMALKHA,BLOCK,18920.23857,6502.68,5852.41,13085.41,223.5901107,Over-Exploited
HARYANA,PANIPAT,SANAULI KHURD,BLOCK,10623.50069,2678.85,2410.96,6018.95,249.6495172,Over-Exploited
HARYANA,REWARI,BAWAL,BLOCK,23284.58689,4268.53,4055.1,5007.55,123.4877068,Over-Exploited
HARYANA,REWARI,DAHINA,BLOCK,19809.93324,5639.89,5357.89,4998.36,93.2897092,Critical
HARYANA,REWARI,DHARUHERA,BLOCK,20126.53661,3171.98,3013.38,4445.3,147.5187331,Over-Exploited
HARYANA,REWARI,JATUSANA,BLOCK,19395.50906,3722.83,3536.69,5977.55,169.0153788,Over-Exploited
HARYANA,REWARI,KHOL AT REWARI,BLOCK,17321.64996,2767.95,2491.16,3570.12,143.3115496,Over-Exploited
HARYANA,REWARI,NAHAR,BLOCK,23430.14368,3585.09,3226.58,5346.7,165.7079632,Over-Exploited
HARYANA,REWARI,REWARI,BLOCK,22799.44851,5253.93,4728.54,5729.66,121.1718628,Over-Exploited
HARYANA,ROHTAK,KALANAUR,BLOCK,28521.0388,6044.26,5439.83,1728.54,31.77562534,safe
HARYANA,ROHTAK,LAKHAN MAJRA,BLOCK,12689.09284,2930.49,2637.44,1584.15,60.06392562,safe
HARYANA,ROHTAK,MAHAM,BLOCK,44704.28506,8849.12,7964.21,4468.65,56.10914328,safe
HARYANA,ROHTAK,ROHTAK,BLOCK,58318.88968,10912.66,9821.39,5923,60.30714593,safe
HARYANA,ROHTAK,SAMPLA,BLOCK,22673.80214,4851.53,4366.37,2977.25,68.18593019,safe
HARYANA,SIRSA,BARAGUDHA,BLOCK,53384.356,12169.49,10952.54,8706.93,79.49690209,Semi-Critical
HARYANA,SIRSA,DABWALI,BLOCK,80125.70831,14215.45,13504.68,17985.82,133.1821265,Over-Exploited
HARYANA,SIRSA,ELLENABAD,BLOCK,52786.695,6193.48,5574.13,12890.45,231.2549223,Over-Exploited
HARYANA,SIRSA,NATHUSARI CHOPTA,BLOCK,75703.94796,6221.07,5910.02,6903.98,116.8182172,Over-Exploited
HARYANA,SIRSA,ODHAN,BLOCK,51579.91097,3844.53,3460.08,6727.93,194.4443481,Over-Exploited
HARYANA,SIRSA,RANIA,BLOCK,58955.34551,8166.36,7349.72,10953.33,149.0305753,Over-Exploited
HARYANA,SIRSA,SIRSA,BLOCK,54456.78401,9752.35,9264.73,19006.55,205.1495295,Over-Exploited
HARYANA,SONIPAT,GANAUR,BLOCK,27210.09593,7370,6633,8637.79,130.2244836,Over-Exploited
HARYANA,SONIPAT,GOHANA,BLOCK,31544.21409,9850.65,8865.59,4788.7,54.01445363,safe
HARYANA,SONIPAT,KATHURA,BLOCK,19608.78142,6263.24,5950.08,2625.97,44.13335619,safe
HARYANA,SONIPAT,KHARKHODA,BLOCK,30754.62497,7469.36,6722.42,3690.25,54.89466591,safe
HARYANA,SONIPAT,MUNDLANA,BLOCK,29086.88295,11005,9904.5,12552.74,126.7377455,Over-Exploited
HARYANA,SONIPAT,MURTHAL,BLOCK,19038.36286,3930.91,3537.82,6027.61,170.37639,Over-Exploited
HARYANA,SONIPAT,RAI,BLOCK,21677.19788,2851.02,2565.92,4134.42,161.1281724,Over-Exploited
HARYANA,SONIPAT,SONIPAT,BLOCK,36802.16639,11517.03,10365.32,12354.28,119.188602,Over-Exploited
HARYANA,YAMUNA NAGAR,BILASPUR,BLOCK,26463.08515,6930.47,6237.42,7513.25,120.4544507,Over-Exploited
HARYANA,YAMUNA NAGAR,CHHACHHRAULI,BLOCK,12778.92783,12470.62,11847.09,9568.2,80.76413702,Semi-Critical
HARYANA,YAMUNA NAGAR,JAGADHRI,BLOCK,29985.84641,9499.82,8549.84,13222.83,154.6558766,Over-Exploited
HARYANA,YAMUNA NAGAR,KHIZRABAD,BLOCK,14986.42268,10888.42,9799.58,8621.71,87.98040324,Semi-Critical
HARYANA,YAMUNA NAGAR,MUSTAFABAD,BLOCK,20544.61022,8589.26,7730.33,15587.5,201.6408096,Over-Exploited
HARYANA,YAMUNA NAGAR,RADAUR,BLOCK,24653.57611,10464.72,9418.25,19394.84,205.9282775,Over-Exploited
HARYANA,YAMUNA NAGAR,SADAURA (PART),BLOCK,13864.79519,4011.32,3610.19,5319.63,147.3504165,Over-Exploited
HIMACHAL PRADESH,KANGRA,DHARAMSHALA PALAMPUR VALLEY ,VALLEY,45200,13693.73,12324.36,2922.6,23.71,Safe
HIMACHAL PRADESH,KANGRA,INDORA NURPUR VALLEY ,VALLEY,102400,41614.8,37453.32,8660.27,23.12,Safe
HIMACHAL PRADESH,MANDI,BALH VALLEY ,VALLEY,10700,3115.26,2803.74,895.65,31.94,Safe
HIMACHAL PRADESH,MANDI,CHAUNTRA VALLEY ,VALLEY,5200,5271.36,5007.79,217.18,4.34,Safe
HIMACHAL PRADESH,SIRMOUR,KALA AMB VALLEY,VALLEY,8200,1692.34,1523.11,423.58,27.81,Safe
HIMACHAL PRADESH,SIRMOUR,PAONTA VALLEY ,VALLEY,27600,8383.26,7544.93,1556.75,20.63,Safe
HIMACHAL PRADESH,SOLAN,NALAGARH VALLEY ,VALLEY,33600,16190.85,15381.31,8781.84,57.09,Safe
HIMACHAL PRADESH,UNA,HUM VALLEY,VALLEY,2900,765.96,727.66,409.7,56.3,Safe
HIMACHAL PRADESH,UNA,UNA VALLEY (BEAS BASIN) ,VALLEY,6500,1056.52,950.87,247.17,25.99,Safe
HIMACHAL PRADESH,UNA,UNA VALLEY (SATLUJ BASIN) ,VALLEY,104500,19706.71,17736.04,11345.5,63.97,Safe
KARNATAKA,BAGALKOT,BADAMI,TALUK,106016,8081.37,7273.23,7042.99,96.83441882,Critical
KARNATAKA,BAGALKOT,BAGALKOTE,TALUK,87011,12662.13,11395.91,12769.2,112.050727,Over-Exploited
KARNATAKA,BAGALKOT,BILAGI,TALUK,68674,5691.47,5122.32,2917.53,56.95719908,safe
KARNATAKA,BAGALKOT,GULEDAGUDDA,TALUK,31873,3012.91,2711.62,2438.49,89.92742346,Semi-Critical
KARNATAKA,BAGALKOT,HUNGUND,TALUK,67196,6403.87,5763.48,5015.21,87.01704526,Semi-Critical
KARNATAKA,BAGALKOT,ILKAL,TALUK,65020,4984.6,4486.13,3333.81,74.31371806,Semi-Critical
KARNATAKA,BAGALKOT,JAMAKHANDI,TALUK,79578,7352.9,6617.61,3012.05,45.51567711,safe
KARNATAKA,BAGALKOT,MUDHOL,TALUK,85193,10290.26,9261.24,7003.16,75.61795181,Semi-Critical
KARNATAKA,BAGALKOT,RABAKAVI BANAHATTI,TALUK,37819,13597.7,12237.93,9481.04,77.4725791,Semi-Critical
KARNATAKA,BALLARI,BALLARI,TALUK,111176,15818.19,14236.37,5650.49,39.69052504,safe
KARNATAKA,BALLARI,KAMPLI,TALUK,32295,11498.18,10348.36,1910.32,18.46012315,safe
KARNATAKA,BALLARI,KURUGODU,TALUK,46709,11717.33,10545.6,1450.41,13.75369822,safe
KARNATAKA,BALLARI,SIRAGUPPA,TALUK,104419,20679.38,18611.44,2567.35,13.79447265,safe
KARNATAKA,BALLARI,SONDURU,TALUK,81292,9068.05,8161.25,5416.92,66.373656,safe
KARNATAKA,BELAGAVI,ATHANI,TALUK,155810,6790.34,6111.31,4335.37,70.9401094,Semi-Critical
KARNATAKA,BELAGAVI,BAILHONGAL,TALUK,75958,6100.97,5490.88,6206.3,113.0292412,Over-Exploited
KARNATAKA,BELAGAVI,BELAGAVI,TALUK,101948,10999.85,9899.86,6918.41,69.88391755,safe
KARNATAKA,BELAGAVI,CHIKKODI,TALUK,84319,13443.33,12099,8817.01,72.87387387,Semi-Critical
KARNATAKA,BELAGAVI,GOKAK,TALUK,98300,7736.32,6962.68,5181.54,74.41875829,Semi-Critical
KARNATAKA,BELAGAVI,HUKKERI,TALUK,98372,12582.92,11324.62,9872.37,87.17617015,Semi-Critical
KARNATAKA,BELAGAVI,KAGAVADA,TALUK,43802,2473.2,2225.88,2142.42,96.25047172,Critical
KARNATAKA,BELAGAVI,KHANAPUR,TALUK,133534,16293.96,15467.29,2521.09,16.29949396,safe
KARNATAKA,BELAGAVI,KITTHURU,TALUK,34014,3331.35,2998.21,1607.71,53.62232799,safe
KARNATAKA,BELAGAVI,MUDALAGI,TALUK,55169,7116.92,6405.23,3641.26,56.84823184,safe
KARNATAKA,BELAGAVI,NIPPANI,TALUK,42574,9823.43,8841.08,5430.53,61.42383057,safe
KARNATAKA,BELAGAVI,RAIBAG,TALUK,95243,9044.6,8140.13,5228.16,64.22698409,safe
KARNATAKA,BELAGAVI,RAMADURG,TALUK,120472,5125.7,4613.12,2358.57,51.12743653,safe
KARNATAKA,BELAGAVI,SAVADATTI,TALUK,114366,10943.03,9848.73,9725.39,98.74765579,Critical
KARNATAKA,BELAGAVI,YARAGATTI,TALUK,41748,4125.46,3712.91,3296.84,88.79396484,Semi-Critical
KARNATAKA,BENGALURU (RURAL),DEVANAHALLI,TALUK,44710,4045.45,3843.17,6713.23,174.6794964,Over-Exploited
KARNATAKA,BENGALURU (RURAL),DODDABALLAPURA,TALUK,74357,6276.21,5648.59,9146.08,161.91793,Over-Exploited
KARNATAKA,BENGALURU (RURAL),HOSKOTE,TALUK,54593,5706.64,5135.98,8783.43,171.0176052,Over-Exploited
KARNATAKA,BENGALURU (RURAL),NELAMANGALA,TALUK,49991,4647.91,4183.12,4326.32,103.4232821,Over-Exploited
KARNATAKA,BENGALURU (URBAN),ANEKAL,TALUK,48557,9383.01,8444.71,8637.31,102.2807178,Over-Exploited
KARNATAKA,BENGALURU (URBAN),BANGALORE (NORTH),TALUK,17693,1778.66,1600.8,3348.83,209.1972764,Over-Exploited
KARNATAKA,BENGALURU (URBAN),BANGALORE CITY,TALUK,70967,2364.61,2128.15,4626.69,217.4043183,Over-Exploited
KARNATAKA,BENGALURU (URBAN),BANGALORE-EAST,TALUK,13024,2722.93,2450.63,5007.84,204.3490857,Over-Exploited
KARNATAKA,BENGALURU (URBAN),BANGALORE-SOUTH,TALUK,31898,4790.51,4311.46,5137.7,119.1638099,Over-Exploited
KARNATAKA,BENGALURU (URBAN),YELAHANKA,TALUK,30887,2678.13,2410.32,5439.97,225.6949285,Over-Exploited
KARNATAKA,BIDAR,AURAD,TALUK,77088,5267.89,4741.1,2035.68,42.93687119,safe
KARNATAKA,BIDAR,BASAVAKALYAN,TALUK,99062,5959.02,5381.91,2898.18,53.85039884,safe
KARNATAKA,BIDAR,BHALKI,TALUK,112184,8216.35,7394.71,5239.65,70.85673407,Semi-Critical
KARNATAKA,BIDAR,BIDAR,TALUK,90962,6521.91,5869.72,3551.49,60.50527112,safe
KARNATAKA,BIDAR,CHITTAGUPPA,TALUK,45727,2899.87,2609.88,1525.91,58.4666728,safe
KARNATAKA,BIDAR,HULASURU,TALUK,21470,1914,1722.6,1315.86,76.38801811,Semi-Critical
KARNATAKA,BIDAR,HUMNABAD,TALUK,52585,3504.27,3153.84,1588.29,50.3605129,safe
KARNATAKA,BIDAR,KAMALANAGARA,TALUK,46236,3343.33,3008.99,1710.31,56.84000279,safe
KARNATAKA,CHAMARAJANAGARA,CHAMARAJANAGARA,TALUK,104726,13417.93,12076.14,11965.37,99.0827367,Critical
KARNATAKA,CHAMARAJANAGARA,GUNDLUPET,TALUK,114672,9072.07,8164.85,9535.08,116.7820597,Over-Exploited
KARNATAKA,CHAMARAJANAGARA,KOLLEGALA,TALUK,31543,6074.93,5467.43,4723.68,86.39671656,Semi-Critical
KARNATAKA,CHAMARAJANAGARA,KOLLEGALA(HANUR),TALUK,96000,7253.58,6841.86,5506.78,80.48659283,Semi-Critical
KARNATAKA,CHAMARAJANAGARA,YALANDUR,TALUK,13999,4101.19,3691.08,3253.8,88.15306089,Semi-Critical
KARNATAKA,CHIKKABALLAPURA,BAGEPALLI,TALUK,75818,6974.4,6276.96,7939.63,126.4884594,Over-Exploited
KARNATAKA,CHIKKABALLAPURA,CHIKBALLAPUR,TALUK,47015,4779.79,4301.81,7259.52,168.7550124,Over-Exploited
KARNATAKA,CHIKKABALLAPURA,CHINTHAMANI,TALUK,84882,7722.62,6950.36,12903.23,185.6483693,Over-Exploited
KARNATAKA,CHIKKABALLAPURA,GAURIBIDANUR,TALUK,80266,7650.66,6885.59,10871.11,157.8820406,Over-Exploited
KARNATAKA,CHIKKABALLAPURA,GUDIBANDE,TALUK,20705,1521.36,1369.22,1388.41,101.4015279,Over-Exploited
KARNATAKA,CHIKKABALLAPURA,SHIDLAGATTA,TALUK,64796,6189.31,5570.38,7867.62,141.2402745,Over-Exploited
KARNATAKA,CHIKKAMAGALURU,AJJAMPURA,TALUK,48057,5446.43,4901.79,5962.61,121.641482,Over-Exploited
KARNATAKA,CHIKKAMAGALURU,CHIKMAGALUR,TALUK,69833,13278.32,11950.49,5775.71,48.33031951,safe
KARNATAKA,CHIKKAMAGALURU,KADUR,TALUK,121719,10164.67,9148.2,10189.11,111.3783039,Over-Exploited
KARNATAKA,CHIKKAMAGALURU,KALASA,TALUK,4731,502.6,452.34,76.91,17.00269709,safe
KARNATAKA,CHIKKAMAGALURU,KOPPA,TALUK,26633,7366,6629.39,1236.38,18.64998137,safe
KARNATAKA,CHIKKAMAGALURU,MUDIGERE,TALUK,34027,8580.55,7722.5,1355.93,17.55817417,safe
KARNATAKA,CHIKKAMAGALURU,NARASIMHARAJAPURA,TALUK,52321,7529.55,6776.6,1212.11,17.88669834,safe
KARNATAKA,CHIKKAMAGALURU,SRINGERI,TALUK,14405,4589.13,4130.21,776.98,18.81211851,safe
KARNATAKA,CHIKKAMAGALURU,TARIKERE,TALUK,51768,12372.19,11134.97,6850.62,61.52347065,safe
KARNATAKA,CHITRADURGA,CHALLAKERE,TALUK,206197,9719.05,8747.15,10714.66,122.4931549,Over-Exploited
KARNATAKA,CHITRADURGA,CHITRADURGA,TALUK,125725,6630.99,5967.89,8016.91,134.3340779,Over-Exploited
KARNATAKA,CHITRADURGA,HIRIYUR,TALUK,168829,12062.82,10856.54,13180.66,121.4075571,Over-Exploited
KARNATAKA,CHITRADURGA,HOLALKERE,TALUK,98269,6632.23,5969,11531.7,193.1931647,Over-Exploited
KARNATAKA,CHITRADURGA,HOSADURGA,TALUK,138698,8210.13,7389.11,9927.34,134.350957,Over-Exploited
KARNATAKA,CHITRADURGA,MOLAKALMURU,TALUK,62743,3221.6,2899.44,1946.01,67.11675358,safe
KARNATAKA,DAKSHINA KANNADA,BANTWAL,TALUK,63276,16315.49,14683.94,7187.5,48.94803438,safe
KARNATAKA,DAKSHINA KANNADA,BELTHANGADY,TALUK,83704,18095.42,16285.88,7396.34,45.41566068,safe
KARNATAKA,DAKSHINA KANNADA,KADABA,TALUK,41658,8781.91,7903.72,2764.34,34.97517625,safe
KARNATAKA,DAKSHINA KANNADA,MANGALORE,TALUK,56196,12558.48,11302.63,5257.95,46.51970382,safe
KARNATAKA,DAKSHINA KANNADA,MUDABIDRI,TALUK,25816,6164.54,5548.08,2028.28,36.55823276,safe
KARNATAKA,DAKSHINA KANNADA,PUTTUR,TALUK,34334,6247.53,5622.77,2340.98,41.63392776,safe
KARNATAKA,DAKSHINA KANNADA,SULYA,TALUK,25883,5166.13,4649.52,2575.92,55.40184793,safe
KARNATAKA,DAVANAGERE,CHANNAGIRI,TALUK,99998,14143.9,12729.51,15746.58,123.7013836,Over-Exploited
KARNATAKA,DAVANAGERE,DAVANAGERE,TALUK,94799,10547.32,9492.59,9463.01,99.68838852,Critical
KARNATAKA,DAVANAGERE,HARIHAR,TALUK,46371,17441.69,15697.52,9904.16,63.09378806,safe
KARNATAKA,DAVANAGERE,HONNALI,TALUK,43198,8063.81,7257.42,5017.53,69.13655266,safe
KARNATAKA,DAVANAGERE,JAGALURU,TALUK,92168,4623.47,4161.12,5926.75,142.431605,Over-Exploited
KARNATAKA,DAVANAGERE,NYAMATI,TALUK,33018,7787.92,7009.12,4037.64,57.60551967,safe
KARNATAKA,DHARWAD,ALNAVARA,TALUK,10066,2773.97,2496.57,935.43,37.46860693,safe
KARNATAKA,DHARWAD,ANNIGERI,TALUK,38481,2769.5,2492.55,1654.97,66.39666205,safe
KARNATAKA,DHARWAD,DHARWAD,TALUK,95456,8153.19,7337.87,4059.8,55.32668199,safe
KARNATAKA,DHARWAD,HUBBALLI NAGARA,TALUK,17920,1084.42,975.98,437.18,44.7939507,safe
KARNATAKA,DHARWAD,HUBLI,TALUK,54619,3749.21,3374.28,2111.06,62.56327276,safe
KARNATAKA,DHARWAD,KALGATGI,TALUK,65719,4800.46,4320.42,2472.01,57.21689095,safe
KARNATAKA,DHARWAD,KUNDGOL,TALUK,64796,4255.1,3829.59,2046,53.42608478,safe
KARNATAKA,DHARWAD,NAVALGUND,TALUK,69271,4729.81,4256.83,2639.76,62.01234252,safe
KARNATAKA,GADAG,GADAG,TALUK,104241,9006.35,8236.95,6372.92,77.36990027,Semi-Critical
KARNATAKA,GADAG,GAJENDRAGAD,TALUK,41742,2375.72,2138.15,2624.1,122.7275916,Over-Exploited
KARNATAKA,GADAG,LAXMESHWAR,TALUK,41693,3109.39,2798.45,1715.39,61.29786132,safe
KARNATAKA,GADAG,MUNDARGI,TALUK,74010,9700.42,8730.38,6792.38,77.80165354,Semi-Critical
KARNATAKA,GADAG,NARAGUND,TALUK,43374,3943.25,3548.93,1155.79,32.56728084,safe
KARNATAKA,GADAG,RONA,TALUK,87110,3989.29,3735.69,3388.86,90.71577138,Critical
KARNATAKA,GADAG,SHIRAHATTI,TALUK,43817,3263.79,3098.07,2044.34,65.98753417,safe
KARNATAKA,HASSAN,ALUR,TALUK,37615,5355.06,4819.55,1652.5,34.28743347,safe
KARNATAKA,HASSAN,ARKALGUD,TALUK,66978,9138.24,8224.42,3796.78,46.16471435,safe
KARNATAKA,HASSAN,ARSIKERE,TALUK,115726,9635.72,8672.15,11865.38,136.8216648,Over-Exploited
KARNATAKA,HASSAN,BELUR,TALUK,79139,8923.72,8031.35,4621.48,57.54300336,safe
KARNATAKA,HASSAN,CHANNARAYAPATNA,TALUK,104078,15601.49,14041.34,13675.05,97.39134584,Critical
KARNATAKA,HASSAN,HASSAN,TALUK,89951,12374.32,11136.88,7084.09,63.60928734,safe
KARNATAKA,HASSAN,HOLENARASIPURA,TALUK,58834,10639.26,9575.33,6416.94,67.01534046,safe
KARNATAKA,HASSAN,SAKLESHPURA,TALUK,43976,7630,6867,1808.75,26.33974079,safe
KARNATAKA,HAVERI,BYADAGI,TALUK,42239,4836.91,4353.22,3604.11,82.79181847,Semi-Critical
KARNATAKA,HAVERI,HANGAL,TALUK,76408,13587.03,12228.33,6041.73,49.40764602,safe
KARNATAKA,HAVERI,HAVERI,TALUK,79317,10177.19,9159.48,5147.66,56.20035199,safe
KARNATAKA,HAVERI,HIREKERUR,TALUK,37600,4702.49,4232.24,3241.18,76.58308603,Semi-Critical
KARNATAKA,HAVERI,RANEBENNUR,TALUK,89231,15310.01,13779,8634.46,62.66390885,safe
KARNATAKA,HAVERI,RATTEEHALLI,TALUK,37336,4764.16,4287.74,3519.15,82.07470602,Semi-Critical
KARNATAKA,HAVERI,SAVANUR,TALUK,53618,6037.95,5434.16,2736.4,50.35552873,safe
KARNATAKA,HAVERI,SHIGGAON,TALUK,58005,6388.07,5749.25,3194.64,55.56620429,safe
KARNATAKA,KALBURGI,AFZALPUR,TALUK,130943,7297.58,6567.82,5489.39,83.58009202,Semi-Critical
KARNATAKA,KALBURGI,ALAND,TALUK,158751,12548.53,11293.68,6186.16,54.77541421,safe
KARNATAKA,KALBURGI,CHINCHOLI,TALUK,124730,9515.11,8563.59,2130.23,24.87543192,safe
KARNATAKA,KALBURGI,CHITTAPUR,TALUK,106498,7055.17,6349.65,2012.76,31.69875505,safe
KARNATAKA,KALBURGI,GULBARGA,TALUK,125290,8298.36,7468.52,4806.22,64.35304451,safe
KARNATAKA,KALBURGI,JEVARGI,TALUK,108078,7709.07,6938.16,1655.16,23.85589263,safe
KARNATAKA,KALBURGI,KALAGI,TALUK,71974,4206.7,3786.03,779.92,20.59994242,safe
KARNATAKA,KALBURGI,KAMALAPURA,TALUK,70188,4149.49,3916.73,1183.33,30.21219231,safe
KARNATAKA,KALBURGI,SEDAM,TALUK,102509,6499.36,6143.31,1400.04,22.78966876,safe
KARNATAKA,KALBURGI,SHAHBADHA,TALUK,21381,1187.27,1068.55,536.92,50.2475317,safe
KARNATAKA,KALBURGI,YADRAMI,TALUK,75925,3523.23,3190.06,625.19,19.59806399,safe
KARNATAKA,KODAGU,KUSHALANAGARA,TALUK,23319,4215.42,3793.88,2573.74,67.83925691,safe
KARNATAKA,KODAGU,MADIKERI,TALUK,37652,5390.08,4851.07,1342.71,27.67863585,safe
KARNATAKA,KODAGU,PONNAMPETE,TALUK,79173,8763.4,7887.06,2306.37,29.24245536,safe
KARNATAKA,KODAGU,SOMAVARAPETE,TALUK,28703,4004.87,3604.38,2083.07,57.79274105,safe
KARNATAKA,KODAGU,VIRAJPET,TALUK,33736,2304.08,2073.67,665.28,32.08225031,safe
KARNATAKA,KOLARA,BANGARPET,TALUK,49825,5255.2,4729.69,7620,161.1099248,Over-Exploited
KARNATAKA,KOLARA,K.G.F,TALUK,32939,4435.45,3991.9,6850.02,171.5979859,Over-Exploited
KARNATAKA,KOLARA,KOLAR,TALUK,75620,10504.43,9453.99,15252.67,161.3357958,Over-Exploited
KARNATAKA,KOLARA,MALUR,TALUK,63095,5682.89,5114.6,8734.22,170.7703437,Over-Exploited
KARNATAKA,KOLARA,MULABAGILU,TALUK,81337,13740.38,12366.34,26409.46,213.5592261,Over-Exploited
KARNATAKA,KOLARA,SRINIVASPURA,TALUK,79947,5864.06,5277.65,5867.81,111.1822497,Over-Exploited
KARNATAKA,KOPPAL,GANGAVATHI,TALUK,35724,5837.82,5254.04,2398.44,45.6494431,safe
KARNATAKA,KOPPAL,KANAKAGIRI,TALUK,46828,6361.23,5963.62,5207.4,87.31944691,Semi-Critical
KARNATAKA,KOPPAL,KARATAGI,TALUK,39694,11566.31,10409.68,1347.29,12.9426649,safe
KARNATAKA,KOPPAL,KOPPAL,TALUK,132374,15244.89,13926.56,8528.57,61.2396026,safe
KARNATAKA,KOPPAL,KUKANURU,TALUK,65730,7847.05,7062.34,6662.45,94.33771243,Critical
KARNATAKA,KOPPAL,KUSHTAGI,TALUK,135804,12043.67,10839.3,7464.92,68.86902291,safe
KARNATAKA,KOPPAL,YELBURGA,TALUK,83712,6275.78,5648.2,4941.2,87.48273786,Semi-Critical
KARNATAKA,MANDYA,KRISHNARAJPET,TALUK,88583,8098.69,7288.82,3520.77,48.30370348,safe
KARNATAKA,MANDYA,MADDUR,TALUK,61137,9512.52,8561.26,4815.87,56.25188348,safe
KARNATAKA,MANDYA,MALAVALLI,TALUK,72472,15497.94,13948.15,11135.2,79.83280937,Semi-Critical
KARNATAKA,MANDYA,MANDYA,TALUK,70944,13615.38,12311.72,6483.1,52.65795518,safe
KARNATAKA,MANDYA,NAGAMANGALA,TALUK,102687,11348.66,10213.79,6539.1,64.02226793,safe
KARNATAKA,MANDYA,PANDAVPURA,TALUK,51661,7986.74,7267.74,4339.05,59.70287875,safe
KARNATAKA,MANDYA,SRIRANGAPATNA,TALUK,34259,7337.63,6603.88,3382.7,51.22291744,safe
KARNATAKA,MYSURU,HEGGADADEVANAKOTE,TALUK,99500,10175.25,9157.72,3893.41,42.51505833,safe
KARNATAKA,MYSURU,HUNSUR,TALUK,89308,9731.98,9000.1,4819.78,53.55251608,safe
KARNATAKA,MYSURU,K.R.NAGAR,TALUK,60719,6101.21,5491.08,2370.42,43.16855701,safe
KARNATAKA,MYSURU,MYSURU,TALUK,80053,7516.46,6764.81,4376.37,64.69316951,safe
KARNATAKA,MYSURU,NANJANGUD,TALUK,95549,8130.09,7317.09,4741.31,64.7977543,safe
KARNATAKA,MYSURU,PIRIYAPATNA,TALUK,77968,8466.62,7619.96,5039.11,66.13039963,safe
KARNATAKA,MYSURU,SARAGURU,TALUK,48713,4014.66,3613.19,846.87,23.43829137,safe
KARNATAKA,MYSURU,T.NARASIPURA,TALUK,59835,8242.88,7418.59,5089.98,68.61115118,safe
KARNATAKA,RAICHUR,DEVDURGA,TALUK,146404,9092.61,8183.34,3198.53,39.08587447,safe
KARNATAKA,RAICHUR,LINGASUGUR,TALUK,145196,6811.67,6322.76,3341.33,52.84606722,safe
KARNATAKA,RAICHUR,MANVI,TALUK,77845,11242.96,10118.66,2630.51,25.99662406,safe
KARNATAKA,RAICHUR,MASKI,TALUK,114335,8680.62,7812.55,3571.32,45.71260344,safe
KARNATAKA,RAICHUR,RAICHUR,TALUK,155634,10907.8,9817.03,6317.62,64.35367927,safe
KARNATAKA,RAICHUR,SINDHANUR,TALUK,125517,18561.33,16752.26,3894.58,23.24808712,safe
KARNATAKA,RAICHUR,SIRIVARA,TALUK,73736,12011.61,10810.45,8273.42,76.53168925,Semi-Critical
KARNATAKA,RAMANAGARA,CHANNAPATNA,TALUK,47190,7301.45,6571.31,5823.43,88.61901204,Semi-Critical
KARNATAKA,RAMANAGARA,HAROHALLI,TALUK,29736,6963.77,6267.4,8039.41,128.2734467,Over-Exploited
KARNATAKA,RAMANAGARA,KANAKPURA,TALUK,70217,14175.77,12758.19,10173.97,79.74461895,Semi-Critical
KARNATAKA,RAMANAGARA,MAGADI,TALUK,72260,7498.92,6749.02,6643.49,98.43636558,Critical
KARNATAKA,RAMANAGARA,RAMANAGAR,TALUK,54595,9320.95,8388.86,8331.6,99.31742811,Critical
KARNATAKA,SHIVAMOGGA,BHADRAVATHI,TALUK,55282,13242.43,11918.19,5539.26,46.4773594,safe
KARNATAKA,SHIVAMOGGA,HOSANAGAR,TALUK,100540,14910.93,13419.83,3110.69,23.17980183,safe
KARNATAKA,SHIVAMOGGA,SAGARA,TALUK,139469,19003.69,17103.33,5018.19,29.34042669,safe
KARNATAKA,SHIVAMOGGA,SHIKARIPURA,TALUK,80361,17116.8,15405.12,7643.23,49.6148683,safe
KARNATAKA,SHIVAMOGGA,SHIMOGA,TALUK,94170,13605.69,12245.12,5905.35,48.2261505,safe
KARNATAKA,SHIVAMOGGA,SORABA,TALUK,112423,14563.89,13835.69,7972.77,57.62466491,safe
KARNATAKA,SHIVAMOGGA,THIRTHAHALLI,TALUK,92486,14052.56,12647.31,4043.21,31.96893252,safe
KARNATAKA,TUMAKURU,CHIKNAYAKANAHALLI,TALUK,103246,6985.93,6287.33,6720.51,106.889729,Over-Exploited
KARNATAKA,TUMAKURU,GUBBI,TALUK,110843,10475.25,9427.73,4889.26,51.86041603,safe
KARNATAKA,TUMAKURU,KORATAGERE,TALUK,59858,5521.19,4969.07,4773.1,96.05620368,Critical
KARNATAKA,TUMAKURU,KUNIGAL,TALUK,93779,9801.09,8820.98,5717.6,64.8181948,safe
KARNATAKA,TUMAKURU,MADHUGIRI,TALUK,100636,9325.67,8393.1,9312.56,110.9549511,Over-Exploited
KARNATAKA,TUMAKURU,PAVAGADA,TALUK,120395,6848.81,6163.93,5336.71,86.57966589,Semi-Critical
KARNATAKA,TUMAKURU,SIRA,TALUK,153702,10746.32,9671.69,10312.46,106.6252123,Over-Exploited
KARNATAKA,TUMAKURU,TIPTUR,TALUK,76023,5796.82,5217.14,6649.43,127.4535473,Over-Exploited
KARNATAKA,TUMAKURU,TUMKUR,TALUK,95341,10781.4,9703.26,10957.52,112.9261712,Over-Exploited
KARNATAKA,TUMAKURU,TURUVEKERE,TALUK,77774,6734.94,6061.45,3899.31,64.3296571,safe
KARNATAKA,UDUPI,BRAMHAVARA,TALUK,40109,7460.78,6714.7,3042.73,45.31445932,safe
KARNATAKA,UDUPI,BYNDURU,TALUK,34691,7360.06,6624.06,1946.59,29.38666014,safe
KARNATAKA,UDUPI,HEBRI,TALUK,24881,4824.7,4342.23,2412.93,55.56891275,safe
KARNATAKA,UDUPI,KAPU,TALUK,21996,3684.65,3316.18,1054.11,31.78687526,safe
KARNATAKA,UDUPI,KARKALA,TALUK,57885,10497.67,9447.9,2707.01,28.65197557,safe
KARNATAKA,UDUPI,KUNDAPUR,TALUK,76746,13275.62,11948.05,3112.13,26.04717925,safe
KARNATAKA,UDUPI,UDUPI,TALUK,30690,5272.01,4744.8,1634.85,34.45561457,safe
KARNATAKA,UTTARA KANNADA,ANKOLA,TALUK,35471,7202.21,6481.99,3893.69,60.06936142,safe
KARNATAKA,UTTARA KANNADA,BHATKAL,TALUK,17566,3894.01,3504.61,1151.99,32.87070459,safe
KARNATAKA,UTTARA KANNADA,DANDELLI,TALUK,27449,2365.81,2129.23,246.65,11.58399985,safe
KARNATAKA,UTTARA KANNADA,HALIYAL,TALUK,56818,6507.94,5857.15,2974.93,50.79142586,safe
KARNATAKA,UTTARA KANNADA,HONNAVAR,TALUK,33896,6268.34,5641.51,2152.53,38.15521022,safe
KARNATAKA,UTTARA KANNADA,JOIDA,TALUK,97825,11316.17,10184.55,1658.8,16.28741574,safe
KARNATAKA,UTTARA KANNADA,KARWAR,TALUK,28890,7097.26,6387.53,3944.46,61.7525084,safe
KARNATAKA,UTTARA KANNADA,KUMTA,TALUK,30548,5759.8,5183.82,1180.64,22.77548217,safe
KARNATAKA,UTTARA KANNADA,MUNDGOD,TALUK,65442,5613.07,5332.41,1705.86,31.99041334,safe
KARNATAKA,UTTARA KANNADA,SIDDAPUR,TALUK,58810,9426.69,8484.02,1977.06,23.30333969,safe
KARNATAKA,UTTARA KANNADA,SIRSI,TALUK,101953,13382.04,12043.83,3102.54,25.7604101,safe
KARNATAKA,UTTARA KANNADA,YELLAPUR,TALUK,103880,14078.84,12670.96,2951.32,23.29199997,safe
KARNATAKA,VIJAYANAGARA,HADAGALI,TALUK,91231,9657.3,8691.57,6479.93,74.55419447,Semi-Critical
KARNATAKA,VIJAYANAGARA,HAGARIBOMMANAHALLI,TALUK,87046,6335.38,5701.84,6003.9,105.2975881,Over-Exploited
KARNATAKA,VIJAYANAGARA,HARAPANAHALLI,TALUK,136977,9992.56,8993.3,8931.89,99.31715833,Critical
KARNATAKA,VIJAYANAGARA,HOSPET,TALUK,62228,5262.49,4878.71,3097.6,63.49219363,safe
KARNATAKA,VIJAYANAGARA,KOTTURU,TALUK,54714,3038.65,2734.78,2935.67,107.3457463,Over-Exploited
KARNATAKA,VIJAYANAGARA,KUDLIGI,TALUK,107557,6629.62,5966.66,3414.11,57.2197846,safe
KARNATAKA,VIJAYAPURA,ALAMELA,TALUK,59782,8342.05,7507.84,2434.44,32.42530475,safe
KARNATAKA,VIJAYAPURA,BABALESHWARA,TALUK,83232.13585,8287.27,7458.54,1908.97,25.59441928,safe
KARNATAKA,VIJAYAPURA,BASAVAN BAGEWADI,TALUK,103702.0365,10217.79,9196.01,2969.75,32.29389703,safe
KARNATAKA,VIJAYAPURA,BIJAPUR,TALUK,95375.99562,8380.69,7542.63,3394.28,45.00127939,safe
KARNATAKA,VIJAYAPURA,CHADACHANA,TALUK,69287,8212.11,7390.89,4090.06,55.33920813,safe
KARNATAKA,VIJAYAPURA,DEVARA HIPPARAGI,TALUK,72042,8044.38,7239.94,1564.06,21.60321771,safe
KARNATAKA,VIJAYAPURA,INDI,TALUK,153402,14183.61,12765.25,7450.16,58.36282094,safe
KARNATAKA,VIJAYAPURA,KOLHARA,TALUK,44031.48927,4613.88,4152.49,1814.06,43.68607751,safe
KARNATAKA,VIJAYAPURA,MUDDEBIHAL,TALUK,92181.05748,8184.33,7365.9,2277.14,30.91462007,safe
KARNATAKA,VIJAYAPURA,NIDAGUNDI,TALUK,36596.44308,4297.85,3868.07,2856.04,73.83630596,Semi-Critical
KARNATAKA,VIJAYAPURA,SINDAGI,TALUK,80934,9093.85,8184.46,2157.26,26.35800041,safe
KARNATAKA,VIJAYAPURA,TALIKOTE,TALUK,72457,5794.66,5215.19,1594.02,30.56494586,safe
KARNATAKA,VIJAYAPURA,TIKOTA,TALUK,85818.004,8344.7,7510.24,4128.95,54.97760391,safe
KARNATAKA,YADGIR,GURUMITHAKALA,TALUK,66927,5242.17,4980.06,4469.82,89.75434031,Semi-Critical
KARNATAKA,YADGIR,HUNISIGI,TALUK,83089,10212.52,9191.26,1953.78,21.25693322,safe
KARNATAKA,YADGIR,SHAHAPUR,TALUK,99979,10823.33,9740.99,2597.06,26.66115046,safe
KARNATAKA,YADGIR,SHORAPUR,TALUK,101234,11440.39,10296.35,1940.65,18.84794126,safe
KARNATAKA,YADGIR,VADAGERA,TALUK,70998,8919.71,8027.74,1368.27,17.04427398,safe
KARNATAKA,YADGIR,YADGIR,TALUK,93055,9949.68,8954.72,7115.82,79.4644612,Semi-Critical
KERALA,ALAPPUZHA,AMBALAPPUZHA,BLOCK,6890,2045.92,1841.33,833.69,45.27651209,safe
KERALA,ALAPPUZHA,ARYAD,BLOCK,8772,2601.24,2471.18,1728.01,69.92651284,safe
KERALA,ALAPPUZHA,BHARANIKKAVU,BLOCK,12995,3257.51,3094.64,1225.75,39.60880749,safe
KERALA,ALAPPUZHA,CHAMPAKKULAM,BLOCK,15383,3865.5,3672.22,620.82,16.90584987,safe
KERALA,ALAPPUZHA,CHENGANNUR,BLOCK,14996,4289.16,3860.24,1666.47,43.17011378,safe
KERALA,ALAPPUZHA,HARIPPAD,BLOCK,11439,3729.46,3542.99,1581.91,44.64901115,safe
KERALA,ALAPPUZHA,KANJIKKUZHY,BLOCK,11013,2379.3,2260.33,1068.34,47.26477992,safe
KERALA,ALAPPUZHA,MAVELIKKARA,BLOCK,10044,3610.84,3249.75,1073.76,33.04131087,safe
KERALA,ALAPPUZHA,MUTHUKULAM,BLOCK,11651,3567.24,3388.88,1681.5,49.61816293,safe
KERALA,ALAPPUZHA,PATTANAKKAD,BLOCK,10871,2609.74,2479.25,1222.24,49.29877987,safe
KERALA,ALAPPUZHA,THYCATTUSSERY,BLOCK,14159,2995.66,2845.87,927.66,32.59671032,safe
KERALA,ALAPPUZHA,VELIYANAD,BLOCK,13190,3707.95,3337.15,546.73,16.3831413,safe
KERALA,ERNAKULAM,ALANGAD,BLOCK,7331,2206.97,2096.62,1462.64,69.7618071,safe
KERALA,ERNAKULAM,ANGAMALY,BLOCK,21197,5197.93,4678.14,1877.65,40.13667825,safe
KERALA,ERNAKULAM,EDAPPALLY,BLOCK,16053,4280.54,3852.48,2499.82,64.88859125,safe
KERALA,ERNAKULAM,KOOVAPPADY,BLOCK,35560.5,6391.8,5752.62,1707.9,29.6890808,safe
KERALA,ERNAKULAM,KOTHAMANGALAM,BLOCK,22997,4644.53,4180.08,1912.77,45.75917207,safe
KERALA,ERNAKULAM,MOOVATTUPUZHA,BLOCK,19980,3918.84,3526.96,2296.99,65.12662463,safe
KERALA,ERNAKULAM,MULAMTHURUTHY,BLOCK,16327,3190.24,2871.21,2005.3,69.84163471,safe
KERALA,ERNAKULAM,PALLURUTHY,BLOCK,6651,1658.68,1492.81,377.95,25.3180244,safe
KERALA,ERNAKULAM,PAMPAKKUDA,BLOCK,17740,3975.15,3577.63,1479.99,41.3678888,safe
KERALA,ERNAKULAM,PARAKKADAVU,BLOCK,11881,2653.27,2387.94,1633.09,68.38907175,safe
KERALA,ERNAKULAM,PARAVOOR,BLOCK,7665,2103.69,1893.32,933.26,49.29224854,safe
KERALA,ERNAKULAM,VADAVUKODU,BLOCK,18595,4670.79,4203.71,1427.12,33.94905928,safe
KERALA,ERNAKULAM,VAZHAKKULAM,BLOCK,19328,5245.05,4720.55,2631.15,55.73820847,safe
KERALA,ERNAKULAM,VYPEEN,BLOCK,5642,1126.25,1013.62,705.38,69.59018172,safe
KERALA,IDUKKI,ADIMALI,BLOCK,21200,3430.37,3087.34,1306.29,42.3111805,safe
KERALA,IDUKKI,AZHUTHA,BLOCK,14542,3099.82,2789.84,1244.36,44.60327474,safe
KERALA,IDUKKI,DEVIKULAM,BLOCK,16043,2481.13,2233.02,684.68,30.66161521,safe
KERALA,IDUKKI,ELAM DESOM,BLOCK,9722,2050.2,1845.18,1229.54,66.63523342,safe
KERALA,IDUKKI,IDUKKI,BLOCK,13482,2887.1,2598.4,1081.37,41.61676416,safe
KERALA,IDUKKI,KATTAPPANA,BLOCK,11238,2457.09,2211.38,1742.36,78.79061943,Semi-Critical
KERALA,IDUKKI,NEDUMKANDAM,BLOCK,12190,2395.39,2155.85,1698.56,78.78841292,Semi-Critical
KERALA,IDUKKI,THODUPUZHA,BLOCK,10474,2150.86,1935.77,1234.23,63.75912428,safe
KERALA,KANNUR,EDAKKAD,BLOCK,8948,2041.84,1837.66,924.62,50.31507461,safe
KERALA,KANNUR,IRIKKUR,BLOCK,36290,6931.4,6238.26,2303.85,36.93097114,safe
KERALA,KANNUR,IRITTY,BLOCK,31509,5666.41,5099.76,2284.32,44.79269613,safe
KERALA,KANNUR,KALLYASSERI,BLOCK,14339,2755.46,2479.92,1526.26,61.54472725,safe
KERALA,KANNUR,KANNUR,BLOCK,12678,2985.8,2687.22,2091.2,77.8202008,Semi-Critical
KERALA,KANNUR,KUTHUPARAMBA,BLOCK,12935,2199.68,1979.72,1376.44,69.52700382,safe
KERALA,KANNUR,PANUR,BLOCK,7383,1355.47,1219.92,1092.83,89.58210374,Semi-Critical
KERALA,KANNUR,PAYYANNUR,BLOCK,34212,6337.2,5703.48,2080.77,36.48246334,safe
KERALA,KANNUR,PERAVOOR,BLOCK,21342,3718.69,3346.82,1687.42,50.41860632,safe
KERALA,KANNUR,TALIPARAMBA,BLOCK,40703,7950.07,7155.06,2730.71,38.16473936,safe
KERALA,KANNUR,THALASSERY,BLOCK,12057,2339.25,2105.32,1726.53,82.00796079,Semi-Critical
KERALA,KASARGOD,KANHANGAD,BLOCK,24508,5274.06,4746.66,3240.05,68.25957621,safe
KERALA,KASARGOD,KARADKA,BLOCK,26247,6083.94,5475.54,3817.32,69.71586364,safe
KERALA,KASARGOD,KASARAGOD,BLOCK,25876,5001.86,4501.68,4185.94,92.98617405,Critical
KERALA,KASARGOD,MANJESWAR,BLOCK,33136,6516.74,5865.06,4748.48,80.96217259,Semi-Critical
KERALA,KASARGOD,NILESWARAM,BLOCK,19695,4266.07,3839.46,2538.49,66.11580795,safe
KERALA,KASARGOD,PARAPPA,BLOCK,35368,7766.3,6989.67,4326.36,61.89648438,safe
KERALA,KOLLAM,ANCHAL,BLOCK,64622,7722.58,6950.32,1107.79,15.93869059,safe
KERALA,KOLLAM,CHADAYAMANGALAM,BLOCK,24903,3664.48,3298.03,1624.32,49.25121967,safe
KERALA,KOLLAM,CHAVARA,BLOCK,7490,1966.01,1867.71,1305.91,69.92038379,safe
KERALA,KOLLAM,CHITTUMALA,BLOCK,12125,2559.16,2303.24,1582.85,68.72275577,safe
KERALA,KOLLAM,ITHIKKARA,BLOCK,12573,2649.88,2384.89,1524.38,63.91825199,safe
KERALA,KOLLAM,KOTTARAKKARA,BLOCK,13310,2249.19,2024.27,1362.52,67.30920282,safe
KERALA,KOLLAM,MUKHATHALA,BLOCK,14703,3438.91,3095.02,2273.26,73.44895994,Semi-Critical
KERALA,KOLLAM,OACHIRA,BLOCK,11641,3223.7,2901.33,1547.83,53.34898133,safe
KERALA,KOLLAM,PATHANAPURAM,BLOCK,20095,3300.98,2970.88,1469.78,49.47288346,safe
KERALA,KOLLAM,SASTHAMKOTTA,BLOCK,12791,2318.99,2087.09,1484.19,71.11288924,Semi-Critical
KERALA,KOLLAM,VETTIKKAVALA,BLOCK,16947,2724.44,2451.99,1510.17,61.58956603,safe
KERALA,KOTTAYAM,ERATTUPETTA,BLOCK,14560,2625.79,2363.21,1061.54,44.91941046,safe
KERALA,KOTTAYAM,ETTUMANOOR,BLOCK,21460,3069.22,2762.3,1273.94,46.11881403,safe
KERALA,KOTTAYAM,KADUTHURUTHY,BLOCK,15806,4664.85,4198.36,1365.7,32.52936861,safe
KERALA,KOTTAYAM,KANJIRAPPALLY,BLOCK,23290,4307.82,3877.04,1542.36,39.78189547,safe
KERALA,KOTTAYAM,LALAM,BLOCK,19110,2953.94,2658.55,880.06,33.10300728,safe
KERALA,KOTTAYAM,MADAPPALLY,BLOCK,11950,5164.86,4648.38,1845.28,39.69727088,safe
KERALA,KOTTAYAM,PALLOM,BLOCK,17802,5997.97,5698.07,1987.83,34.88602281,safe
KERALA,KOTTAYAM,PAMPADY,BLOCK,20550,2849.18,2564.26,902.27,35.18636956,safe
KERALA,KOTTAYAM,UZHAVOOR,BLOCK,22460,3889.32,3500.38,1310.81,37.44764854,safe
KERALA,KOTTAYAM,VAIKOM,BLOCK,13190,3018.55,2716.69,631.68,23.25182483,safe
KERALA,KOTTAYAM,VAZHOOR,BLOCK,16910,2271.39,2044.25,942.59,46.10933105,safe
KERALA,KOZHIKKODE,BALLUSSERY,BLOCK,13953,2710.6,2439.53,2122.75,87.01471185,Semi-Critical
KERALA,KOZHIKKODE,CHELANNUR,BLOCK,13866,2638.71,2374.84,1652.13,69.56805511,safe
KERALA,KOZHIKKODE,KODUVALLY,BLOCK,27298,4760.9,4284.81,2279.4,53.19722461,safe
KERALA,KOZHIKKODE,KOZHIKODE,BLOCK,16351,2975.5,2677.95,1900.04,70.95128737,Semi-Critical
KERALA,KOZHIKKODE,KUNNAMANGALAM,BLOCK,16994,3165.99,2849.4,2501.01,87.77321541,Semi-Critical
KERALA,KOZHIKKODE,KUNNUMMAL,BLOCK,13152,2745.14,2470.62,1539.43,62.30946078,safe
KERALA,KOZHIKKODE,MELADY,BLOCK,8407,2291.36,2062.22,917.04,44.4685824,safe
KERALA,KOZHIKKODE,PANTHALAYANI,BLOCK,9855,3504.43,3153.99,1319.33,41.83050675,safe
KERALA,KOZHIKKODE,PERAMBRA,BLOCK,17902,3602.59,3242.33,1384.65,42.70540013,safe
KERALA,KOZHIKKODE,THODANNUR,BLOCK,9677,1740.17,1566.15,988.73,63.13124541,safe
KERALA,KOZHIKKODE,TUNERI,BLOCK,11497,1876.17,1688.55,1129.62,66.89881851,safe
KERALA,KOZHIKKODE,VADAKARA,BLOCK,7228,2019.53,1817.58,1163.4,64.00818671,safe
KERALA,MALAPPURAM,AREACODE,BLOCK,28357,5317.46,4785.71,3259.49,68.10880726,safe
KERALA,MALAPPURAM,KALIKAVU,BLOCK,24412,4839.68,4355.71,2547.26,58.48093652,safe
KERALA,MALAPPURAM,KONDOTTY,BLOCK,18624,3441.26,3097.14,2718.93,87.78841124,Semi-Critical
KERALA,MALAPPURAM,KUTTIPPURAM,BLOCK,17868,3567.13,3210.42,2629.84,81.9157618,Semi-Critical
KERALA,MALAPPURAM,MALAPPURAM,BLOCK,18032,3889.31,3500.38,2681.08,76.5939698,Semi-Critical
KERALA,MALAPPURAM,MANKADA,BLOCK,15245,2763.37,2625.2,1942.89,74.00921835,Semi-Critical
KERALA,MALAPPURAM,NILAMBOOR,BLOCK,21820,3965.99,3569.39,1945.2,54.49670672,safe
KERALA,MALAPPURAM,PERINTHALMANNA,BLOCK,27203,5636.5,5072.85,3204.54,63.17040717,safe
KERALA,MALAPPURAM,PERUMPADAPPU,BLOCK,5899,2406.63,2165.97,1494.84,69.0148063,safe
KERALA,MALAPPURAM,PONNANI,BLOCK,9706,3287.79,2959.01,1822.21,61.58174525,safe
KERALA,MALAPPURAM,THANUR,BLOCK,12756,2869.34,2582.41,2273.34,88.03172231,Semi-Critical
KERALA,MALAPPURAM,THRIURANGADI,BLOCK,13001,3019.32,2717.39,2297.42,84.54509658,Semi-Critical
KERALA,MALAPPURAM,TIRUR,BLOCK,11105,2479.15,2231.24,1922.13,86.14626844,Semi-Critical
KERALA,MALAPPURAM,VENGARA,BLOCK,14845,2850.75,2565.68,2153.97,83.953182,Semi-Critical
KERALA,MALAPPURAM,WANDOOR,BLOCK,15308,3328.4,2995.56,1759.82,58.74761313,safe
KERALA,PALAKKAD,ALATHUR,BLOCK,23447,7859.31,7073.38,3789.07,53.56802547,safe
KERALA,PALAKKAD,ATTAPPADI,BLOCK,22323,4629.67,4166.7,1087.58,26.10171119,safe
KERALA,PALAKKAD,CHITTUR,BLOCK,31468,6207.4,5897.03,5795.73,98.28218612,Critical
KERALA,PALAKKAD,KOLLENGODE,BLOCK,19911,6157.91,5542.12,2294.24,41.39643313,safe
KERALA,PALAKKAD,KUZHALMANNAM,BLOCK,19212,7847.52,7062.77,2279.56,32.27572185,safe
KERALA,PALAKKAD,MALAMPUZHA,BLOCK,20394,3448.06,3275.65,3108.01,94.88223711,Critical
KERALA,PALAKKAD,MANNARKKAD,BLOCK,29535,3482.87,3308.73,2220.63,67.11427043,safe
KERALA,PALAKKAD,NENMARA,BLOCK,23953,2863.11,2719.96,1755.89,64.55572876,safe
KERALA,PALAKKAD,OTTAPPALAM,BLOCK,27306,4346.3,3911.67,2341.25,59.85295283,safe
KERALA,PALAKKAD,PALAKKAD,BLOCK,20706,5906.06,5315.45,2628.01,49.44096925,safe
KERALA,PALAKKAD,PATTAMBI,BLOCK,20744,3513.88,3162.49,2764.29,87.40865584,Semi-Critical
KERALA,PALAKKAD,SREEKRISHNAPURAM,BLOCK,22013,3608.71,3247.84,2051.58,63.16752057,safe
KERALA,PALAKKAD,THRITHALA,BLOCK,17216,2315.99,2084.39,1805.19,86.60519385,Semi-Critical
KERALA,PATHANAMTHITTA,ELANTHOOR,BLOCK,10622,1705.63,1535.07,673.6,43.88073508,safe
KERALA,PATHANAMTHITTA,KOIPURAM,BLOCK,12367,1972.06,1774.85,818.18,46.09854354,safe
KERALA,PATHANAMTHITTA,KONNI,BLOCK,25977,4393.42,3954.07,1029.17,26.02811786,safe
KERALA,PATHANAMTHITTA,MALLAPPALLY,BLOCK,15418,2354.57,2119.11,797.08,37.61390395,safe
KERALA,PATHANAMTHITTA,PANDALAM,BLOCK,11641,2145.5,2038.22,1157.95,56.81182601,safe
KERALA,PATHANAMTHITTA,PARAKODE,BLOCK,22642,4996.06,4496.45,1667.43,37.08325457,safe
KERALA,PATHANAMTHITTA,PULIKEEZH,BLOCK,6866,1953.12,1757.8,797.59,45.37433155,safe
KERALA,PATHANAMTHITTA,RANNI,BLOCK,24132,3549.78,3194.81,911.62,28.53440424,safe
KERALA,THIRUVANANTHAPURAM,ATHIYANNUR,BLOCK,7629,1439.06,1295.16,1148.94,88.71027518,Semi-Critical
KERALA,THIRUVANANTHAPURAM,CHIRAYINKIL,BLOCK,10151,1815.27,1633.74,1357.73,83.10563492,Semi-Critical
KERALA,THIRUVANANTHAPURAM,KILIMANOOR,BLOCK,17977,2769.22,2492.3,1578.05,63.31701641,safe
KERALA,THIRUVANANTHAPURAM,NEDUMANGAD,BLOCK,15603,1899.9,1804.9,1559.5,86.40367887,Semi-Critical
KERALA,THIRUVANANTHAPURAM,NEMOM,BLOCK,33727,5459.22,4913.3,3400.03,69.20053732,safe
KERALA,THIRUVANANTHAPURAM,PARASSALA,BLOCK,8221,1694.88,1525.39,1271.02,83.32426461,Semi-Critical
KERALA,THIRUVANANTHAPURAM,PERUMKADAVILA,BLOCK,27038,3110.62,2799.56,1578.58,56.38671791,safe
KERALA,THIRUVANANTHAPURAM,POTHENCODE,BLOCK,7415,1559.02,1403.12,1255.9,89.50766862,Semi-Critical
KERALA,THIRUVANANTHAPURAM,VAMANAPURAM,BLOCK,27115,3300.84,2970.76,1505.36,50.67255517,safe
KERALA,THIRUVANANTHAPURAM,VARKALA,BLOCK,10209,1823.59,1641.23,1157.94,70.55318267,Semi-Critical
KERALA,THIRUVANANTHAPURAM,VELLANAD,BLOCK,29212,3669.09,3302.18,1648.74,49.92883489,safe
KERALA,THRISSUR,ANTHIKKAD,BLOCK,9904,4049.09,3644.18,1756.85,48.20974815,safe
KERALA,THRISSUR,CHALAKKUDY,BLOCK,20369,4346.3,3911.67,2659.44,67.98733022,safe
KERALA,THRISSUR,CHAVAKKAD,BLOCK,9917,3413.13,3071.82,2105.37,68.5381956,safe
KERALA,THRISSUR,CHERPU,BLOCK,8448,3454.22,3281.5,1671,50.92183453,safe
KERALA,THRISSUR,CHOWANNUR,BLOCK,17774,4180.86,3762.77,2973.04,79.01200445,Semi-Critical
KERALA,THRISSUR,IRINGALAKKUDA,BLOCK,12073,3196.22,2876.6,1801.29,62.61871654,safe
KERALA,THRISSUR,KODAKARA,BLOCK,20812,5070.86,4563.78,2607.76,57.14035295,safe
KERALA,THRISSUR,MALA,BLOCK,12713,4053.23,3647.91,2519.36,69.06310737,safe
KERALA,THRISSUR,MATHILAKOM,BLOCK,14635,4127.08,3714.37,2868.74,77.23355508,Semi-Critical
KERALA,THRISSUR,MULLASSERY,BLOCK,6585,3235.86,2912.27,1409.29,48.39146096,safe
KERALA,THRISSUR,OLLUKKARA,BLOCK,20572,3406.57,3065.91,1508.15,49.19094168,safe
KERALA,THRISSUR,PAZHAYANNUR,BLOCK,23695,4607.58,4146.82,1962.17,47.31746254,safe
KERALA,THRISSUR,PUZHAKKAL,BLOCK,22892,5525.14,4972.62,2304.62,46.34619175,safe
KERALA,THRISSUR,THALIKKULAM,BLOCK,6568,2421.33,2179.19,1706.22,78.29606413,Semi-Critical
KERALA,THRISSUR,VADAKKANCHERRY,BLOCK,18659,4113.62,3702.26,2527.57,68.27100204,safe
KERALA,THRISSUR,VELLANGALLUR,BLOCK,11069,2696.49,2426.84,1674.24,68.98847884,safe
KERALA,WAYANAD,KALPETTA,BLOCK,41351,6611.29,5950.16,1540.83,25.89560617,safe
KERALA,WAYANAD,MANANTHAVADY,BLOCK,41051,6372.46,5735.22,1398.25,24.38005866,safe
KERALA,WAYANAD,PANAMARAM,BLOCK,23286,3729.71,3356.74,1179.79,35.14689848,safe
KERALA,WAYANAD,SULTHANBATHERY,BLOCK,37074,5929.27,5336.34,1518.91,28.46351619,safe
LADAKH,KARGIL,BIMBAT,BLOCK,1200,232.77,209.49,27.6,13.17485321,safe
LADAKH,KARGIL,DRASS,BLOCK,1600,306.33,275.7,35.65,12.9307218,safe
LADAKH,KARGIL,GM PORA,BLOCK,1900,224.47,202.02,64.4,31.87803188,safe
LADAKH,KARGIL,KARGIL,BLOCK,4100,486.24,437.61,143.75,32.84888371,safe
LADAKH,KARGIL,KARSHA,BLOCK,3500,366.17,329.55,63.25,19.19283872,safe
LADAKH,KARGIL,PASHKUM,BLOCK,1300,153.75,138.37,43.7,31.58199032,safe
LADAKH,KARGIL,SANKOO,BLOCK,2600,307.49,276.74,88.55,31.99754282,safe
LADAKH,KARGIL,SHARGOLE,BLOCK,1200,300.95,270.85,111.55,41.18515784,safe
LADAKH,KARGIL,ZANSKAR,BLOCK,7500,787.29,708.56,135.7,19.15151857,safe
LADAKH,LEH,CHUCHOT,BLOCK,7400,584.95,526.46,416.3,79.07533336,Semi-Critical
LADAKH,LEH,DISKIT,BLOCK,19300,1550.43,1395.39,238.05,17.05974674,safe
LADAKH,LEH,DURBUK,BLOCK,9300,743.92,669.53,18.4,2.748196496,safe
LADAKH,LEH,KHARU,BLOCK,2800,224.6,202.14,157.55,77.94103097,Semi-Critical
LADAKH,LEH,LEH,BLOCK,9000,715.83,644.25,517.5,80.32596042,Semi-Critical
LADAKH,LEH,NIMOO,BLOCK,7300,582.61,524.35,410.55,78.29693907,Semi-Critical
LADAKH,LEH,PANAMIC,BLOCK,9700,808.12,727.31,119.6,16.44415724,safe
LADAKH,LEH,SASPOL,BLOCK,4600,350.32,315.29,258.75,82.06730312,Semi-Critical
LADAKH,LEH,THIKSAY,BLOCK,2000,159.05,143.15,111.55,77.92525323,Semi-Critical
LAKSHADWEEP,LAKSHADWEEP,AMINI,BLOCK,571,300.89,118.76,66.733461,56.19186679,Safe
LAKSHADWEEP,LAKSHADWEEP,ANDROTH,BLOCK,712,375.05,148.15,79.10791,53.39717179,Safe
LAKSHADWEEP,LAKSHADWEEP,KAVARATTI,BLOCK,634,334.45,133.5,98.140105,73.51318727,Semi-Critical
LAKSHADWEEP,LAKSHADWEEP,KILTAN,BLOCK,267,140.7,55.48,33.9724115,61.23361842,Safe
LAKSHADWEEP,LAKSHADWEEP,MINICOY,BLOCK,437,230.36,90.92,59.55,65.49714034,Safe
MADHYA PRADESH,AGAR MALWA,AGAR,BLOCK,65446,11861.61,10830.13,6485.45,59.88339937,safe
MADHYA PRADESH,AGAR MALWA,BADOD,BLOCK,70083,11007.34,10456.97,8222.9,78.63558947,Semi-Critical
MADHYA PRADESH,AGAR MALWA,NALKHEDA,BLOCK,56217,10594.81,9535.32,11866.22,124.4449059,Over-Exploited
MADHYA PRADESH,AGAR MALWA,SUSNER,BLOCK,59830,10085.04,9580.79,9762.39,101.8954596,Over-Exploited
MADHYA PRADESH,ALIRAJPUR,ALIRAJPUR,BLOCK,63900,5128.23,4871.82,1845.1,37.87290992,safe
MADHYA PRADESH,ALIRAJPUR,BHABRA,BLOCK,31300,1970.54,1773.49,1223.85,69.00800117,safe
MADHYA PRADESH,ALIRAJPUR,JOBAT,BLOCK,36900,2286.27,2057.64,1416.35,68.83371241,safe
MADHYA PRADESH,ALIRAJPUR,KATTHIWARA,BLOCK,51600,2945.81,2651.23,1234.25,46.55386368,safe
MADHYA PRADESH,ALIRAJPUR,SONDWA,BLOCK,87400,6654.52,6321.79,1893.23,29.94768887,safe
MADHYA PRADESH,ALIRAJPUR,UDAIGARH,BLOCK,34300,2504.7,2254.23,1020.37,45.26468018,safe
MADHYA PRADESH,ANUPPUR,ANUPPUR,BLOCK,55700,7512.96,7137.31,521.97,7.313259477,safe
MADHYA PRADESH,ANUPPUR,JAITHARI,BLOCK,84000,7826.23,7043.61,1372.59,19.48702441,safe
MADHYA PRADESH,ANUPPUR,KOTMA,BLOCK,34000,4822.85,4581.71,3621.86,79.05039821,Semi-Critical
MADHYA PRADESH,ANUPPUR,PUSHPARAJGARH,BLOCK,120500,8664.32,8231.11,832.91,10.11904834,safe
MADHYA PRADESH,ASHOKNAGAR,ASHOKNAGAR,BLOCK,124803,10523.51,9997.33,6702.81,67.04600128,safe
MADHYA PRADESH,ASHOKNAGAR,CHANDERI,BLOCK,108870,7010.98,6625.78,4713.5,71.13879422,Semi-Critical
MADHYA PRADESH,ASHOKNAGAR,ISAGARH,BLOCK,107115,9353.82,8418.44,6644.47,78.92756853,Semi-Critical
MADHYA PRADESH,ASHOKNAGAR,MUNGAOLI,BLOCK,121456,12604.74,11782.79,5146.25,43.67598845,safe
MADHYA PRADESH,BALAGHAT,BAIHAR,BLOCK,127451,9361.85,8425.66,445.04,5.281960108,safe
MADHYA PRADESH,BALAGHAT,BALAGHAT,BLOCK,121956,10349.37,9417.06,2348.65,24.94037417,safe
MADHYA PRADESH,BALAGHAT,BIRSA,BLOCK,135798,10595.57,10065.79,509.54,5.062096467,safe
MADHYA PRADESH,BALAGHAT,KATANGI,BLOCK,67679,6031.35,5482.66,3077.41,56.12987127,safe
MADHYA PRADESH,BALAGHAT,KHAIRLANJI,BLOCK,45388,4398.52,4178.6,2188.49,52.37376155,safe
MADHYA PRADESH,BALAGHAT,KIRNAPUR,BLOCK,76240,6926.89,6580.54,2038.19,30.97299006,safe
MADHYA PRADESH,BALAGHAT,LALBARRA,BLOCK,70232,7280.44,6813.4,2365.3,34.71541374,safe
MADHYA PRADESH,BALAGHAT,LANJI,BLOCK,85896,9134.17,8563.3,1608.99,18.78936858,safe
MADHYA PRADESH,BALAGHAT,PARASWADA,BLOCK,116750,8915.56,8469.78,392.44,4.633414327,safe
MADHYA PRADESH,BALAGHAT,WARASEONI,BLOCK,44403,4160.27,3952.25,1935.31,48.96729711,safe
MADHYA PRADESH,BARWANI,BARWANI,BLOCK,55800,6937.44,6355.89,3359.03,52.84908958,safe
MADHYA PRADESH,BARWANI,NIWALI,BLOCK,35561,3863.35,3670.17,2494.97,67.97968486,safe
MADHYA PRADESH,BARWANI,PANSEMAL,BLOCK,29180,6739.84,6115.94,8460.39,138.3334369,Over-Exploited
MADHYA PRADESH,BARWANI,PATI,BLOCK,22592,2808.32,2537.44,1747.53,68.86980579,safe
MADHYA PRADESH,BARWANI,RAJPUR,BLOCK,73036,10790.24,10250.73,9015.27,87.94759007,Semi-Critical
MADHYA PRADESH,BARWANI,SENDHWA,BLOCK,78747,9315.39,8849.61,4636.38,52.39078332,safe
MADHYA PRADESH,BARWANI,THIKRI,BLOCK,71915,15387.2,14256.4,7429.57,52.11392778,safe
MADHYA PRADESH,BETUL,AMLA,BLOCK,108300,14909.7,14164.22,7428.62,52.44637544,safe
MADHYA PRADESH,BETUL,ATHNER,BLOCK,53300,6249.6,5918.09,2989.75,50.51883293,safe
MADHYA PRADESH,BETUL,BETUL,BLOCK,103000,14177.6,13468.72,10972.94,81.46980559,Semi-Critical
MADHYA PRADESH,BETUL,BHAINSDEHI,BLOCK,102000,10846.48,9761.83,3877.02,39.7161188,safe
MADHYA PRADESH,BETUL,BHIMPUR,BLOCK,97800,9871.54,9377.96,2803.03,29.88954954,safe
MADHYA PRADESH,BETUL,CHICHOLI,BLOCK,39850,5570.46,5030.09,2679.08,53.26107485,safe
MADHYA PRADESH,BETUL,GHODA DONGRI,BLOCK,114000,15052.09,13546.89,2876.39,21.23284385,safe
MADHYA PRADESH,BETUL,MULTAI,BLOCK,87100,12718.45,12029.91,9955.1,82.75290505,Semi-Critical
MADHYA PRADESH,BETUL,PRABHAT PATTAN,BLOCK,106600,10895.04,10305.61,2389.48,23.18620635,safe
MADHYA PRADESH,BETUL,SHAHPUR,BLOCK,44500,4607.76,4146.99,2556.89,61.65652678,safe
MADHYA PRADESH,BHIND,ATER,BLOCK,61200,15531.83,13978.65,5036.51,36.0300172,safe
MADHYA PRADESH,BHIND,BHIND,BLOCK,76200,14201.61,13080.73,4341.59,33.19073171,safe
MADHYA PRADESH,BHIND,GOHAD,BLOCK,102800,21989.45,20440.2,6950.98,34.00641872,safe
MADHYA PRADESH,BHIND,LAHAR,BLOCK,65600,12508.11,11598.11,4239.35,36.55207616,safe
MADHYA PRADESH,BHIND,MEHGAON,BLOCK,96900,24002.08,22029.48,6342.83,28.79246355,safe
MADHYA PRADESH,BHIND,RON,BLOCK,43200,9807.14,8826.42,2462.36,27.89760741,safe
MADHYA PRADESH,BHOPAL,BERASIA,BLOCK,136400,20200.86,19190.82,14474.93,75.42632363,Semi-Critical
MADHYA PRADESH,BHOPAL,BHOPAL URBAN,BLOCK,38293,5266.35,5003.03,3759.27,75.13986524,Semi-Critical
MADHYA PRADESH,BHOPAL,PHANDA,BLOCK,90107,15283.22,13754.9,11478.71,83.45178809,Semi-Critical
MADHYA PRADESH,BURHANPUR,BURHANPUR,BLOCK,117000,19279,17430.56,12865.54,73.8102505,Semi-Critical
MADHYA PRADESH,BURHANPUR,KHAKNAR,BLOCK,140050,17402.41,16532.29,10839.09,65.56314945,safe
MADHYA PRADESH,CHHATARPUR,BADA MALHERA,BLOCK,89500,13130.39,12333.46,7315.39,59.31336381,safe
MADHYA PRADESH,CHHATARPUR,BIJAWAR,BLOCK,141843,13348.96,12674.28,9026.03,71.21532742,Semi-Critical
MADHYA PRADESH,CHHATARPUR,BUXWAHA,BLOCK,79113,7143.82,6429.43,5202.69,80.91992603,Semi-Critical
MADHYA PRADESH,CHHATARPUR,CHHATARPUR,BLOCK,93389,10048.61,9546.18,6985.01,73.17073426,Semi-Critical
MADHYA PRADESH,CHHATARPUR,GAURIHAR,BLOCK,90992,7581.66,7202.58,2102.56,29.19176184,safe
MADHYA PRADESH,CHHATARPUR,LAUNDI,BLOCK,82261,8644.24,8075.44,5292.49,65.53810071,safe
MADHYA PRADESH,CHHATARPUR,NOWGAON,BLOCK,82261,9220.96,8759.91,7094.98,80.9937545,Semi-Critical
MADHYA PRADESH,CHHATARPUR,RAJNAGAR,BLOCK,131075,17642.75,15878.48,9904.43,62.37643654,safe
MADHYA PRADESH,CHHINDWARA,AMARWARA,BLOCK,93955,10538.58,9484.73,6217.02,65.54767505,safe
MADHYA PRADESH,CHHINDWARA,BICHHUA,BLOCK,41384,6307.71,5992.32,3022.63,50.44173208,safe
MADHYA PRADESH,CHHINDWARA,CHAURAI,BLOCK,113973,12685.54,11416.98,7763.61,68.00055707,safe
MADHYA PRADESH,CHHINDWARA,CHHINDWARA,BLOCK,63516,10439.85,9917.86,9861.54,99.43213556,Critical
MADHYA PRADESH,CHHINDWARA,HARRAI,BLOCK,127238,8418.33,7997.42,3171.17,39.6524129,safe
MADHYA PRADESH,CHHINDWARA,JAMAI,BLOCK,96604,12007,11406.65,4133.37,36.23649362,safe
MADHYA PRADESH,CHHINDWARA,MOHKHEDA,BLOCK,70886,11080.84,10411.86,7870.76,75.59417818,Semi-Critical
MADHYA PRADESH,CHHINDWARA,PANDHURNA,BLOCK,87186,11301.09,10736.03,9623.09,89.63359827,Semi-Critical
MADHYA PRADESH,CHHINDWARA,PARASIA,BLOCK,69020,8593.08,7733.78,5065.41,65.49720835,safe
MADHYA PRADESH,CHHINDWARA,SAUSAR,BLOCK,69313,8290.03,7875.54,3941.32,50.04507627,safe
MADHYA PRADESH,CHHINDWARA,TAMIA,BLOCK,51702,5146.69,4632.02,1053.06,22.7343578,safe
MADHYA PRADESH,DAMOH,BATIYAGARH,BLOCK,89182,7696.43,7280.53,4681.98,64.30823031,safe
MADHYA PRADESH,DAMOH,DAMOH,BLOCK,84900,8216.9,7491.71,3576.91,47.74490737,safe
MADHYA PRADESH,DAMOH,HATTA,BLOCK,49100,3187.11,2989.18,1851.46,61.93872567,safe
MADHYA PRADESH,DAMOH,JABERA,BLOCK,63400,6165.55,5692.75,2415.59,42.4327434,safe
MADHYA PRADESH,DAMOH,PATERA,BLOCK,57700,4136.68,3753.57,2434.02,64.84546712,safe
MADHYA PRADESH,DAMOH,PATHARIA,BLOCK,90337,6011.45,5710.87,4595.51,80.46952566,Semi-Critical
MADHYA PRADESH,DAMOH,TENDULHEDA,BLOCK,40000,3964.66,3657.56,1833.46,50.12795416,safe
MADHYA PRADESH,DATIA,BHANDER,BLOCK,64500,14064.36,13109.91,3330.04,25.40093715,safe
MADHYA PRADESH,DATIA,DATIA,BLOCK,109100,7181.21,6822.15,3633.2,53.25593838,safe
MADHYA PRADESH,DATIA,SEONDHA,BLOCK,92600,21830.29,20190.26,7501.53,37.15420208,safe
MADHYA PRADESH,DEWAS,BAGLI,BLOCK,180848,21570.08,20467.22,13848.53,67.66199806,safe
MADHYA PRADESH,DEWAS,DEWAS,BLOCK,99961,16351.9,15534.3,17223.8,110.8759326,Over-Exploited
MADHYA PRADESH,DEWAS,KANNOD,BLOCK,88092,13577.98,12764.24,7449.59,58.36297343,safe
MADHYA PRADESH,DEWAS,KHATEGAON,BLOCK,87631,12680.97,12046.92,10157.59,84.31690424,Semi-Critical
MADHYA PRADESH,DEWAS,SONKUTCH,BLOCK,58120,10794.24,9714.81,10026.07,103.2039741,Over-Exploited
MADHYA PRADESH,DEWAS,TONKKHURD,BLOCK,62430,11574.55,10417.09,6048.05,58.05892049,safe
MADHYA PRADESH,DHAR,BADNAWAR,BLOCK,103740,17543.3,15844.92,19382.55,122.326588,Over-Exploited
MADHYA PRADESH,DHAR,BAGH,BLOCK,51200,6621.07,6290.01,1894.22,30.1147375,safe
MADHYA PRADESH,DHAR,DAHI,BLOCK,48200,9518.9,8742.55,3197.27,36.57136648,safe
MADHYA PRADESH,DHAR,DHAR,BLOCK,60200,10671.58,9604.42,14737,153.4397704,Over-Exploited
MADHYA PRADESH,DHAR,DHARMPURI,BLOCK,42900,8072.96,7346.95,2144.2,29.18489986,safe
MADHYA PRADESH,DHAR,GANDHWANI,BLOCK,73600,13090.79,12436.25,3591.8,28.88169665,safe
MADHYA PRADESH,DHAR,KUKSHI,BLOCK,34300,5461.99,5188.89,1772.16,34.15296913,safe
MADHYA PRADESH,DHAR,MANAWAR,BLOCK,55500,10276.97,9763.12,3167.2,32.44044936,safe
MADHYA PRADESH,DHAR,NALCHHA,BLOCK,78400,12474.2,11240.78,13073.3,116.3024274,Over-Exploited
MADHYA PRADESH,DHAR,NISARPUR,BLOCK,35300,6786.02,6446.72,2165.87,33.59646456,safe
MADHYA PRADESH,DHAR,SARDARPUR,BLOCK,128000,20081.37,18336.82,8492.34,46.31304665,safe
MADHYA PRADESH,DHAR,TIRLA,BLOCK,53400,8859.73,7973.76,7624.19,95.61599547,Critical
MADHYA PRADESH,DHAR,UMARVAN,BLOCK,47900,9001.56,8551.48,2315.87,27.08151104,safe
MADHYA PRADESH,DINDORI,AMARPUR,BLOCK,44800,3557.19,3379.33,365.83,10.82551867,safe
MADHYA PRADESH,DINDORI,BAJANG,BLOCK,43600,3289.38,3124.91,359.43,11.50209126,safe
MADHYA PRADESH,DINDORI,DINDORI,BLOCK,94160,6533.61,6206.93,690.52,11.12498449,safe
MADHYA PRADESH,DINDORI,KARANJIYA,BLOCK,56480,4876.49,4632.67,485.83,10.48704095,safe
MADHYA PRADESH,DINDORI,MENHADWANI,BLOCK,52800,4534.9,4308.16,450.87,10.46548875,safe
MADHYA PRADESH,DINDORI,SAMNAPUR,BLOCK,52320,4554.08,4326.38,576.77,13.3314688,safe
MADHYA PRADESH,DINDORI,SHAHPURA,BLOCK,111840,7662.55,7279.42,1235.32,16.97003333,safe
MADHYA PRADESH,GUNA,ARON,BLOCK,78883,11761.58,11173.5,7602.64,68.04170582,safe
MADHYA PRADESH,GUNA,BAMORI,BLOCK,158148,16795.09,15955.33,10035.47,62.89728887,safe
MADHYA PRADESH,GUNA,CHACHAURA,BLOCK,118232,18716.26,17780.44,12380.08,69.62752328,safe
MADHYA PRADESH,GUNA,GUNA,BLOCK,144115,15822.01,14977.77,10067.66,67.21734945,safe
MADHYA PRADESH,GUNA,RAGHOGARH,BLOCK,118136,18586.77,17427.55,10134.04,58.14953909,safe
MADHYA PRADESH,GWALIOR,BHITARWAR,BLOCK,83900,25528.36,23926.62,4639.95,19.39241732,safe
MADHYA PRADESH,GWALIOR,DABRA,BLOCK,91300,22052.1,20649.12,4269.21,20.6750215,safe
MADHYA PRADESH,GWALIOR,GHATIGAON,BLOCK,130990,15733.38,14160.05,3784.58,26.72716551,safe
MADHYA PRADESH,GWALIOR,GWALIOR URBAN,BLOCK,42335,5482.11,4933.9,3795.16,76.9200835,Semi-Critical
MADHYA PRADESH,GWALIOR,MORAR,BLOCK,79775,13448.92,12104.03,7318.39,60.4624245,safe
MADHYA PRADESH,HARDA,HARDA,BLOCK,91650,13229.23,11906.3,6348.47,53.32025902,safe
MADHYA PRADESH,HARDA,KHIRKIYA,BLOCK,79440,6960.35,6612.33,4489.1,67.88983611,safe
MADHYA PRADESH,HARDA,TIMARNI,BLOCK,99000,26767.34,25428.97,4827.62,18.9847249,safe
MADHYA PRADESH,HOSHANGABAD,BABAI,BLOCK,89200,32553.11,29297.81,2942.12,10.04211578,safe
MADHYA PRADESH,HOSHANGABAD,BANKHEDI,BLOCK,66900,19273.75,18310.07,14898.49,81.36773917,Semi-Critical
MADHYA PRADESH,HOSHANGABAD,HOSHANGABAD,BLOCK,57400,30021.96,27019.75,4047.16,14.97852497,safe
MADHYA PRADESH,HOSHANGABAD,KESALA,BLOCK,81255,18095.62,17190.83,4064.03,23.64068518,safe
MADHYA PRADESH,HOSHANGABAD,PIPARIYA,BLOCK,86300,22481.4,20462.91,7891.57,38.56523828,safe
MADHYA PRADESH,HOSHANGABAD,SEONI MALWA,BLOCK,133907,44942.44,40448.2,4140.47,10.23647529,safe
MADHYA PRADESH,HOSHANGABAD,SHOHAGPUR,BLOCK,43390,11905.38,10966.79,4351.39,39.67788204,safe
MADHYA PRADESH,INDORE,DEPALPUR,BLOCK,100959,18794.13,16914.71,24158.13,142.8231995,Over-Exploited
MADHYA PRADESH,INDORE,INDORE,BLOCK,49821,9069.41,8162.47,11605.93,142.186495,Over-Exploited
MADHYA PRADESH,INDORE,INDORE URBAN,BLOCK,53000,6555.77,5900.19,5772.79,97.8407475,Critical
MADHYA PRADESH,INDORE,MHOW,BLOCK,102092,11245.1,10682.84,8435.06,78.95896597,Semi-Critical
MADHYA PRADESH,INDORE,SAWER,BLOCK,76025,13084.61,11776.15,13821.02,117.3645037,Over-Exploited
MADHYA PRADESH,JABALPUR,BARGI,BLOCK,40990,5246.72,4722.05,2931.47,62.08045235,safe
MADHYA PRADESH,JABALPUR,JABALPUR URBAN,BLOCK,36840,3558.48,3202.63,2850.36,89.00060263,Semi-Critical
MADHYA PRADESH,JABALPUR,KUNDAM,BLOCK,83200,4689.3,4454.83,1342.38,30.13313639,safe
MADHYA PRADESH,JABALPUR,MAJHOLI,BLOCK,62265,8697.28,7827.55,3467.72,44.30147364,safe
MADHYA PRADESH,JABALPUR,PANAGAR,BLOCK,26680,8785.39,8012.82,5331.61,66.53849706,safe
MADHYA PRADESH,JABALPUR,PATAN,BLOCK,100400,16056.63,14823.74,6253.53,42.1859126,safe
MADHYA PRADESH,JABALPUR,SHAHPURA,BLOCK,47109,10546.95,10019.61,6026.59,60.14794987,safe
MADHYA PRADESH,JABALPUR,SIHORA,BLOCK,46384,9148.45,8233.6,3245.51,39.41787311,safe
MADHYA PRADESH,JHABUA,JHABUA,BLOCK,41300,2273.64,2046.28,1703.97,83.27159529,Semi-Critical
MADHYA PRADESH,JHABUA,MEGHNAGAR,BLOCK,45400,3468.49,3121.64,1852.17,59.33323509,safe
MADHYA PRADESH,JHABUA,PETLAWAD,BLOCK,91653,11536.76,10748.34,2886.16,26.85214647,safe
MADHYA PRADESH,JHABUA,RAMA,BLOCK,45700,2709.16,2573.7,1508.48,58.61133776,safe
MADHYA PRADESH,JHABUA,RANAPUR,BLOCK,38400,2126.65,2020.32,1096.72,54.28446979,safe
MADHYA PRADESH,JHABUA,THANDLA,BLOCK,48800,3968.64,3770.2,1828.78,48.50618004,safe
MADHYA PRADESH,KATNI,BADWARA,BLOCK,92858,8731.64,8295.06,4132.46,49.81832561,safe
MADHYA PRADESH,KATNI,BAHORIBAND,BLOCK,97900,9259.96,8333.96,3159.85,37.91534877,safe
MADHYA PRADESH,KATNI,DHIMAR KHEDA,BLOCK,84120,5394.98,5125.23,1674.32,32.66819245,safe
MADHYA PRADESH,KATNI,MURWARA,BLOCK,66200,7304.92,6867.43,3667.82,53.40891716,safe
MADHYA PRADESH,KATNI,RITHI,BLOCK,51270,3939.97,3742.97,1748.4,46.71156862,safe
MADHYA PRADESH,KATNI,VIJAYRAGHAVGARH,BLOCK,74300,6293.94,5664.54,3534.83,62.40277233,safe
MADHYA PRADESH,KHANDWA,BALDI,BLOCK,54524,6448.89,6126.44,3359.56,54.83706688,safe
MADHYA PRADESH,KHANDWA,CHHEGAON MAKHAN,BLOCK,86100,13201.5,11881.34,10275.48,86.48418444,Semi-Critical
MADHYA PRADESH,KHANDWA,HARSUD,BLOCK,53847,5462.34,5189.22,2790.47,53.77436301,safe
MADHYA PRADESH,KHANDWA,KHALWA,BLOCK,97000,11637.55,11055.68,6715.37,60.74135648,safe
MADHYA PRADESH,KHANDWA,KHANDWA,BLOCK,82475,10424.45,9903.22,6537.65,66.01539701,safe
MADHYA PRADESH,KHANDWA,PANDHANA,BLOCK,117000,17283.74,16419.55,9569,58.27808923,safe
MADHYA PRADESH,KHANDWA,PUNASA,BLOCK,90500,49433.9,44620.8,4388.87,9.835928536,safe
MADHYA PRADESH,KHARGONE,BARWAHA,BLOCK,133280,21030.76,19979.22,7814.71,39.11418964,safe
MADHYA PRADESH,KHARGONE,BHAGWANPURA,BLOCK,52398,7261.37,6785.27,3193.23,47.06120759,safe
MADHYA PRADESH,KHARGONE,BHIKANGAON,BLOCK,91480,12529.34,11902.87,5349.89,44.94621885,safe
MADHYA PRADESH,KHARGONE,GOGAWAN,BLOCK,40710,5535.5,5258.74,3123.18,59.39027219,safe
MADHYA PRADESH,KHARGONE,JHIRANYA,BLOCK,66469,8946.43,8412.82,4496.18,53.44438607,safe
MADHYA PRADESH,KHARGONE,KASRAWAD,BLOCK,101200,18380.22,17461.21,5934.1,33.98447187,safe
MADHYA PRADESH,KHARGONE,KHARGONE,BLOCK,49440,5961.8,5663.7,4404.52,77.76753712,Semi-Critical
MADHYA PRADESH,KHARGONE,MAHESHWAR,BLOCK,82620,12252.04,11639.44,5179.21,44.49707202,safe
MADHYA PRADESH,KHARGONE,SEGAON,BLOCK,39300,5605.08,5044.57,2827.24,56.04521297,safe
MADHYA PRADESH,MANDLA,BICHHIYA,BLOCK,87920,8222.16,7811.05,1534.45,19.64460604,safe
MADHYA PRADESH,MANDLA,BIJADANDI,BLOCK,60880,4171.8,3963.21,427.78,10.79377575,safe
MADHYA PRADESH,MANDLA,GHUGHARI,BLOCK,88080,6426.13,6104.83,498.41,8.164191304,safe
MADHYA PRADESH,MANDLA,MANDLA,BLOCK,49360,4590.2,4360.7,1381.24,31.67473112,safe
MADHYA PRADESH,MANDLA,MAWAI,BLOCK,117040,9382.4,8913.28,1205.62,13.52610936,safe
MADHYA PRADESH,MANDLA,MOHGAON,BLOCK,32780,2561.07,2433.02,1264.66,51.97902196,safe
MADHYA PRADESH,MANDLA,NAINPUR,BLOCK,63850,7026.79,6675.45,1381.07,20.68879252,safe
MADHYA PRADESH,MANDLA,NARAYANGANJ,BLOCK,35200,3027.97,2876.57,949.23,32.99867551,safe
MADHYA PRADESH,MANDLA,NIWAS,BLOCK,38880,3825.6,3634.32,903.82,24.86902639,safe
MADHYA PRADESH,MANDSAUR,BHANPURA,BLOCK,50648,7571.2,6972.53,6117.66,87.73945756,Semi-Critical
MADHYA PRADESH,MANDSAUR,GAROTH,BLOCK,113020,15524,13971.61,12050.12,86.24718268,Semi-Critical
MADHYA PRADESH,MANDSAUR,MALHARGARH,BLOCK,80215,11639.53,10592.74,8853.23,83.57828097,Semi-Critical
MADHYA PRADESH,MANDSAUR,MANDSAUR,BLOCK,125686,16949.26,15254.34,17580.7,115.2504795,Over-Exploited
MADHYA PRADESH,MANDSAUR,SITAMAU,BLOCK,126071,18211.4,16390.26,21465.84,130.9670499,Over-Exploited
MADHYA PRADESH,MORENA,AMBAH,BLOCK,51100,7566.31,6809.68,4040.11,59.32892588,safe
MADHYA PRADESH,MORENA,JAORA,BLOCK,57295,10770.77,10232.23,3343.43,32.67547739,safe
MADHYA PRADESH,MORENA,KAILARAS,BLOCK,52294,8556.38,7990.25,2887.24,36.13453897,safe
MADHYA PRADESH,MORENA,MORENA,BLOCK,101100,12943.14,12295.98,5783.85,47.0385443,safe
MADHYA PRADESH,MORENA,PAHADGARH,BLOCK,73000,9581.29,8623.16,2820.39,32.70715144,safe
MADHYA PRADESH,MORENA,PORSA,BLOCK,45700,6408.27,5767.44,2713.76,47.05311195,safe
MADHYA PRADESH,MORENA,SABALGARH,BLOCK,58000,13985.15,12896.8,4341.74,33.66525029,safe
MADHYA PRADESH,NARSINGHPUR,CHAWARPATHA,BLOCK,91900,23872.01,21484.81,14709.3,68.46371925,safe
MADHYA PRADESH,NARSINGHPUR,CHICHLI,BLOCK,85600,19550.57,17595.51,10700.32,60.8127869,safe
MADHYA PRADESH,NARSINGHPUR,GOTEGAON,BLOCK,72800,21367.21,19537.95,11797.36,60.38176984,safe
MADHYA PRADESH,NARSINGHPUR,KARELI,BLOCK,83400,22324.98,20092.47,13192.65,65.6596725,safe
MADHYA PRADESH,NARSINGHPUR,NARSINGHPUR,BLOCK,84400,23230.83,21147.93,16303.84,77.09425934,Semi-Critical
MADHYA PRADESH,NARSINGHPUR,SAIKHEDA,BLOCK,61000,13582.8,12903.66,8791.73,68.1336148,safe
MADHYA PRADESH,NEEMUCH,JAWAD,BLOCK,156944,12090.32,10881.29,11909.05,109.4452036,Over-Exploited
MADHYA PRADESH,NEEMUCH,MANASA,BLOCK,115300,12557.5,11301.75,8989.26,79.53865552,Semi-Critical
MADHYA PRADESH,NEEMUCH,NEEMUCH,BLOCK,103500,15517.32,13965.59,14973.57,107.217597,Over-Exploited
MADHYA PRADESH,NIWARI,NIWARI,BLOCK,58600,7267.05,6903.69,4844.07,70.16638928,Semi-Critical
MADHYA PRADESH,NIWARI,PRITHVIPUR,BLOCK,93962,12376.62,11216.42,7812.22,69.64985263,safe
MADHYA PRADESH,PANNA,AJAIGARH,BLOCK,89930,18296.36,16466.72,6572.84,39.91590311,safe
MADHYA PRADESH,PANNA,GUNNOR,BLOCK,114017,6330.79,5733.86,2368.57,41.30847283,safe
MADHYA PRADESH,PANNA,PANNA,BLOCK,198353,12495.43,11797.15,3537.48,29.98588642,safe
MADHYA PRADESH,PANNA,PAWAI,BLOCK,137076,10374.62,9855.88,3683.72,37.37586091,safe
MADHYA PRADESH,PANNA,SHAHNAGAR,BLOCK,123099,7164.33,6747.88,2297.14,34.04239554,safe
MADHYA PRADESH,RAISEN,BADI,BLOCK,141800,24809.24,22700.93,3596.25,15.84186199,safe
MADHYA PRADESH,RAISEN,BEGAMGANJ,BLOCK,89300,10678.03,10144.13,6009.13,59.23750977,safe
MADHYA PRADESH,RAISEN,GAIRATGANJ,BLOCK,74600,8866.58,7979.92,5131.96,64.31092041,safe
MADHYA PRADESH,RAISEN,OBEDULLAGANJ,BLOCK,86440,9671.42,9187.85,8180.82,89.03954679,Semi-Critical
MADHYA PRADESH,RAISEN,SANCHI,BLOCK,105000,13895.74,13200.95,8050.23,60.98220204,safe
MADHYA PRADESH,RAISEN,SILWANI,BLOCK,99600,13418.79,12747.85,8762.53,68.73731649,safe
MADHYA PRADESH,RAISEN,UDAIPURA,BLOCK,64200,12058.1,10852.29,6863,63.24010877,safe
MADHYA PRADESH,RAJGARH,BIAORA,BLOCK,114800,17931.12,17034.56,15089.1,88.57933519,Semi-Critical
MADHYA PRADESH,RAJGARH,JIRAPUR,BLOCK,84498,12873.71,12230.03,9616.96,78.63398536,Semi-Critical
MADHYA PRADESH,RAJGARH,KHILCHIPUR,BLOCK,78400,11641.1,11059.05,9928.19,89.77434771,Semi-Critical
MADHYA PRADESH,RAJGARH,NARSINGHGARH,BLOCK,136800,17614.44,16733.72,16493.43,98.56403717,Critical
MADHYA PRADESH,RAJGARH,RAJGARH,BLOCK,110500,16885.54,16041.26,11702.77,72.9541819,Semi-Critical
MADHYA PRADESH,RAJGARH,SARANGPUR,BLOCK,90500,14917.33,13425.6,14853.27,110.6339381,Over-Exploited
MADHYA PRADESH,RATLAM,ALOT,BLOCK,94500,16884.25,15195.82,18142.59,119.3919775,Over-Exploited
MADHYA PRADESH,RATLAM,BAJNA,BLOCK,53500,6704.61,6126.06,5322.69,86.88602462,Semi-Critical
MADHYA PRADESH,RATLAM,JAORA,BLOCK,76300,16510.47,14859.42,25337.17,170.5125099,Over-Exploited
MADHYA PRADESH,RATLAM,PIPLODA,BLOCK,60400,12641.81,11377.63,19290.01,169.5433056,Over-Exploited
MADHYA PRADESH,RATLAM,RATLAM,BLOCK,133100,26355.48,23719.93,31151.06,131.3286338,Over-Exploited
MADHYA PRADESH,RATLAM,SAILANA,BLOCK,43800,5919.8,5623.81,4682.29,83.25832487,Semi-Critical
MADHYA PRADESH,REWA,GANGEV,BLOCK,59130,4503.72,4126.7,2724.74,66.02709187,safe
MADHYA PRADESH,REWA,HANUMANA,BLOCK,90470,7410.28,6669.25,2195.5,32.9197436,safe
MADHYA PRADESH,REWA,JAWA,BLOCK,73400,8619.37,7757.43,3018.36,38.90927794,safe
MADHYA PRADESH,REWA,MAUGANJ,BLOCK,44730,4114.43,3702.99,2775,74.93944083,Semi-Critical
MADHYA PRADESH,REWA,NAIGARHI,BLOCK,35790,2781.06,2502.96,1719.16,68.68507687,safe
MADHYA PRADESH,REWA,RAMPUR KARCHULIYAN,BLOCK,59810,5028.14,4673.76,3253.25,69.60669782,safe
MADHYA PRADESH,REWA,REWA,BLOCK,70420,5710.47,5424.94,3725.8,68.6791006,safe
MADHYA PRADESH,REWA,SIRMOUR,BLOCK,86320,5576.27,5208.44,3566.58,68.47693359,safe
MADHYA PRADESH,REWA,TEONTHAR,BLOCK,73690,10838.33,9754.49,4248.16,43.55081609,safe
MADHYA PRADESH,SAGAR,BANDA,BLOCK,83130,11329.03,10223.25,5941.99,58.12231922,safe
MADHYA PRADESH,SAGAR,BINA,BLOCK,82100,12602.77,11972.63,7908.26,66.05282215,safe
MADHYA PRADESH,SAGAR,DEORI,BLOCK,86750,9328.99,8396.08,5113.35,60.90163505,safe
MADHYA PRADESH,SAGAR,JAISINAGAR,BLOCK,76490,10627.57,10096.19,6484.05,64.22274145,safe
MADHYA PRADESH,SAGAR,KESLI,BLOCK,65860,10452.22,9929.61,6333.47,63.78367328,safe
MADHYA PRADESH,SAGAR,KHURAI,BLOCK,90740,9678.44,8710.59,4958.8,56.92840554,safe
MADHYA PRADESH,SAGAR,MALTHON,BLOCK,77880,7739.66,6965.7,3559.8,51.10469874,safe
MADHYA PRADESH,SAGAR,RAHATGARH,BLOCK,89068,9694.98,9210.23,5554.45,60.30739732,safe
MADHYA PRADESH,SAGAR,REHLI,BLOCK,101980,7166.95,6808.61,3962.51,58.19851629,safe
MADHYA PRADESH,SAGAR,SAGAR,BLOCK,107570,15542.15,13987.94,7764.71,55.51003221,safe
MADHYA PRADESH,SAGAR,SHAHNAGAR,BLOCK,63850,6636.14,6070.51,3114.27,51.30162046,safe
MADHYA PRADESH,SATNA,AMARPATAN,BLOCK,65231,8608.68,7820.03,5853.09,74.84741107,Semi-Critical
MADHYA PRADESH,SATNA,MAIIHAR,BLOCK,94400,6926.74,6580.4,5783.49,87.88964197,Semi-Critical
MADHYA PRADESH,SATNA,MAJHGAWAN,BLOCK,139912,12944.66,12297.43,4810.11,39.11475812,safe
MADHYA PRADESH,SATNA,NAGOD,BLOCK,91500,11572.05,10993.44,7551.21,68.68832686,safe
MADHYA PRADESH,SATNA,RAMNAGAR,BLOCK,50354,6245.13,5620.62,2292.14,40.78091029,safe
MADHYA PRADESH,SATNA,RAMPUR-BAGHELAN,BLOCK,77594,9389.85,8450.87,7548.26,89.31932452,Semi-Critical
MADHYA PRADESH,SATNA,SOHAWAL,BLOCK,77192,10320.62,9288.56,6889.72,74.17425306,Semi-Critical
MADHYA PRADESH,SATNA,UNCHEHARA,BLOCK,75923,8462.84,7966.92,4541.67,57.00659728,safe
MADHYA PRADESH,SEHORE,ASHTA,BLOCK,118191,14649.36,13184.42,12327.47,93.50028291,Critical
MADHYA PRADESH,SEHORE,BUDNI,BLOCK,59773,11367.22,10399.74,3703.3,35.60954408,safe
MADHYA PRADESH,SEHORE,ICHHAWAR,BLOCK,52505,8152.87,7668.9,5263.17,68.63005125,safe
MADHYA PRADESH,SEHORE,NASRULLAGANJ,BLOCK,88842,14220.66,13221.48,5934.46,44.88499018,safe
MADHYA PRADESH,SEHORE,SEHORE,BLOCK,144661,25577.83,23020.05,14471.47,62.86463322,safe
MADHYA PRADESH,SEONI,BARGHAT,BLOCK,69170,6951.78,6547,3585,54.75790438,safe
MADHYA PRADESH,SEONI,CHHAPARA,BLOCK,63240,6512.05,6186.44,4308.37,69.64215284,safe
MADHYA PRADESH,SEONI,DHANORA,BLOCK,60900,4780.77,4541.73,1306.57,28.76811259,safe
MADHYA PRADESH,SEONI,GHANSAUR,BLOCK,83790,7057.77,6704.88,1717.91,25.62178592,safe
MADHYA PRADESH,SEONI,KEOLARI,BLOCK,77270,7102.16,6499.96,1682,25.87708232,safe
MADHYA PRADESH,SEONI,KURAI,BLOCK,166970,14402.98,13682.83,3354.33,24.51488471,safe
MADHYA PRADESH,SEONI,LAKHNADON,BLOCK,154480,14618.8,13887.86,5184.98,37.33462175,safe
MADHYA PRADESH,SEONI,SEONI,BLOCK,129200,11002.19,10342.82,7159.08,69.21787288,safe
MADHYA PRADESH,SHAHDOL,BEOHARI,BLOCK,94500,6666.9,6333.57,1418.29,22.39321583,safe
MADHYA PRADESH,SHAHDOL,BURHAR,BLOCK,111400,13881.88,13187.79,1507.84,11.43360639,safe
MADHYA PRADESH,SHAHDOL,GOHPARU,BLOCK,81000,10380.54,9861.51,513.43,5.206403482,safe
MADHYA PRADESH,SHAHDOL,JAISINGHNAGAR,BLOCK,135900,16475.69,15651.9,1600.14,10.22329557,safe
MADHYA PRADESH,SHAHDOL,SOHAGPUR,BLOCK,75000,8565.78,8137.49,2065.63,25.38411722,safe
MADHYA PRADESH,SHAJAPUR,KALAPIPAL,BLOCK,82567,14725.19,13252.67,14687.76,110.8286858,Over-Exploited
MADHYA PRADESH,SHAJAPUR,MOMAN BADODIYA,BLOCK,88176,13866.25,13172.94,16689.23,126.6932818,Over-Exploited
MADHYA PRADESH,SHAJAPUR,SHAJAPUR,BLOCK,88307,12825.18,12183.92,10035.22,82.3644607,Semi-Critical
MADHYA PRADESH,SHAJAPUR,SHUJALPUR,BLOCK,81567,14287.43,12858.68,13607.25,105.8215151,Over-Exploited
MADHYA PRADESH,SHEOPUR,KARAHAL,BLOCK,227180,13571.68,12214.51,6436.17,52.6928219,safe
MADHYA PRADESH,SHEOPUR,SHEOPUR,BLOCK,142600,32249.75,29024.77,6282.19,21.64423697,safe
MADHYA PRADESH,SHEOPUR,VIJAYPUR,BLOCK,163700,10010.09,9435.29,6775.59,71.8111473,Semi-Critical
MADHYA PRADESH,SHIVPURI,BADARWAS,BLOCK,115176,12494.13,11291.55,9307.83,82.43181848,Semi-Critical
MADHYA PRADESH,SHIVPURI,KARERA,BLOCK,99900,7990.05,7590.55,3933.17,51.81666678,safe
MADHYA PRADESH,SHIVPURI,KHANIYADHANA,BLOCK,123244,10257.81,9232.02,7739.32,83.8312742,Semi-Critical
MADHYA PRADESH,SHIVPURI,KOLARAS,BLOCK,107491,10895.68,9806.11,7261.65,74.05230005,Semi-Critical
MADHYA PRADESH,SHIVPURI,NARWAR,BLOCK,92800,9399.04,8459.14,6363.94,75.23152472,Semi-Critical
MADHYA PRADESH,SHIVPURI,PICHHORE,BLOCK,102884,7696.34,7311.53,5630.77,77.01219854,Semi-Critical
MADHYA PRADESH,SHIVPURI,POHARI,BLOCK,151518,14097.92,12688.13,6314.05,49.76344032,safe
MADHYA PRADESH,SHIVPURI,SHIVPURI,BLOCK,184036,12596.81,11940.93,6449.66,54.01304589,safe
MADHYA PRADESH,SIDHI,KUSMI,BLOCK,70617,8401.6,7981.52,1951.01,24.44409085,safe
MADHYA PRADESH,SIDHI,MAJHOLI,BLOCK,66784,6109.62,5498.65,1949.4,35.4523383,safe
MADHYA PRADESH,SIDHI,RAMPUR NAIKIN,BLOCK,95054,7238.13,6876.22,2320.27,33.7433939,safe
MADHYA PRADESH,SIDHI,SIDHI,BLOCK,61950,4540.58,4284.09,2900.05,67.69348917,safe
MADHYA PRADESH,SIDHI,SIHAWAL,BLOCK,66000,5079.77,4571.79,1428.32,31.24202993,safe
MADHYA PRADESH,SINGRAULI,CHITRANGI,BLOCK,171250,8517.04,8091.18,3376.97,41.73643399,safe
MADHYA PRADESH,SINGRAULI,DEOSAR,BLOCK,140110,12917.32,12271.46,3829.13,31.20354057,safe
MADHYA PRADESH,SINGRAULI,WAIDHAN,BLOCK,139900,15888.96,15094.51,6650.67,44.06019142,safe
MADHYA PRADESH,TIKAMGARH,BALDEOGARH,BLOCK,82296,9502.31,8552.08,6358.33,74.34834567,Semi-Critical
MADHYA PRADESH,TIKAMGARH,JATARA,BLOCK,96660,12141.14,10927.01,9553.4,87.42922355,Semi-Critical
MADHYA PRADESH,TIKAMGARH,PALERA,BLOCK,71622,7122.06,6765.97,5541.9,81.90843294,Semi-Critical
MADHYA PRADESH,TIKAMGARH,TIKAMGARH,BLOCK,84960,11178.02,10183.77,8354.56,82.0379879,Semi-Critical
MADHYA PRADESH,UJJAIN,BADNAGAR,BLOCK,123595,21142.17,19027.95,26074.47,137.0324707,Over-Exploited
MADHYA PRADESH,UJJAIN,GHATIA,BLOCK,64163,13493.18,12143.86,15661.65,128.9676429,Over-Exploited
MADHYA PRADESH,UJJAIN,KHCHROD,BLOCK,110178,19430.84,18459.3,13462.89,72.93283061,Semi-Critical
MADHYA PRADESH,UJJAIN,MAHIDPUR,BLOCK,113453,17863.09,16076.78,13647.14,84.8872722,Semi-Critical
MADHYA PRADESH,UJJAIN,TARANA,BLOCK,106580,13463.24,12790.08,11113.67,86.89288886,Semi-Critical
MADHYA PRADESH,UJJAIN,UJJAIN,BLOCK,75964,14305.66,12875.09,19479.45,151.2956414,Over-Exploited
MADHYA PRADESH,UMARIA,KARKELI,BLOCK,156000,10110.84,9099.75,2558.59,28.11714608,safe
MADHYA PRADESH,UMARIA,MANPUR,BLOCK,184600,18481.9,17557.8,3075.04,17.51381153,safe
MADHYA PRADESH,UMARIA,PALI,BLOCK,81300,7980.84,7581.8,772.73,10.19190694,safe
MADHYA PRADESH,VIDISHA,BASODA,BLOCK,108800,13828.73,13137.29,9125.75,69.46447859,safe
MADHYA PRADESH,VIDISHA,GYARASPUR,BLOCK,84100,11642.21,11060.1,7772.2,70.27242068,Semi-Critical
MADHYA PRADESH,VIDISHA,KURWAI,BLOCK,81000,11730.15,11143.64,8446.49,75.79650814,Semi-Critical
MADHYA PRADESH,VIDISHA,LATERI,BLOCK,89200,9439.04,8495.14,4732.54,55.7087935,safe
MADHYA PRADESH,VIDISHA,NATERAN,BLOCK,97700,11421.13,10416.72,6541.43,62.79740648,safe
MADHYA PRADESH,VIDISHA,SIRONJ,BLOCK,103700,14339.99,13622.99,9084.19,66.68279137,safe
MADHYA PRADESH,VIDISHA,VIDISHA,BLOCK,106270,18492.6,17567.97,9327.03,53.09110842,safe
MAHARASHTRA,AHMEDNAGAR,AKOLA,TALUK,123350,8789.777722,8350.282272,6644.189995,79.56844785,Semi-Critical
MAHARASHTRA,AHMEDNAGAR,JAMKHED,TALUK,68603,6563.05,6234.9,3877.95,62.19746909,safe
MAHARASHTRA,AHMEDNAGAR,KARJAT,TALUK,139398,12356.77459,11738.93478,7418.66377,63.197078,safe
MAHARASHTRA,AHMEDNAGAR,KOPARGAON,TALUK,66643.39,8134.906629,7719.500219,7193.179776,93.18193629,Critical
MAHARASHTRA,AHMEDNAGAR,NAGAR,TALUK,131868,12641.21388,12009.14761,8005.092106,66.65828723,safe
MAHARASHTRA,AHMEDNAGAR,NEWASA,TALUK,132780,17689.24934,16804.77471,14570.20716,86.70278187,Semi-Critical
MAHARASHTRA,AHMEDNAGAR,PARNER,TALUK,177332,16905.8081,16045.53725,6625.371424,41.29105383,safe
MAHARASHTRA,AHMEDNAGAR,PATHARDI,TALUK,110910,11563.7414,10985.55122,9098.365049,82.82119728,Semi-Critical
MAHARASHTRA,AHMEDNAGAR,RAHURI,TALUK,93486,13467.65141,12794.25548,12169.9846,95.12069397,Critical
MAHARASHTRA,AHMEDNAGAR,RHATA,TALUK,65448.4,8354.482498,7936.75532,8986.598676,113.227614,Over-Exploited
MAHARASHTRA,AHMEDNAGAR,SANGAMNER,TALUK,164094.93,14505.24913,13779.98157,12788.70223,92.80638122,Critical
MAHARASHTRA,AHMEDNAGAR,SHEVGAON,TALUK,94578,9196.613522,8689.890518,7359.392637,84.68912953,Semi-Critical
MAHARASHTRA,AHMEDNAGAR,SHRIGONDA,TALUK,135667,12065.94737,11462.62934,8745.624647,76.29684596,Semi-Critical
MAHARASHTRA,AHMEDNAGAR,SHRIRAMPUR,TALUK,58316.28,8373.324417,7954.659711,7301.777927,91.79246117,Critical
MAHARASHTRA,AKOLA,AKOLA,TALUK,99521.87,4679.787119,4395.438774,2632.003441,59.88033451,safe
MAHARASHTRA,AKOLA,AKOT,TALUK,80449.23,4646.11775,4341.943147,2815.444504,64.84296105,safe
MAHARASHTRA,AKOLA,BALAPUR,TALUK,67013.08,4665.632269,4350.939209,2709.098421,62.26468106,safe
MAHARASHTRA,AKOLA,BARSI TAKLI,TALUK,68347.37,5995.040709,5542.460027,4031.259767,72.73412433,Semi-Critical
MAHARASHTRA,AKOLA,MURTIZAPUR,TALUK,76798.03,5343.013713,5059.85643,3477.596905,68.72916165,safe
MAHARASHTRA,AKOLA,PATUR,TALUK,59873.3,6119.014877,5756.438252,3750.6904,65.15644284,safe
MAHARASHTRA,AKOLA,TELHARA,TALUK,62161.99,7578.507704,6838.280462,4383.102607,64.09656098,safe
MAHARASHTRA,AMRAVATI,ACHLAPUR,TALUK,63812,8279.196834,7503.747928,7258.646225,96.73360959,Critical
MAHARASHTRA,AMRAVATI,AMRAVATI,TALUK,80309,7837.394321,7238.466871,5553.538721,76.72258256,Semi-Critical
MAHARASHTRA,AMRAVATI,ANJANGAON SURJI,TALUK,52089,5522.188978,5132.486945,3057.499085,59.57149268,safe
MAHARASHTRA,AMRAVATI,BHATKULI,TALUK,57991,417.1126822,396.2572501,213.8168073,53.95909028,safe
MAHARASHTRA,AMRAVATI,CHANDUR BAZAR,TALUK,66563,6925.104332,6422.028514,9195.674025,143.1895546,Over-Exploited
MAHARASHTRA,AMRAVATI,CHANDUR RAILWAY,TALUK,47062,5366.77042,5040.114689,3313.970497,65.75188665,safe
MAHARASHTRA,AMRAVATI,CHIKHALDARA,TALUK,31728,3248.110943,2996.995179,1979.051549,66.03452561,safe
MAHARASHTRA,AMRAVATI,DARYAPUR,TALUK,77689,0,0,0,0,Saline
MAHARASHTRA,AMRAVATI,DHAMANGAON RAILWAY,TALUK,59692,6299.75493,5835.377935,4295.947175,73.61900503,Semi-Critical
MAHARASHTRA,AMRAVATI,DHARNI,TALUK,39180,3915.853029,3669.24305,1881.205289,51.26957421,safe
MAHARASHTRA,AMRAVATI,MORSHI,TALUK,70106,10068.38051,9413.970865,9488.812007,100.7950008,Over-Exploited
MAHARASHTRA,AMRAVATI,NANDGAON,TALUK,70595,7699.663745,7314.346438,5646.142791,77.19271761,Semi-Critical
MAHARASHTRA,AMRAVATI,TIWSA,TALUK,53891,9087.031607,8597.776613,5787.923425,67.31883934,safe
MAHARASHTRA,AMRAVATI,WARUD,TALUK,68532,11921.13653,10753.60963,16077.0539,149.5037894,Over-Exploited
MAHARASHTRA,AURANGABAD,AURANGABAD,TALUK,147407.25,12822.8085,12181.65565,8940.786533,73.39549557,Semi-Critical
MAHARASHTRA,AURANGABAD,FULAMBRE,TALUK,39998.75,4890.244334,4645.729458,3495.353329,75.23798706,Semi-Critical
MAHARASHTRA,AURANGABAD,GANGAPUR,TALUK,128019,13564.34558,12886.12105,9205.874105,71.44022682,Semi-Critical
MAHARASHTRA,AURANGABAD,KANNAD,TALUK,128047,16658.23191,15825.31513,10524.17655,66.50216101,safe
MAHARASHTRA,AURANGABAD,KHULDABAD,TALUK,43724,5901.627839,5606.548005,4019.69078,71.69635892,Semi-Critical
MAHARASHTRA,AURANGABAD,PAITHAN,TALUK,149988,18826.60232,17885.26126,12809.61497,71.62106709,Semi-Critical
MAHARASHTRA,AURANGABAD,SILLOD,TALUK,117696,13488.8216,12808.32249,9116.224652,71.17422801,Semi-Critical
MAHARASHTRA,AURANGABAD,SOYEGAON,TALUK,60928,5122.000167,4865.906812,3087.344159,63.4484851,safe
MAHARASHTRA,AURANGABAD,VAIJAPUR,TALUK,134366,15717.44774,14931.57015,11615.87493,77.79406192,Semi-Critical
MAHARASHTRA,BEED,AMBEJOGAI,TALUK,89860,10597.91369,10068.02699,5388.110093,53.51704059,safe
MAHARASHTRA,BEED,ASHTI,TALUK,143644,17132.38051,16275.74435,10301.26877,63.29215148,safe
MAHARASHTRA,BEED,BEED,TALUK,134779,16027.65999,15226.27727,9767.147653,64.14665567,safe
MAHARASHTRA,BEED,DHARUR,TALUK,23576,3003.002661,2852.85081,1545.317118,54.16747039,safe
MAHARASHTRA,BEED,GEVRAI,TALUK,147921,18456.25646,17533.44802,11894.68962,67.83999137,safe
MAHARASHTRA,BEED,KAIJ,TALUK,132030,14906.96385,14161.61621,9049.369711,63.90068459,safe
MAHARASHTRA,BEED,MAJALGAON,TALUK,92096,12355.19852,11737.45416,6548.88609,55.79477459,safe
MAHARASHTRA,BEED,PARLI,TALUK,63526,11895.90138,11301.11982,4268.584492,37.7713409,safe
MAHARASHTRA,BEED,PATODA,TALUK,72377,8867.698659,8424.306296,5685.378306,67.48779195,safe
MAHARASHTRA,BEED,SHIRUR KA,TALUK,61407,7245.680977,6883.396451,4103.675277,59.61701184,safe
MAHARASHTRA,BEED,WADVANI,TALUK,73989,9516.813297,9040.979619,4592.33287,50.79463801,safe
MAHARASHTRA,BHANDARA,BHANDARA,TALUK,63776,8725.629729,8289.352146,3529.074077,42.57358132,safe
MAHARASHTRA,BHANDARA,LAKHANDUR,TALUK,45038,40656.40752,36831.02457,3182.170841,8.639919412,safe
MAHARASHTRA,BHANDARA,LAKHANI,TALUK,46600,6122.349346,5816.218865,3181.021423,54.69225792,safe
MAHARASHTRA,BHANDARA,MOHADI,TALUK,51494,6124.430104,5818.213511,3312.154631,56.92734763,safe
MAHARASHTRA,BHANDARA,PAUNI,TALUK,64046,16151.75424,14969.15823,5488.616156,36.66616433,safe
MAHARASHTRA,BHANDARA,SAKOLI,TALUK,53420,7253.816317,6880.700942,3590.09543,52.17630385,safe
MAHARASHTRA,BHANDARA,TUMSAR,TALUK,72123,8675.5311,8215.639589,3951.897976,48.10213414,safe
MAHARASHTRA,BULDHANA,BULDHANA,TALUK,60748,7973.505139,7567.000471,6313.314335,83.43219165,Semi-Critical
MAHARASHTRA,BULDHANA,CHIKHALI,TALUK,93581,11472.12478,10897.60209,8393.632869,77.02275049,Semi-Critical
MAHARASHTRA,BULDHANA,DEULGAON RAJA,TALUK,44866,5914.564097,5618.829145,4341.979426,77.27551975,Semi-Critical
MAHARASHTRA,BULDHANA,JALGAON,TALUK,54218,5492.910582,5200.192829,6029.085777,115.9396579,Over-Exploited
MAHARASHTRA,BULDHANA,KHAMGAON,TALUK,96087,10637.99994,10098.0988,6918.214131,68.51006578,safe
MAHARASHTRA,BULDHANA,LONAR,TALUK,57912,7741.06034,7345.080917,4759.672348,64.8008157,safe
MAHARASHTRA,BULDHANA,MALAKAPUR,TALUK,44372,5059.435519,4806.464619,3623.242638,75.38269654,Semi-Critical
MAHARASHTRA,BULDHANA,MEHKAR,TALUK,90285,11327.2221,10741.39994,6605.576936,61.4964248,safe
MAHARASHTRA,BULDHANA,MOTALA,TALUK,56018,5665.698675,5379.59554,4241.069804,78.83622053,Semi-Critical
MAHARASHTRA,BULDHANA,NANDURA,TALUK,53625,5259.208843,4976.3166,3944.637211,79.26821238,Semi-Critical
MAHARASHTRA,BULDHANA,SANGRAMPUR,TALUK,51627,4471.808765,4122.129583,4743.145808,115.0654222,Over-Exploited
MAHARASHTRA,BULDHANA,SHEGAON,TALUK,50979,3344.50441,3177.27174,1821.315381,57.32324868,safe
MAHARASHTRA,BULDHANA,SINDKHEDRAJA,TALUK,66297,8459.492762,8036.507087,5956.762064,74.12128179,Semi-Critical
MAHARASHTRA,CHANDRAPUR,BALLARPUR,TALUK,43059,6052.156679,5749.547413,1018.949095,17.72224876,safe
MAHARASHTRA,CHANDRAPUR,BHADRAVATI,TALUK,142621,13903.48532,13208.31209,2917.662776,22.08959597,safe
MAHARASHTRA,CHANDRAPUR,BRAHMAPURI,TALUK,72363,7957.770246,7497.629371,3287.873703,43.85217701,safe
MAHARASHTRA,CHANDRAPUR,CHANDRAPUR,TALUK,94061,10387.56358,9868.182257,2111.927452,21.40138271,safe
MAHARASHTRA,CHANDRAPUR,CHIMMUR,TALUK,64777,5961.215132,5660.54635,2521.872809,44.55175619,safe
MAHARASHTRA,CHANDRAPUR,GONDPIPRI,TALUK,73430,7538.404468,7161.479186,1817.900803,25.38443184,safe
MAHARASHTRA,CHANDRAPUR,JIWATI,TALUK,43178,3432.128412,3235.743132,1038.896743,32.10689788,safe
MAHARASHTRA,CHANDRAPUR,KORPANA,TALUK,43159,2727.236526,2544.192275,791.3152392,31.10280803,safe
MAHARASHTRA,CHANDRAPUR,MUL,TALUK,40572,5536.7806,5250.227778,1683.800373,32.07099661,safe
MAHARASHTRA,CHANDRAPUR,NAGBHIND,TALUK,65337,9163.391254,8682.14455,2887.896465,33.26247851,safe
MAHARASHTRA,CHANDRAPUR,POBHURNA,TALUK,36463,4711.924336,4467.079212,1236.057801,27.67038018,safe
MAHARASHTRA,CHANDRAPUR,RAJURA,TALUK,82548,7711.235062,7321.254593,1958.518018,26.75112568,safe
MAHARASHTRA,CHANDRAPUR,SAWALI,TALUK,59050,8742.833264,8303.725783,2025.344217,24.39078878,safe
MAHARASHTRA,CHANDRAPUR,SINDEWALI,TALUK,78649,10937.31435,10351.72477,3337.876215,32.24463835,safe
MAHARASHTRA,CHANDRAPUR,WARORA,TALUK,108390,12211.45077,11600.90124,3884.258292,33.48238393,safe
MAHARASHTRA,DHULE,DHULE,TALUK,182626,20017.99839,18976.23915,11395.98206,60.05395469,safe
MAHARASHTRA,DHULE,SAKRI,TALUK,196767,20769.68099,19490.28883,9653.9653,49.53218182,safe
MAHARASHTRA,DHULE,SHIRPUR,TALUK,130779,17269.13,16344.71,7769.08,47.53268795,safe
MAHARASHTRA,DHULE,SINDKHEDA,TALUK,131960,14848.22063,14096.20202,6855.112643,48.63091938,safe
MAHARASHTRA,GADCHIROLI,AHERI,TALUK,114098.49,11730.7964,10957.43029,1473.719846,13.44950237,safe
MAHARASHTRA,GADCHIROLI,ARMORI,TALUK,63493.87,9365.187722,8872.790835,2761.752999,31.12609156,safe
MAHARASHTRA,GADCHIROLI,BHAMRAGAD,TALUK,37688.2,3840.94,3522.07,275.94,7.834597268,safe
MAHARASHTRA,GADCHIROLI,CHAMORSHI,TALUK,125583.7,14467.63789,13563.93334,3318.417354,24.46500784,safe
MAHARASHTRA,GADCHIROLI,DHANORA,TALUK,75416.25,9545.954677,9046.550785,2443.072439,27.00556816,safe
MAHARASHTRA,GADCHIROLI,ETAPALLI,TALUK,114792.15,12972.17689,12288.72364,1985.636664,16.15820098,safe
MAHARASHTRA,GADCHIROLI,GADCHIROLI,TALUK,51743.8,6892.192713,6512.501285,1733.467303,26.61753491,safe
MAHARASHTRA,GADCHIROLI,KORCHI,TALUK,38658.66,5009.662557,4758.211607,1227.565233,25.79887853,safe
MAHARASHTRA,GADCHIROLI,KURKHEDA,TALUK,76871.88,10468.75196,9945.299325,3183.707084,32.01217962,safe
MAHARASHTRA,GADCHIROLI,MULCHERA,TALUK,70866.1,7912.64695,7506.909105,1683.952564,22.43203615,safe
MAHARASHTRA,GADCHIROLI,SORONCHA,TALUK,78563,9972.622382,9433.379422,3306.029308,35.04607585,safe
MAHARASHTRA,GADCHIROLI,WADSA,TALUK,38873,6847.050307,6455.631694,1671.023378,25.88473843,safe
MAHARASHTRA,GONDIA,AMGAON,TALUK,35689.05,5039.974518,4787.932218,1414.540821,29.54387734,safe
MAHARASHTRA,GONDIA,ARJUNI MOREGAON,TALUK,87477.02,15185.783,14060.77597,2395.79076,17.03882321,safe
MAHARASHTRA,GONDIA,DEORI,TALUK,80783.71,9145.041029,8593.108185,1274.51648,14.83184492,safe
MAHARASHTRA,GONDIA,GONDIA,TALUK,62169.46,8720.966805,8113.466111,2749.638776,33.88981648,safe
MAHARASHTRA,GONDIA,GOREGAON,TALUK,41385.44,5017.596396,4766.719631,2091.09078,43.8685499,safe
MAHARASHTRA,GONDIA,SADAK ARJUNI,TALUK,60770.81,9058.950204,8470.544511,3021.800888,35.67422241,safe
MAHARASHTRA,GONDIA,SALEKASA,TALUK,39296,6837.619785,6323.693881,1484.097781,23.46884288,safe
MAHARASHTRA,GONDIA,TIRORA,TALUK,52133.26,7895.678261,7250.699493,1977.293714,27.27038565,safe
MAHARASHTRA,HINGOLI,AUNDHA,TALUK,81961,23402.6494,22213.06288,7044.735858,31.71438309,safe
MAHARASHTRA,HINGOLI,BASMATH,TALUK,76436,36475.61743,34651.83683,11053.43996,31.89856864,safe
MAHARASHTRA,HINGOLI,HINGOLI,TALUK,94832,15759.92013,14971.90523,5376.947782,35.91358415,safe
MAHARASHTRA,HINGOLI,KALMNURI,TALUK,94891,18500.28129,17575.27333,8300.705184,47.22945143,safe
MAHARASHTRA,HINGOLI,SENGAON,TALUK,118121,17045.40174,16193.13173,6672.941218,41.20846622,safe
MAHARASHTRA,JALGAON,AMALNER,TALUK,89266,12610.4856,11979.95641,8542.530215,71.30685556,Semi-Critical
MAHARASHTRA,JALGAON,BHADGAON,TALUK,49142,10808.55153,10055.82749,7993.432698,79.4905512,Semi-Critical
MAHARASHTRA,JALGAON,BHUSAWAL,TALUK,53818,6111.461,5800.230664,4489.211591,77.39712179,Semi-Critical
MAHARASHTRA,JALGAON,BODWAD,TALUK,35669,4118.750921,3912.81492,3038.159143,77.64638003,Semi-Critical
MAHARASHTRA,JALGAON,CHALISGAON,TALUK,103335,14894.64692,14149.90184,10740.25929,75.90341903,Semi-Critical
MAHARASHTRA,JALGAON,CHOPDA,TALUK,110180,11770.69704,11088.30777,9201.563872,82.98438378,Semi-Critical
MAHARASHTRA,JALGAON,DHARANGAON,TALUK,45418,8440.665276,8005.188545,4390.373931,54.844104,safe
MAHARASHTRA,JALGAON,ERANDOL,TALUK,49177,7316.130083,6949.357603,4731.276722,68.08221698,safe
MAHARASHTRA,JALGAON,JALGAON,TALUK,83198,8988.690763,8539.233516,4648.095146,54.43222904,safe
MAHARASHTRA,JALGAON,JAMNER,TALUK,126843,13503.00749,12825.15694,9115.43993,71.07468525,Semi-Critical
MAHARASHTRA,JALGAON,MUKTAINAGAR,TALUK,63392,5796.445854,5501.16515,4076.733066,74.10672022,Semi-Critical
MAHARASHTRA,JALGAON,PACHORA,TALUK,79609,10938.00497,10380.58753,7621.350223,73.41925686,Semi-Critical
MAHARASHTRA,JALGAON,PAROLA,TALUK,71160,7953.139594,7550.679384,6209.108048,82.23244204,Semi-Critical
MAHARASHTRA,JALGAON,RAVER,TALUK,93907,10449.02527,9926.581355,12550.51589,126.4334159,Over-Exploited
MAHARASHTRA,JALGAON,YAWAL,TALUK,83769,8792.147685,8319.650878,8963.710237,107.7414229,Over-Exploited
MAHARASHTRA,JALNA,AMBAD,TALUK,110885,10038.60044,9536.66754,4064.608058,42.62084257,safe
MAHARASHTRA,JALNA,BADNAPUR,TALUK,53430.66,5983.655242,5670.662493,3643.553525,64.25269587,safe
MAHARASHTRA,JALNA,BHOKARDAN,TALUK,127316.26,13896.31829,13201.50398,7924.478565,60.02708917,safe
MAHARASHTRA,JALNA,GHAT SAWANGI,TALUK,108967,14584.62956,13855.39246,8074.171942,58.27458128,safe
MAHARASHTRA,JALNA,JAFRABAD,TALUK,69380.5,8421.793679,8000.717878,4680.078249,58.49572901,safe
MAHARASHTRA,JALNA,JALNA,TALUK,123892.18,11394.16381,10824.44698,6996.954176,64.64029238,safe
MAHARASHTRA,JALNA,MANTHA,TALUK,80364.4,8398.993007,7976.059321,3603.884221,45.18376903,safe
MAHARASHTRA,JALNA,PARTUR,TALUK,97564,11474.11597,10900.40935,4876.041263,44.73264358,safe
MAHARASHTRA,KOLHAPUR,AJARA,TALUK,40265.21,8313.487528,7897.816541,3582.549765,45.36126848,safe
MAHARASHTRA,KOLHAPUR,BHUDARGAD,TALUK,50035.28,7259.079701,6853.236445,3009.649677,43.9157426,safe
MAHARASHTRA,KOLHAPUR,CHANDGAD,TALUK,75070.95,17053.69655,16200.99865,7541.034123,46.54672399,safe
MAHARASHTRA,KOLHAPUR,GADHINGLAJ,TALUK,47755.05,12503.87829,11878.68043,7131.147428,60.03316169,safe
MAHARASHTRA,KOLHAPUR,GAGANBAWADA,TALUK,12218.74,4023.925188,3822.728335,756.1692419,19.78087836,safe
MAHARASHTRA,KOLHAPUR,HATKANANGALE,TALUK,57309,11718.0473,11132.13718,6295.907426,56.55614301,safe
MAHARASHTRA,KOLHAPUR,KAGAL,TALUK,55651.71,13721.83459,12733.13657,5175.623743,40.64688786,safe
MAHARASHTRA,KOLHAPUR,KARVIR,TALUK,49220.99,13981.34255,13009.71488,5356.163657,41.17049226,safe
MAHARASHTRA,KOLHAPUR,PANHALA,TALUK,39428.57,10792.01633,10062.75955,4492.875805,44.64854579,safe
MAHARASHTRA,KOLHAPUR,RADHANAGARI,TALUK,47161.84,17277.23546,15887.60585,4857.110508,30.57169566,safe
MAHARASHTRA,KOLHAPUR,SHAHUWADI,TALUK,34785.66,8035.59853,7484.350666,1878.173225,25.09467165,safe
MAHARASHTRA,KOLHAPUR,SHIROL,TALUK,53273,11479.92798,10822.5949,4170.345401,38.53369213,safe
MAHARASHTRA,LATUR,AHMEDPUR,TALUK,91041,8809.409771,8359.381233,3918.787772,46.87892157,safe
MAHARASHTRA,LATUR,ANANTPAL SH,TALUK,17789,1906.252785,1810.938576,889.5549014,49.12120782,safe
MAHARASHTRA,LATUR,AUSA,TALUK,116191,14724.68008,13988.46048,6748.917379,48.24631982,safe
MAHARASHTRA,LATUR,CHAKUR,TALUK,47981,4677.488053,4443.62428,2783.452523,62.63924103,safe
MAHARASHTRA,LATUR,DEVANI,TALUK,25576,2402.155156,2282.047991,992.9754368,43.51246954,safe
MAHARASHTRA,LATUR,JALKOT,TALUK,19867,1855.475063,1762.70312,702.5157139,39.85445455,safe
MAHARASHTRA,LATUR,LATUR,TALUK,91073,10338.39036,9821.478749,6944.206732,70.70428913,Semi-Critical
MAHARASHTRA,LATUR,NILANGA,TALUK,120705,12039.31888,11437.36532,6577.006719,57.50456101,safe
MAHARASHTRA,LATUR,RENAPUR,TALUK,46992,4499.350391,4274.386738,2807.992121,65.69345015,safe
MAHARASHTRA,LATUR,UDGIR,TALUK,86333,7752.329462,7364.723516,3607.470702,48.98311109,safe
MAHARASHTRA,NAGPUR,BHIWAPUR,TALUK,55765,4354.255297,4029.452085,2124.811195,52.73201293,safe
MAHARASHTRA,NAGPUR,HINGANA,TALUK,63414,7984.821549,7585.571713,3607.596009,47.5586567,safe
MAHARASHTRA,NAGPUR,KALAMESHWAR,TALUK,47112,7197.66244,6746.154822,3924.323798,58.17126795,safe
MAHARASHTRA,NAGPUR,KAMTEE,TALUK,53604,8085.06072,7668.561564,3192.705182,41.63369044,safe
MAHARASHTRA,NAGPUR,KATOL,TALUK,55293,9300.829368,8775.393308,6210.0256,70.76635066,Semi-Critical
MAHARASHTRA,NAGPUR,KUHI,TALUK,74997,6876.275827,6532.459966,3792.606315,58.05785776,safe
MAHARASHTRA,NAGPUR,MOUDA,TALUK,75358,11179.09293,10620.14025,2940.513447,27.6880849,safe
MAHARASHTRA,NAGPUR,NAGPUR,TALUK,53525,6383.56883,6042.375002,2810.902454,46.51982794,safe
MAHARASHTRA,NAGPUR,NARKHED,TALUK,64323,9906.251396,9357.919795,6027.777758,64.41365058,safe
MAHARASHTRA,NAGPUR,PARSHIONI,TALUK,53651,7820.778459,7412.224785,2708.163282,36.53644297,safe
MAHARASHTRA,NAGPUR,RAMTEK,TALUK,63271,6336.302115,6016.186903,2292.237129,38.10116218,safe
MAHARASHTRA,NAGPUR,SAONER,TALUK,56237,5265.056247,4913.476174,3405.789843,69.31528153,safe
MAHARASHTRA,NAGPUR,UMRED,TALUK,82492,9779.047432,9239.492517,3424.206206,37.06054418,safe
MAHARASHTRA,NANDED,ARDHAPUR,TALUK,28176,4194.672994,3984.928548,2317.619889,58.15963476,safe
MAHARASHTRA,NANDED,BHOKAR,TALUK,63026,7025.200556,6673.958082,2207.407806,33.07494262,safe
MAHARASHTRA,NANDED,BILOLI,TALUK,58037,6592.885017,6263.232546,1348.735605,21.53417736,safe
MAHARASHTRA,NANDED,DEGLOOR,TALUK,66590,7073.21633,6719.555875,2370.09887,35.27165953,safe
MAHARASHTRA,NANDED,DHARMABAD,TALUK,33537,4345.829901,4128.541317,633.9428066,15.35512807,safe
MAHARASHTRA,NANDED,HADGAON,TALUK,100411,14090.03048,13385.51659,5143.777195,38.42793188,safe
MAHARASHTRA,NANDED,HIMATAYTNAHAR,TALUK,49896,5664.264796,5381.06071,2044.948692,38.0027062,safe
MAHARASHTRA,NANDED,KANDHAR,TALUK,77962,10408.26025,9887.835898,2631.737157,26.6159065,safe
MAHARASHTRA,NANDED,KINWAT,TALUK,147562,16199.28832,15389.33733,3790.488397,24.63061479,safe
MAHARASHTRA,NANDED,LOHA,TALUK,84955,11073.36887,10519.69396,3304.717992,31.41458301,safe
MAHARASHTRA,NANDED,MAHUR,TALUK,49818,5632.778724,5351.135455,2072.628486,38.73249898,safe
MAHARASHTRA,NANDED,MUDKHED,TALUK,32394,4139.139107,3932.17918,2090.773153,53.17085152,safe
MAHARASHTRA,NANDED,MUKHED,TALUK,87594,9316.145598,8850.347538,2353.614288,26.5934674,safe
MAHARASHTRA,NANDED,NAIGAON,TALUK,56560,7329.869622,6963.375402,2035.411265,29.23023889,safe
MAHARASHTRA,NANDED,NANDED,TALUK,40633,6203.649736,5893.448973,2528.985573,42.91180911,safe
MAHARASHTRA,NANDED,UMARI,TALUK,40620,4953.859686,4702.782601,1335.602825,28.40026721,safe
MAHARASHTRA,NANDURBAR,AKKALKUVA,TALUK,41428,5498.585592,5223.657596,1769.508436,33.87489328,safe
MAHARASHTRA,NANDURBAR,AKRANI,TALUK,37951,4541.925589,4314.821734,1022.591389,23.69950492,safe
MAHARASHTRA,NANDURBAR,NANDURBAR,TALUK,98370,12150.55746,11543.01687,6134.674675,53.14619864,safe
MAHARASHTRA,NANDURBAR,NAWAPUR,TALUK,90952,15691.15254,14850.04313,4709.755325,31.71543196,safe
MAHARASHTRA,NANDURBAR,SHAHADA,TALUK,113802,13419.8321,12692.47257,4701.240398,37.03959472,safe
MAHARASHTRA,NANDURBAR,TALODA,TALUK,32775,4589.418977,4359.955221,1837.873561,42.15349626,safe
MAHARASHTRA,NASHIK,BAGLAN SATANA,TALUK,132843,13253.13774,12444.40131,10172.90434,81.74683614,Semi-Critical
MAHARASHTRA,NASHIK,CHANDWAD,TALUK,79776,11571.99618,10852.42542,8928.580277,82.27267111,Semi-Critical
MAHARASHTRA,NASHIK,DEOLA,TALUK,50983,6591.67666,6262.087924,5684.410863,90.77500879,Critical
MAHARASHTRA,NASHIK,DINDORI,TALUK,90388,12197.72498,11516.12673,7178.048952,62.33040953,safe
MAHARASHTRA,NASHIK,IGATPURI,TALUK,66295,17535.71648,16658.93603,4208.065242,25.26010805,safe
MAHARASHTRA,NASHIK,KALWAN,TALUK,61064,8158.497551,7744.724616,4821.026227,62.2491627,safe
MAHARASHTRA,NASHIK,MALEGAON,TALUK,158540,19825.26857,18825.61555,11306.8687,60.06108361,safe
MAHARASHTRA,NASHIK,NANDGAON,TALUK,108456,10640.59413,10103.73972,5959.367416,58.98179862,safe
MAHARASHTRA,NASHIK,NASIK,TALUK,73730,15628.68134,14439.69709,6384.8886,44.21760761,safe
MAHARASHTRA,NASHIK,NIPHAD,TALUK,112934,17533.16938,16538.11396,15903.5408,96.16296541,Critical
MAHARASHTRA,NASHIK,PETH,TALUK,49647,10666.82773,10115.641,537.672654,5.31526034,safe
MAHARASHTRA,NASHIK,SINNAR,TALUK,126789,17182.73916,16315.26056,16020.42076,98.19285878,Critical
MAHARASHTRA,NASHIK,SURGANA,TALUK,72303,12407.9564,11787.56217,1478.631157,12.54399456,safe
MAHARASHTRA,NASHIK,TRAMBAKESHWAR,TALUK,68122,11970.24989,11367.89043,1302.744264,11.45985944,safe
MAHARASHTRA,NASHIK,YEOLA,TALUK,96986,13048.1838,12388.30749,9555.18974,77.13071176,Semi-Critical
MAHARASHTRA,OSMANABAD,BHOOM,TALUK,43220,4824.8713,4583.622854,2943.039417,64.20771322,safe
MAHARASHTRA,OSMANABAD,KALAMB,TALUK,85658.4,10082.39027,9578.266459,6783.925652,70.82623647,Semi-Critical
MAHARASHTRA,OSMANABAD,LOHARA,TALUK,48285,7312.457563,6946.82013,4006.315872,57.6712193,safe
MAHARASHTRA,OSMANABAD,OMERGA,TALUK,89487,12974.99935,12326.24053,7005.075651,56.83059351,safe
MAHARASHTRA,OSMANABAD,OSMANABAD,TALUK,118844,16258.86515,15445.91879,11581.47276,74.98079532,Semi-Critical
MAHARASHTRA,OSMANABAD,PARANDA,TALUK,98394,9821.861769,9330.769222,5476.000262,58.68755439,safe
MAHARASHTRA,OSMANABAD,TULJAPUR,TALUK,134221,18021.78937,17084.23111,8635.146132,50.54454061,safe
MAHARASHTRA,OSMANABAD,WASHI,TALUK,53518.6,6615.915225,6285.110897,4158.414257,66.16294168,safe
MAHARASHTRA,PALGHAR,DAHANU,TALUK,52734,4476.196281,4232.319923,1324.202916,31.28787379,safe
MAHARASHTRA,PALGHAR,JAWHAR,TALUK,32747,2684.215752,2509.803207,276.0402513,10.99848189,safe
MAHARASHTRA,PALGHAR,MOKHADA,TALUK,17627,1376.508236,1307.683158,178.732916,13.66790686,safe
MAHARASHTRA,PALGHAR,PALGHAR,TALUK,58251,5291.745842,4928.90027,1361.395073,27.62066583,safe
MAHARASHTRA,PALGHAR,TALASARI,TALUK,18518,1060.801133,1007.758321,318.0671411,31.56184716,safe
MAHARASHTRA,PALGHAR,VASAI,TALUK,32750,1841.726242,1749.6353,662.8619066,37.88571861,safe
MAHARASHTRA,PALGHAR,VIKRAMGAD,TALUK,28840,2739.78147,2495.674687,402.1010931,16.11191936,safe
MAHARASHTRA,PALGHAR,WADA,TALUK,34619,2485.095045,2325.715133,380.1087031,16.34373435,safe
MAHARASHTRA,PARBHANI,GANGAKHED,TALUK,51836,8703.027764,8258.894321,3398.09255,41.14464258,safe
MAHARASHTRA,PARBHANI,JINTUR,TALUK,127004,18991.99205,17938.18312,6964.441829,38.82467797,safe
MAHARASHTRA,PARBHANI,MANWAT,TALUK,46817,6916.47187,6570.651087,2930.260645,44.59619916,safe
MAHARASHTRA,PARBHANI,PALAM,TALUK,50884,6022.428247,5721.304583,3067.418623,53.61397175,safe
MAHARASHTRA,PARBHANI,PARBHANI,TALUK,113532,14095.98706,13347.40663,6633.235335,49.69681018,safe
MAHARASHTRA,PARBHANI,PATHARI,TALUK,57963,8133.381794,7726.69802,3982.099628,51.536887,safe
MAHARASHTRA,PARBHANI,PURNA,TALUK,65182,12009.70091,11409.22468,5129.04233,44.9552224,safe
MAHARASHTRA,PARBHANI,SELU,TALUK,72703,7851.756725,7452.885042,4141.456704,55.56850374,safe
MAHARASHTRA,PARBHANI,SONPEPTH,TALUK,35479,3832.803586,3641.17252,1916.442357,52.63256125,safe
MAHARASHTRA,PUNE,AMBEGAON,TALUK,78670.72,12272.45803,11575.70034,8988.795847,77.65228524,Semi-Critical
MAHARASHTRA,PUNE,BARAMATI,TALUK,137784.67,22754.15194,21036.01358,16913.19999,80.40116499,Semi-Critical
MAHARASHTRA,PUNE,BHOR,TALUK,34070.24,4247.09956,3947.925533,1673.34703,42.38547601,safe
MAHARASHTRA,PUNE,DAUND,TALUK,126393.01,17122.31453,16266.19841,11458.10442,70.44119424,Semi-Critical
MAHARASHTRA,PUNE,HAVELI,TALUK,121553.65,13559.33381,12861.45193,7804.161116,60.67869441,safe
MAHARASHTRA,PUNE,INDAPUR,TALUK,146762.11,30434.71271,28672.62596,20229.07233,70.55186489,Semi-Critical
MAHARASHTRA,PUNE,JUNNAR,TALUK,109757.44,17149.44501,16116.87926,13728.73081,85.1823147,Semi-Critical
MAHARASHTRA,PUNE,KHED,TALUK,128314.69,14269.25839,13555.80484,10542.67327,77.77238899,Semi-Critical
MAHARASHTRA,PUNE,MAVAL,TALUK,78615.53,9081.470102,8583.028886,1891.545101,22.03820034,safe
MAHARASHTRA,PUNE,MULSHI,TALUK,44401.58,8006.093034,7601.268398,1570.228003,20.65744716,safe
MAHARASHTRA,PUNE,PURANDHAR,TALUK,97519.25,13592.37223,12739.24022,10854.42503,85.20464989,Semi-Critical
MAHARASHTRA,PUNE,SHIRUR,TALUK,148690.7,15742.46038,14928.15819,14141.29532,94.7290023,Critical
MAHARASHTRA,PUNE,VELHE,TALUK,23194.43,5039.622453,4749.584881,449.6292785,9.466706875,safe
MAHARASHTRA,RAIGAD,ALIBAG,TALUK,25313,2757.616412,2618.985409,1226.504887,46.83129895,safe
MAHARASHTRA,RAIGAD,KARJAT,TALUK,38139,3764.57,3550.87,342.18,9.636511615,safe
MAHARASHTRA,RAIGAD,KHALAPUR,TALUK,31561,3923.774647,3725.99008,347.9994722,9.33978526,safe
MAHARASHTRA,RAIGAD,MAHAD,TALUK,27363,2366.1901,2247.891507,376.087091,16.73066026,safe
MAHARASHTRA,RAIGAD,MANGAON,TALUK,51136,4498.05695,4273.163216,382.6731835,8.955267191,safe
MAHARASHTRA,RAIGAD,MHASALA,TALUK,14830,1337.116786,1270.258161,531.6473844,41.85349094,safe
MAHARASHTRA,RAIGAD,MURUD,TALUK,12589,1334.388154,1267.668508,297.4030485,23.46063238,safe
MAHARASHTRA,RAIGAD,PANVEL,TALUK,35584,3061.529571,2904.258442,884.7030597,30.4622704,safe
MAHARASHTRA,RAIGAD,PEN,TALUK,22164,2514.774278,2386.947749,247.67014,10.3760185,safe
MAHARASHTRA,RAIGAD,POLADPUR,TALUK,11559,917.7292393,871.8369664,133.9852737,15.36815699,safe
MAHARASHTRA,RAIGAD,ROHA,TALUK,40981,4690.604649,4454.978526,460.4231046,10.33502411,safe
MAHARASHTRA,RAIGAD,SHRIWARDHAN,TALUK,12528,1158.291351,1100.373416,462.0989687,41.99474126,safe
MAHARASHTRA,RAIGAD,SUDHAGAD,TALUK,25712,2651.073554,2515.526163,281.1188224,11.17534878,safe
MAHARASHTRA,RAIGAD,TALA,TALUK,8194,709.3996216,673.9295351,254.598263,37.77817261,safe
MAHARASHTRA,RAIGAD,URAN,TALUK,17106,1853.164687,1760.502322,161.2773018,9.160868449,safe
MAHARASHTRA,RATNAGIRI,CHIPLUN,TALUK,79261,6274.42186,5960.691002,727.5634513,12.20602529,safe
MAHARASHTRA,RATNAGIRI,DAPOLI,TALUK,40731,3401.65225,3223.697364,847.4254292,26.28737545,safe
MAHARASHTRA,RATNAGIRI,GUHAGAR,TALUK,57545,4137.459061,3930.578609,1172.318693,29.82560101,safe
MAHARASHTRA,RATNAGIRI,KHED,TALUK,73065,5716.384343,5430.566328,649.6268778,11.96241494,safe
MAHARASHTRA,RATNAGIRI,LANJA,TALUK,42631,3544.434238,3351.563381,478.6291021,14.28077132,safe
MAHARASHTRA,RATNAGIRI,MANDANGAD,TALUK,26680,2096.720687,1991.882361,291.2311446,14.62090082,safe
MAHARASHTRA,RATNAGIRI,RAJAPUR,TALUK,76472,6935.901003,6362.628968,904.887407,14.22191065,safe
MAHARASHTRA,RATNAGIRI,RATNAGIRI,TALUK,50541,3887.820083,3693.429578,1087.266627,29.43785996,safe
MAHARASHTRA,RATNAGIRI,SANGAMESHWAR,TALUK,64381,5033.186475,4781.502409,540.9612674,11.31362532,safe
MAHARASHTRA,SANGLI,ATPADI,TALUK,84923,12782.66193,12125.57238,6788.482317,55.98484018,safe
MAHARASHTRA,SANGLI,JAT,TALUK,224761,27346.46657,25870.72382,16514.27188,63.83382235,safe
MAHARASHTRA,SANGLI,KADEGAON,TALUK,56982,14396.50677,13500.18894,7770.095622,57.55545834,safe
MAHARASHTRA,SANGLI,KAVATHE MAHANKAL,TALUK,74953,12113.63179,11298.5755,8769.537364,77.61630981,Semi-Critical
MAHARASHTRA,SANGLI,KHANAPUR,TALUK,50917.79,13452.93955,12308.52553,4018.999002,32.65215636,safe
MAHARASHTRA,SANGLI,MIRAJ,TALUK,95038,17253.80104,16297.61029,9147.522469,56.12799857,safe
MAHARASHTRA,SANGLI,PALUS,TALUK,31212.04,8126.439163,7409.915038,2862.275615,38.62764418,safe
MAHARASHTRA,SANGLI,SHIRALA,TALUK,58734.27,7144.13186,6692.475975,2170.698378,32.4349073,safe
MAHARASHTRA,SANGLI,TASGAON,TALUK,89315.17,17534.6709,16514.69624,8274.752268,50.10538583,safe
MAHARASHTRA,SANGLI,WALWA,TALUK,75921.97,10074.04043,9249.596291,4814.90508,52.05529981,safe
MAHARASHTRA,SATARA,JAOLI,TALUK,55215,4435.134698,4198.694304,1028.032245,24.48456998,safe
MAHARASHTRA,SATARA,KARAD,TALUK,88323,12649.32149,11928.42664,7552.944696,63.31886782,safe
MAHARASHTRA,SATARA,KHANDALA,TALUK,45551,5099.274807,4797.344905,2966.514591,61.83659191,safe
MAHARASHTRA,SATARA,KHATAV,TALUK,126905,12150.86804,11500.69766,8964.269663,77.94544233,Semi-Critical
MAHARASHTRA,SATARA,KOREGAON,TALUK,78698,13638.31917,12693.73627,7157.883103,56.3890958,safe
MAHARASHTRA,SATARA,MAHABALESHWAR,TALUK,6012,218.2966388,207.3813578,130.9300046,63.13489603,safe
MAHARASHTRA,SATARA,MAN,TALUK,142517,14018.40523,13317.46687,10833.76494,81.35004232,Semi-Critical
MAHARASHTRA,SATARA,PATAN,TALUK,93138,3506.833444,3292.721474,2153.471147,65.40095067,safe
MAHARASHTRA,SATARA,PHALTAN,TALUK,110345,17357.02997,16385.96822,10922.34047,66.65666821,safe
MAHARASHTRA,SATARA,SATARA,TALUK,78336,19996.94963,18608.28455,8063.645927,43.33363403,safe
MAHARASHTRA,SATARA,WAI,TALUK,52467,9240.206882,8512.077746,5716.723213,67.16013862,safe
MAHARASHTRA,SINDHUDURG,DEVGAD,TALUK,48229.35,3909.074639,3713.615894,1421.999399,38.29150455,safe
MAHARASHTRA,SINDHUDURG,DOUDAMARG,TALUK,11509.59,668.5860443,635.1681622,352.8683883,55.55511269,safe
MAHARASHTRA,SINDHUDURG,KANKAVALI,TALUK,46940.58,4184.479668,3975.256894,1410.103027,35.47199752,safe
MAHARASHTRA,SINDHUDURG,KUDAL,TALUK,49252.15,4850.343653,4607.830311,2221.279679,48.20662934,safe
MAHARASHTRA,SINDHUDURG,MALWAN,TALUK,38108.97,3478.71313,3304.77544,1292.800108,39.11915141,safe
MAHARASHTRA,SINDHUDURG,SAWANTWADI,TALUK,44371.67,2740.152787,2595.480922,1269.853719,48.92556554,safe
MAHARASHTRA,SINDHUDURG,VAIBHAVVWADI,TALUK,17782.87,1485.466303,1411.194741,672.2056081,47.63379486,safe
MAHARASHTRA,SINDHUDURG,VENGURLA,TALUK,23110.32,1940.493775,1843.467636,929.3500717,50.41314821,safe
MAHARASHTRA,SOLAPUR,AKKALKOT,TALUK,140705,13976.72796,13277.88867,7477.300089,56.31392367,safe
MAHARASHTRA,SOLAPUR,BARSHI,TALUK,149562,10752.09887,10214.49007,8098.609924,79.28550391,Semi-Critical
MAHARASHTRA,SOLAPUR,KARMALA,TALUK,165983,12176.10346,11567.30589,8361.206985,72.28309742,Semi-Critical
MAHARASHTRA,SOLAPUR,MADHA,TALUK,155933,16592.91005,15763.25665,12846.4351,81.4960727,Semi-Critical
MAHARASHTRA,SOLAPUR,MALSHIRAS,TALUK,149299,20586.56727,19557.23009,19797.56552,101.2288828,Over-Exploited
MAHARASHTRA,SOLAPUR,MANGALWEDHA,TALUK,113510,9548.424837,9070.993025,6767.032219,74.60078737,Semi-Critical
MAHARASHTRA,SOLAPUR,MOHOL,TALUK,136046,14259.0445,13546.09523,11950.67865,88.22231386,Semi-Critical
MAHARASHTRA,SOLAPUR,N.SOLAPUR,TALUK,58927,6600.194057,6270.178725,4210.023993,67.14360431,safe
MAHARASHTRA,SOLAPUR,PANDHARPUR,TALUK,129010,15291.73642,14527.14825,10802.1632,74.35845638,Semi-Critical
MAHARASHTRA,SOLAPUR,S.SOLAPUR,TALUK,108415,11109.23173,10553.75544,6718.472597,63.65954407,safe
MAHARASHTRA,SOLAPUR,SANGOLA,TALUK,176500,15382.70084,14613.56796,10724.67173,73.38845489,Semi-Critical
MAHARASHTRA,THANE,AMBARNATH,TALUK,26980,1825.146159,1729.143907,351.5558401,20.33120775,safe
MAHARASHTRA,THANE,BHIVANDI,TALUK,40634,2958.48273,2798.103793,1135.235109,40.57158679,safe
MAHARASHTRA,THANE,KALYAN,TALUK,12643,857.8280483,814.9335838,163.6486117,20.08122072,safe
MAHARASHTRA,THANE,MURBAD,TALUK,54378,3771.530023,3576.29121,342.2582648,9.570201213,safe
MAHARASHTRA,THANE,SHAHAPUR,TALUK,75675,6417.538172,6022.107012,716.7351422,11.90173374,safe
MAHARASHTRA,THANE,THANE,TALUK,21837,1402.454229,1332.333298,373.8914378,28.06290576,safe
MAHARASHTRA,THANE,ULHASNAGAR,TALUK,1300,87.27063841,82.90719593,35.13559439,42.37942677,safe
MAHARASHTRA,WARDHA,ARVI,TALUK,79476,10013.68236,9512.978819,4854.271949,51.0278856,safe
MAHARASHTRA,WARDHA,ASHTI,TALUK,45935,6032.370861,5730.750005,3432.286303,59.89244514,safe
MAHARASHTRA,WARDHA,DEOLI,TALUK,68178,10669.75936,10136.28258,4349.605613,42.91125054,safe
MAHARASHTRA,WARDHA,HINGANGHAT,TALUK,91965,12487.62516,11863.23621,6218.857154,52.42125372,safe
MAHARASHTRA,WARDHA,KARANJA,TALUK,60320,8227.234579,7815.860593,5357.378057,68.54495412,safe
MAHARASHTRA,WARDHA,SAMUDRAPUR,TALUK,92552,14401.4378,13679.14732,6344.364622,46.37982525,safe
MAHARASHTRA,WARDHA,SELOO,TALUK,64140,9950.776003,9342.415674,5156.582758,55.1953899,safe
MAHARASHTRA,WARDHA,WARDHA,TALUK,78650,11978.83387,11287.9088,6791.083543,60.16245935,safe
MAHARASHTRA,WASHIM,KARANJA,TALUK,81886.56,7922.397111,7477.234033,5155.858778,68.95409124,safe
MAHARASHTRA,WASHIM,MALEGAON,TALUK,84643.08,9057.529545,8604.656067,5585.152058,64.90848692,safe
MAHARASHTRA,WASHIM,MANGRULPIR,TALUK,71008.53,9636.892382,9129.259444,4961.074524,54.34257351,safe
MAHARASHTRA,WASHIM,MANORA,TALUK,70488.15,9165.064103,8706.808769,4363.833335,50.11977925,safe
MAHARASHTRA,WASHIM,RISOD,TALUK,84924.19,12355.82136,11688.30331,7361.633602,62.98291038,safe
MAHARASHTRA,WASHIM,WASHIM,TALUK,88245.91,10595.2655,10065.49837,6088.417704,60.48799055,safe
MAHARASHTRA,YAWATMAL,ARNI,TALUK,65767.39,9231.241265,8759.500408,3031.84636,34.61209222,safe
MAHARASHTRA,YAWATMAL,BABULGAON,TALUK,53129.15,5709.0895,5422.556361,2327.137832,42.91588094,safe
MAHARASHTRA,YAWATMAL,DARAVHA,TALUK,76872.21,9129.118925,8622.712137,3611.238,41.8805353,safe
MAHARASHTRA,YAWATMAL,DIGRAS,TALUK,46370.6,6267.407951,5909.033922,2444.104794,41.36217233,safe
MAHARASHTRA,YAWATMAL,GHATANJI,TALUK,75790.02,11220.9541,10659.89787,1732.650182,16.25390978,safe
MAHARASHTRA,YAWATMAL,KALAMB,TALUK,62832.35,6595.648878,6246.421201,2386.193053,38.20096302,safe
MAHARASHTRA,YAWATMAL,MAHAGAON,TALUK,72193.56,8614.24457,8168.834695,4103.184088,50.22973583,safe
MAHARASHTRA,YAWATMAL,MAREGAON,TALUK,57586.79,4490.556099,4245.015671,1406.675476,33.13710914,safe
MAHARASHTRA,YAWATMAL,NER,TALUK,63372.32,5622.591475,5338.964111,2849.338363,53.36874914,safe
MAHARASHTRA,YAWATMAL,OMARKHED,TALUK,97835.73,15591.45518,14627.81614,4474.001658,30.58557488,safe
MAHARASHTRA,YAWATMAL,PANDHARKAVADA,TALUK,69925.56,9778.832298,9289.894471,1852.156246,19.93732278,safe
MAHARASHTRA,YAWATMAL,PUSAD,TALUK,98440.16,13214.88848,12506.31125,4529.969653,36.22146901,safe
MAHARASHTRA,YAWATMAL,RALEGAON,TALUK,68676.09,7548.120663,7050.381442,2533.335153,35.93188785,safe
MAHARASHTRA,YAWATMAL,WANI,TALUK,80596.78,8664.149064,8230.949051,2473.825918,30.05517228,safe
MAHARASHTRA,YAWATMAL,YEOTMAL,TALUK,93283.95,11157.98966,10584.23604,3726.436823,35.20742364,safe
MAHARASHTRA,YAWATMAL,ZARA ZAMANI,TALUK,61394.01,8049.741891,7643.825233,1507.266403,19.71874496,safe
MANIPUR,BISHNUPUR,BISHNUPUR,BLOCK,28000,6735.14,6061.626,358.75455,5.92,safe
MANIPUR,BISHNUPUR,MOIRANG,BLOCK,21600,5178.73,4660.857,251.203305,5.39,safe
MANIPUR,CHURACHANPUR,CHURACHANDPUR,BLOCK,32100,8287.09,7458.381,461.10816,6.18,safe
MANIPUR,IMPHAL EAST,IMPHAL EAST I,BLOCK,23290,4990.23,4491.207,812.259945,18.09,safe
MANIPUR,IMPHAL EAST,IMPHAL EAST II,BLOCK,47610,9956.98,8961.282,273.060885,3.05,safe
MANIPUR,IMPHAL WEST,IMPHAL WEST I,BLOCK,28100,4703.47,4233.123,452.441895,10.69,safe
MANIPUR,IMPHAL WEST,IMPHAL WEST II,BLOCK,23800,3995.91,3596.319,412.83573,11.48,safe
MANIPUR,THOUBAL,KAKCHING,BLOCK,19000,2952.48,2657.232,310.627635,11.69,safe
MANIPUR,THOUBAL,THOUBAL,BLOCK,32400,4984.98,4486.482,392.5059,8.75,safe
MEGHALAYA,EAST GARO HILLS,DAMBO RONGJENG,BLOCK,15974,2685.32,2416.79,128.61,5.321521522,safe
MEGHALAYA,EAST GARO HILLS,SAMANDA,BLOCK,19085,3578.05,3220.24,84.59,2.626822846,safe
MEGHALAYA,EAST GARO HILLS,SONGSAK,BLOCK,15156,2721.25,2449.13,118.82,4.851518703,safe
MEGHALAYA,EAST JAINTIA HILLS,KHLIEHRIAT,BLOCK,50445,11096.98,9987.28,126.38,1.265409601,safe
MEGHALAYA,EAST JAINTIA HILLS,SAIPUNG,BLOCK,32290,5856.61,5270.94,59.64,1.131486983,safe
MEGHALAYA,EAST KHASI HILLS,KHATARSHNONG LAITKROH,BLOCK,12835,2970.05,2673.05,57.25,2.14174819,safe
MEGHALAYA,EAST KHASI HILLS,MAWKYNREW,BLOCK,11292,2907.95,2617.15,41.8,1.597157213,safe
MEGHALAYA,EAST KHASI HILLS,MAWPHLANG,BLOCK,10183,2328.11,2095.3,59.22,2.826325586,safe
MEGHALAYA,EAST KHASI HILLS,MAWRYNGKNENG,BLOCK,10564,2271.12,2044,105.75,5.173679061,safe
MEGHALAYA,EAST KHASI HILLS,MAWSYNRAM,BLOCK,14733,4093.1,3683.79,53.72,1.458280738,safe
MEGHALAYA,EAST KHASI HILLS,MYLLIEM,BLOCK,8143,1525.55,1372.99,210.01,15.29581424,safe
MEGHALAYA,EAST KHASI HILLS,PYNURSLA,BLOCK,12059,3895.72,3506.15,16.51,0.47088687,safe
MEGHALAYA,EAST KHASI HILLS,SHELLA BHOLAGANJ,BLOCK,10513,3122.11,2809.9,47.38,1.686181003,safe
MEGHALAYA,NORTH GARO HILLS,KHARKUTTA,BLOCK,13130,3589.02,3141.63,134.69,4.287264891,safe
MEGHALAYA,NORTH GARO HILLS,RESUBELPARA,BLOCK,23901,6379.4,5209.18,264.9,5.085253341,safe
MEGHALAYA,RI BHOI,JIRANG,BLOCK,14821,1484.16,1335.74,41.92,3.138335305,safe
MEGHALAYA,RI BHOI,UMLING,BLOCK,13744,1406.79,1266.11,121.28,9.578946537,safe
MEGHALAYA,RI BHOI,UMSNING,BLOCK,40313,3729.97,3356.97,166.61,4.963106611,safe
MEGHALAYA,SOUTH GARO HILLS,BAGHMARA,BLOCK,15465,4796.04,4316.43,95.62,2.215256589,safe
MEGHALAYA,SOUTH GARO HILLS,CHOKPOT,BLOCK,16686,5374.98,4837.48,48.09,0.994112637,safe
MEGHALAYA,SOUTH GARO HILLS,GASUAPARA,BLOCK,16366,6054.26,5448.83,56.47,1.036369276,safe
MEGHALAYA,SOUTH GARO HILLS,RONGARA,BLOCK,17440,7276.1,6548.49,46.29,0.706880517,safe
MEGHALAYA,SOUTH WEST GARO HILLS,BETASING,BLOCK,22763,4194.14,2042.25,602.87,29.51989228,safe
MEGHALAYA,SOUTH WEST GARO HILLS,ZIKZAK,BLOCK,19757,2736.45,1354.39,158.64,11.7130221,safe
MEGHALAYA,SOUTH WEST KHASI HILLS,MAWKYRWAT,BLOCK,21422,5253.69,4728.32,97.73,2.066907485,safe
MEGHALAYA,SOUTH WEST KHASI HILLS,RANIKOR,BLOCK,27115,9104.16,8193.75,34.59,0.42215103,safe
MEGHALAYA,WEST GARO HILLS,DADENGGIRI,BLOCK,26181,4461.47,1500.8,89.84,5.986140725,safe
MEGHALAYA,WEST GARO HILLS,DALU,BLOCK,21244,5496.91,2636.99,102.2,3.875630928,safe
MEGHALAYA,WEST GARO HILLS,GAMBEGRE,BLOCK,10341,2538.42,1482.24,47,3.170876511,safe
MEGHALAYA,WEST GARO HILLS,RONGRAM,BLOCK,18915,3330.45,2080.18,148.64,7.145535483,safe
MEGHALAYA,WEST GARO HILLS,SELSELLA,BLOCK,35211,10909.34,6460.14,2305.59,35.68947422,safe
MEGHALAYA,WEST GARO HILLS,TIKRIKILLA,BLOCK,15892,2999.38,2007.92,207.22,10.32013228,safe
MEGHALAYA,WEST JAINTIA HILLS,AMLAREM,BLOCK,17583,3292,2962.8,30.18,1.018631025,safe
MEGHALAYA,WEST JAINTIA HILLS,LASKEIN,BLOCK,19117,3084.82,2776.34,239.71,8.634028973,safe
MEGHALAYA,WEST JAINTIA HILLS,THADLASKEIN,BLOCK,42486,4879.55,4391.59,308.98,7.035720548,safe
MEGHALAYA,WEST KHASI HILLS,MAIRANG,BLOCK,24555,6415.52,5773.97,116.81,2.023044803,safe
MEGHALAYA,WEST KHASI HILLS,MAWSHYNRUT,BLOCK,54407,12872.67,11585.4,145.21,1.253387885,safe
MEGHALAYA,WEST KHASI HILLS,MAWTHADRAISHAN,BLOCK,14489,4107.31,3696.58,79.63,2.154153298,safe
MEGHALAYA,WEST KHASI HILLS,NONGSTOIN,BLOCK,30519,8310.36,7479.32,101.54,1.35761005,safe
MIZORAM,AIZAWL,AIBAWK,BLOCK,131,9.86,8.88,5.76,64.86486486,safe
MIZORAM,AIZAWL,DARLAWN,BLOCK,7623,573.74,516.36,18.87,3.654427144,safe
MIZORAM,AIZAWL,PHULLEN,BLOCK,3343,251.61,226.45,12.74,5.625965997,safe
MIZORAM,AIZAWL,THINGSULTHLIAH,BLOCK,4161,313.17,281.85,16.36,5.804505943,safe
MIZORAM,AIZAWL,TLANGNUAM,BLOCK,6476,487.41,438.67,139.59,31.82118677,safe
MIZORAM,CHAMPHAI,CHAMPHAI,BLOCK,8096,482.65,434.39,27.89,6.420497709,safe
MIZORAM,CHAMPHAI,KHAWBUNG,BLOCK,5495,327.59,294.84,1.41,0.478225478,safe
MIZORAM,CHAMPHAI,KHAWZAWL,BLOCK,9486,565.52,508.97,6.9,1.355679117,safe
MIZORAM,CHAMPHAI,NGOPA,BLOCK,5596,333.61,300.25,7.2,2.398001665,safe
MIZORAM,KOLASIB,BILKHAWTHLIR,BLOCK,18978,1335.52,1201.97,21.55,1.792890006,safe
MIZORAM,KOLASIB,NORTH THINGDAWL,BLOCK,20537,1445.14,1300.63,8.88,0.682746054,safe
MIZORAM,LAWNGTLAI,BUNGTLANG SOUTH,BLOCK,14659,914.25,822.82,4.36,0.52988503,safe
MIZORAM,LAWNGTLAI,CHAWNGTE,BLOCK,24542,1530.63,1377.56,29.48,2.14001568,safe
MIZORAM,LAWNGTLAI,LAWNGTLAI,BLOCK,11093,691.85,622.67,58.05,9.322755232,safe
MIZORAM,LAWNGTLAI,SANGAU,BLOCK,1781,111.08,99.97,7.58,7.582274682,safe
MIZORAM,LUNGLEI,HNAHTHIAL,BLOCK,5275,388.07,349.27,57.14,16.35983623,safe
MIZORAM,LUNGLEI,LUNGLEI,BLOCK,9850,724.65,652.18,58.9,9.031249042,safe
MIZORAM,LUNGLEI,LUNGSEN,BLOCK,34645,2548.76,2293.88,45.85,1.998796798,safe
MIZORAM,LUNGLEI,WEST BUNGHMUN,BLOCK,24717,1818.38,1636.54,25.57,1.562442715,safe
MIZORAM,MAMIT,REIEK,BLOCK,11650,912.24,821.02,27.87,3.394557989,safe
MIZORAM,MAMIT,WEST PHAILENG,BLOCK,20459,1602.03,1441.83,34.47,2.390711804,safe
MIZORAM,MAMIT,ZAWLNUAM,BLOCK,39522,3094.74,2785.27,35.45,1.272767093,safe
MIZORAM,SAIHA,SAIHA,BLOCK,2266,171.93,154.74,28.22,18.23704278,safe
MIZORAM,SAIHA,TUIPANG,BLOCK,8394,636.87,573.18,10.97,1.913883946,safe
MIZORAM,SERCHHIP,E LUNGDAR,BLOCK,3846,214.52,193.06,26.7,13.82989744,safe
MIZORAM,SERCHHIP,SERCHHIP,BLOCK,12320,687.16,618.44,20.08,3.246879245,safe
NAGALAND,DIMAPUR,DHANSIRIPAR,BLOCK,16602.22,4616.96,4155.26,95.67,2.302383004,safe
NAGALAND,DIMAPUR,KUHOBOTO,BLOCK,4004.75,1499.64,1349.68,125.47,9.296277636,safe
NAGALAND,DIMAPUR,MEDZIPHEMA,BLOCK,37180.03,13951.9,12556.71,732.95,5.837118162,safe
NAGALAND,DIMAPUR,NIULAND,BLOCK,5258.67,1843.1,1658.78,140.41,8.464654746,safe
NAGALAND,KIPHIRE,KIPHIRE,BLOCK,1043.61,134.18,120.76,7.01,5.804902286,safe
NAGALAND,KIPHIRE,PUNGRO,BLOCK,1371.78,152.93,137.64,0.48,0.348735833,safe
NAGALAND,KIPHIRE,SIMITI,BLOCK,1160.81,224.37,201.93,3.58,1.772891596,safe
NAGALAND,KOHIMA,CHIEPHOBOZOU,BLOCK,12581,1224.39,1101.95,38.58,3.501066292,safe
NAGALAND,KOHIMA,JAKHAMA,BLOCK,4492.73,663.96,597.57,12.59,2.106866141,safe
NAGALAND,KOHIMA,KOHIMA,BLOCK,3706.42,1565.42,1408.88,134.84,9.570722844,safe
NAGALAND,KOHIMA,TSEMINYU,BLOCK,7483.42,888.78,799.91,42.33,5.291845333,safe
NAGALAND,LONGLENG,LONGLENG,BLOCK,7344.54,888.7,799.83,8.09,1.011464936,safe
NAGALAND,LONGLENG,TAMLU,BLOCK,5545.08,614.2,552.77,3.68,0.66573801,safe
NAGALAND,MOKOKCHUNG,CHANGTONGYA,BLOCK,14301.82,1561.04,1404.94,11.83,0.842028841,safe
NAGALAND,MOKOKCHUNG,KUBULONG,BLOCK,4346.94,495.66,446.09,0.1,0.022417001,safe
NAGALAND,MOKOKCHUNG,LONGCHEM,BLOCK,5011.83,561.95,505.75,8.16,1.613445378,safe
NAGALAND,MOKOKCHUNG,MANGKOLEMBA,BLOCK,15099.67,1693.29,1523.96,20.37,1.336649256,safe
NAGALAND,MOKOKCHUNG,ONGPANGKONG NORTH,BLOCK,8336.23,1117.7,1005.93,16.43,1.633314445,safe
NAGALAND,MOKOKCHUNG,ONGPANGKONG SOUTH,BLOCK,7946.47,835.57,752.02,13.82,1.837717082,safe
NAGALAND,MON,CHEN,BLOCK,12467.75,891.74,802.57,28.8,3.588472034,safe
NAGALAND,MON,MON,BLOCK,10324.52,766.61,689.95,32.69,4.738024495,safe
NAGALAND,MON,POMCHING,BLOCK,9683.27,756.7,681.03,31.15,4.573954158,safe
NAGALAND,MON,TIZIT,BLOCK,10367.56,791.2,712.08,43.97,6.174867992,safe
NAGALAND,MON,TOBU,BLOCK,4699.61,358.59,322.73,5.3,1.642239643,safe
NAGALAND,MON,WAKCHING,BLOCK,13969.73,1061.36,955.23,11.21,1.173539357,safe
NAGALAND,PEREN,JALUKIE,BLOCK,34337.53,3540.03,3186.03,49.17,1.543299969,safe
NAGALAND,PEREN,PEREN,BLOCK,14102.3,1192.7,1073.43,14.38,1.339630903,safe
NAGALAND,PEREN,TENING,BLOCK,15398.61,1244.01,1119.61,21.78,1.945320245,safe
NAGALAND,PHEK,KIKRUMA,BLOCK,1051.3,297.54,267.79,4.18,1.560924605,safe
NAGALAND,PHEK,MELURI,BLOCK,5285.34,503.45,453.1,15.22,3.35908188,safe
NAGALAND,PHEK,PFUTSERO,BLOCK,1889.11,357.51,321.76,10.33,3.210467429,safe
NAGALAND,PHEK,PHEK,BLOCK,1076.97,379.42,341.48,5.75,1.683846785,safe
NAGALAND,PHEK,SEKRUZU,BLOCK,2006.28,321.34,289.2,4.87,1.68395574,safe
NAGALAND,TUENSANG,CHARE,BLOCK,511.04,56.38,50.74,4.24,8.35632637,safe
NAGALAND,TUENSANG,CHESSORE,BLOCK,955.34,564.32,507.89,6.94,1.366437614,safe
NAGALAND,TUENSANG,LONGKHIM,BLOCK,613.67,198.06,178.25,17.69,9.924263675,safe
NAGALAND,TUENSANG,NOKLAK,BLOCK,2036.64,610.49,549.44,0.42,0.076441468,safe
NAGALAND,TUENSANG,NOKSEN,BLOCK,1238.06,346.56,311.91,17.29,5.543265686,safe
NAGALAND,TUENSANG,SANGSANGNYU,BLOCK,1483.26,464.58,418.12,40.03,9.573806563,safe
NAGALAND,TUENSANG,SHAMATOR,BLOCK,1282.28,220.39,198.35,6.87,3.46357449,safe
NAGALAND,TUENSANG,THONOKNYU,BLOCK,2003.14,421.04,378.94,3.37,0.889322848,safe
NAGALAND,WOKHA,BHANDARI,BLOCK,22870.1,3223.05,2900.75,29.37,1.012496768,safe
NAGALAND,WOKHA,CHUKITONG,BLOCK,4922.78,608.63,547.77,4.19,0.764919583,safe
NAGALAND,WOKHA,SANIS,BLOCK,18434.72,2230.68,2007.61,61.55,3.0658345,safe
NAGALAND,WOKHA,WOKHA,BLOCK,10647.08,1335.54,1201.99,58.42,4.86027338,safe
NAGALAND,WOKHA,WOZHURU RALAN,BLOCK,10045.94,1276.28,1148.65,30.06,2.616985156,safe
NAGALAND,ZUNHEBOTO,AKULUTO,BLOCK,2703.28,359.28,323.35,8.66,2.678212463,safe
NAGALAND,ZUNHEBOTO,GHATHASHI,BLOCK,1901.65,245,220.5,5.91,2.680272109,safe
NAGALAND,ZUNHEBOTO,SATAKHA,BLOCK,2093.25,385.41,346.87,10.64,3.067431603,safe
NAGALAND,ZUNHEBOTO,SURUHOTO,BLOCK,765.26,199.53,179.58,6.41,3.569439804,safe
NAGALAND,ZUNHEBOTO,TOKIYE,BLOCK,905.94,264.64,238.17,10.54,4.425410421,safe
NAGALAND,ZUNHEBOTO,ZUNHEBOTO,BLOCK,616.09,300.83,270.74,22.33,8.247765384,safe
ODISHA,ANGUL,ANUGUL,BLOCK,71240,7366.88,6965.28,4156.29,59.67154228,safe
ODISHA,ANGUL,ATHMALLIK,BLOCK,67714,6623.51,6240.5,2657.73,42.58841439,safe
ODISHA,ANGUL,BANARPAL,BLOCK,34876,4182.19,3886.67,2233.46,57.46461624,safe
ODISHA,ANGUL,CHHENDIPADA,BLOCK,76552,7824.71,7386.86,4057.31,54.92604435,safe
ODISHA,ANGUL,KANIHA,BLOCK,68587,8489.25,8064.79,4835.86,59.96262767,safe
ODISHA,ANGUL,KISHORENAGAR,BLOCK,71562,7699.87,7314.87,3092.41,42.27566587,safe
ODISHA,ANGUL,PALALAHADA,BLOCK,89188,11179.96,10061.97,4765.14,47.35792295,safe
ODISHA,ANGUL,TALCHER,BLOCK,28866,3403.71,3063.34,2326.35,75.94161928,Semi-Critical
ODISHA,BALASORE,BAHANAGA,BLOCK,27530,15101.96,14346.86,9366.79,65.28808394,safe
ODISHA,BALASORE,BALASORE,BLOCK,47904,14804.91,13324.42,7581.79,56.90146363,safe
ODISHA,BALASORE,BALIAPAL,BLOCK,26507,7074.29,6366.86,5635.68,88.51584612,Semi-Critical
ODISHA,BALASORE,BASTA,BLOCK,27287,14834.98,13351.48,6052.58,45.33265226,safe
ODISHA,BALASORE,BHOGRAI,BLOCK,34981,9174.9,8257.41,4849.1,58.72422467,safe
ODISHA,BALASORE,JALESWAR,BLOCK,38154,11941.52,10747.36,6799.68,63.26837475,safe
ODISHA,BALASORE,KHAIRA,BLOCK,32582,12103.72,11257.07,6306.79,56.02514686,safe
ODISHA,BALASORE,NILGIRI,BLOCK,31167,9412.79,8471.51,5847.72,69.02807174,safe
ODISHA,BALASORE,OUPADA,BLOCK,14533,6191.7,5572.53,3432.56,61.59787386,safe
ODISHA,BALASORE,REMUNA,BLOCK,31020,13668.47,12985.05,8390.25,64.61469151,safe
ODISHA,BALASORE,SIMULIA,BLOCK,21189,15708.11,14337.23,4596.24,32.05807537,safe
ODISHA,BALASORE,SORO,BLOCK,23623,10680.71,10123.96,6127.89,60.52858763,safe
ODISHA,BARGARH,AMBABHONA,BLOCK,50547,5139.62,4882.64,2080.22,42.60441073,safe
ODISHA,BARGARH,ATTABIRA,BLOCK,51476,4920.96,4428.87,1415.21,31.95420051,safe
ODISHA,BARGARH,BARAPALI,BLOCK,27850,4183.84,3859.01,2048.47,53.08278548,safe
ODISHA,BARGARH,BARGARH,BLOCK,37768,5637.42,5204.66,3590.46,68.98548608,safe
ODISHA,BARGARH,BHATLI,BLOCK,38206,5929.63,5569.56,3843.48,69.00868291,safe
ODISHA,BARGARH,BHEDEN,BLOCK,38927,3990.36,3721.72,939.77,25.25095923,safe
ODISHA,BARGARH,BIJEPUR,BLOCK,34220,4632.01,4382.47,2450.85,55.92394243,safe
ODISHA,BARGARH,GAISILET,BLOCK,38608,4176.44,3967.62,2051.98,51.71815849,safe
ODISHA,BARGARH,JHARBANDHA,BLOCK,48769,5638.57,5356.48,3524.52,65.79918155,safe
ODISHA,BARGARH,PADAMPUR,BLOCK,52371,6016.7,5715.86,3581.64,62.66143677,safe
ODISHA,BARGARH,PAIKAMAL,BLOCK,54313,7465.28,6718.75,2748.54,40.90850233,safe
ODISHA,BARGARH,SOHELA,BLOCK,52122,8443.77,8021.58,5343.47,66.61368459,safe
ODISHA,BHADRAK,BASUDEVPUR,BLOCK,48800,10272.99,9245.68,5279.54,57.10277665,safe
ODISHA,BHADRAK,BHADRAK,BLOCK,31885,13373.96,12036.56,8141.95,67.64349615,safe
ODISHA,BHADRAK,BHANDARIPOKHARI,BLOCK,24429,10430.36,9387.33,6383.23,67.99835523,safe
ODISHA,BHADRAK,BONTH,BLOCK,26670,14506.06,13055.46,6767.07,51.83325597,safe
ODISHA,BHADRAK,CHANDBALI,BLOCK,62044,0,0,0,0,Saline
ODISHA,BHADRAK,DHAMNAGAR,BLOCK,25274,4538.37,4084.53,2041.2,49.97392601,safe
ODISHA,BHADRAK,TIHIDI,BLOCK,33134,6363.13,5726.81,3660.91,63.92581559,safe
ODISHA,BOLANGIR,AGALPUR,BLOCK,32589,4267.23,3840.5,1365.8,35.56307772,safe
ODISHA,BOLANGIR,BALANGIR,BLOCK,48062,5278.39,4750.55,3225.78,67.90329541,safe
ODISHA,BOLANGIR,BANGOMUNDA,BLOCK,32695,3290.78,3126.24,1584.15,50.67269308,safe
ODISHA,BOLANGIR,BELPARA,BLOCK,55631,5628.42,5333.01,2874.19,53.89432984,safe
ODISHA,BOLANGIR,DEOGAON,BLOCK,49538,5075.91,4568.32,1973.68,43.20362847,safe
ODISHA,BOLANGIR,GUDVELLA,BLOCK,21439,2702.89,2432.6,1302.59,53.54723341,safe
ODISHA,BOLANGIR,KHAPRAKHOL,BLOCK,54005,4540.3,4303.77,1421.34,33.02546372,safe
ODISHA,BOLANGIR,LOISINGA,BLOCK,33622,4092.53,3683.28,2524.72,68.5454269,safe
ODISHA,BOLANGIR,MURIBAHAL,BLOCK,50867,4963.78,4715.59,1980.17,41.99198828,safe
ODISHA,BOLANGIR,PATNAGARH,BLOCK,63342,5422.79,4880.51,2822.04,57.82264558,safe
ODISHA,BOLANGIR,PUINTALA,BLOCK,34169,3594.35,3234.92,1561.32,48.26456296,safe
ODISHA,BOLANGIR,SAINTALA,BLOCK,59917,5082.87,4828.73,2117.76,43.85749462,safe
ODISHA,BOLANGIR,TITLAGARH,BLOCK,44249,2933.47,2640.12,1368.98,51.85294608,safe
ODISHA,BOLANGIR,TUREKELA,BLOCK,49652,4305.72,4090.44,1887.02,46.13244541,safe
ODISHA,BOUDH,BOUDH,BLOCK,74377,8008.65,7424.4,3129.45,42.15088088,safe
ODISHA,BOUDH,HARBHANGA,BLOCK,60354,6778.87,6344.63,2062.08,32.50118604,safe
ODISHA,BOUDH,KANTAMAL,BLOCK,79367,11059,9953.09,5539.08,55.65186289,safe
ODISHA,CUTTACK,ATHAGAD,BLOCK,42080,3632.15,3450.54,1775.03,51.44209312,safe
ODISHA,CUTTACK,BADAMBA,BLOCK,30878,4355.31,3919.78,1953.05,49.82550041,safe
ODISHA,CUTTACK,BANKI,BLOCK,22258,2152.36,1937.12,803.7,41.4894276,safe
ODISHA,CUTTACK,BANKI-DAMPARA,BLOCK,29705,3518.59,3166.73,882.35,27.86312695,safe
ODISHA,CUTTACK,BARANG,BLOCK,15719,5579.23,5021.29,1963.73,39.1080778,safe
ODISHA,CUTTACK,CUTTACK SADAR,BLOCK,22748,8578.5,7971.7,5251.97,65.882685,safe
ODISHA,CUTTACK,KANTAPADA,BLOCK,12100,5967.45,5370.71,2118.89,39.45269806,safe
ODISHA,CUTTACK,MAHANGA,BLOCK,20000,7686.31,6917.69,2844.74,41.12268691,safe
ODISHA,CUTTACK,NARASINGHPUR,BLOCK,41392,5336.94,4803.24,2138.05,44.51266229,safe
ODISHA,CUTTACK,NIALI,BLOCK,20683,7616.72,6855.04,3844.51,56.08296961,safe
ODISHA,CUTTACK,NISCHINTAKOILI,BLOCK,17158,8719.67,7847.7,3718.72,47.38611313,safe
ODISHA,CUTTACK,SALEPUR,BLOCK,19727,6213.82,5592.43,1731.38,30.95935041,safe
ODISHA,CUTTACK,TANGI-CHOUDWAR,BLOCK,34905,4721.09,4400.36,1420.22,32.27508658,safe
ODISHA,CUTTACK,TIGIRIA,BLOCK,10716,1722.23,1636.12,1016.3,62.11647067,safe
ODISHA,DEOGARH,BARKOTE,BLOCK,68473,11618.43,10456.58,6122.02,58.54705841,safe
ODISHA,DEOGARH,REAMAL,BLOCK,83450,11910.9,10719.82,5548.4,51.75833176,safe
ODISHA,DEOGARH,TILEIBANI,BLOCK,66606,9815.17,9220.86,5788.33,62.77429654,safe
ODISHA,DHENKANAL,BHUBAN,BLOCK,28004,4475.32,4157.33,2019.44,48.57540777,safe
ODISHA,DHENKANAL,DHENKANAL,BLOCK,46907,5606.17,5325.87,3525.76,66.20063952,safe
ODISHA,DHENKANAL,GOUNDIA,BLOCK,55864,5278.23,5014.32,1820.97,36.31539272,safe
ODISHA,DHENKANAL,HINDOL,BLOCK,65362,7388.62,6986.18,1947.97,27.88319225,safe
ODISHA,DHENKANAL,KAMAKSHYANAGAR,BLOCK,41518,6583.56,6061.75,1342.3,22.14377036,safe
ODISHA,DHENKANAL,KANKADAHAD,BLOCK,75480,7113.97,6402.57,1268.58,19.8136061,safe
ODISHA,DHENKANAL,ODAPADA,BLOCK,34207,4651.26,4330.57,2855.7,65.94282046,safe
ODISHA,DHENKANAL,PARAJANG,BLOCK,50533,7216.75,6495.08,2617.58,40.30096627,safe
ODISHA,GAJAPATI,GOSANI,BLOCK,15728,3818.56,3436.71,1776.81,51.70089999,safe
ODISHA,GAJAPATI,GUMA,BLOCK,10603,2420.14,2178.13,1036.99,47.6091877,safe
ODISHA,GAJAPATI,KASHINAGARA,BLOCK,15959,2305.46,2074.91,1259.54,60.70335581,safe
ODISHA,GAJAPATI,MOHANA,BLOCK,55442,7127.34,6414.6,1062.6,16.56533533,safe
ODISHA,GAJAPATI,NUAGADA,BLOCK,12408,1820.47,1638.42,466.78,28.48964246,safe
ODISHA,GAJAPATI,R. UDAYGIRI,BLOCK,20132,2699.93,2429.94,739.9,30.44931151,safe
ODISHA,GAJAPATI,RAYAGADA,BLOCK,12186,1986.97,1788.28,827.6,46.27910618,safe
ODISHA,GANJAM,ASKA,BLOCK,19479,4213.97,3906.14,2489.02,63.72070638,safe
ODISHA,GANJAM,BELGUNTHA,BLOCK,18468,3738.43,3364.58,1843.95,54.80476018,safe
ODISHA,GANJAM,BHANJANAGAR,BLOCK,47256,6083.25,5474.92,1395.99,25.49790682,safe
ODISHA,GANJAM,BUGUDA,BLOCK,32300,4558.55,4281,1438.84,33.60990423,safe
ODISHA,GANJAM,CHHATRAPUR,BLOCK,24493,4688.82,4219.94,1986.01,47.06251748,safe
ODISHA,GANJAM,CHIKITI,BLOCK,21629,4029.41,3626.47,1814.97,50.04784267,safe
ODISHA,GANJAM,DHARAKOTE,BLOCK,22028,3840.22,3456.2,1074.93,31.10178809,safe
ODISHA,GANJAM,DIGAPAHANDI,BLOCK,33602,6371.88,5902.15,1724.64,29.22053828,safe
ODISHA,GANJAM,GANJAM,BLOCK,22001,3221.2,2985.83,2031.59,68.04104721,safe
ODISHA,GANJAM,HINJILICUT,BLOCK,17599,5461.76,4915.58,2780.95,56.57419877,safe
ODISHA,GANJAM,JAGANATHPRASAD,BLOCK,59399,7231.89,6508.7,1307.88,20.09433527,safe
ODISHA,GANJAM,KABISURYANAGAR,BLOCK,16727,3329.53,2996.58,1578.79,52.68639582,safe
ODISHA,GANJAM,KHALIKOTE,BLOCK,38173,4166.77,3958.43,1904.22,48.10543574,safe
ODISHA,GANJAM,KODALA,BLOCK,24642,3561.42,3341.69,1219.85,36.50398451,safe
ODISHA,GANJAM,KUKUDAKHANDI,BLOCK,21005,5337.12,4888.39,1179.31,24.12471182,safe
ODISHA,GANJAM,PALASARA,BLOCK,26528,4508.04,4057.24,1251.47,30.845353,safe
ODISHA,GANJAM,PATRAPUR,BLOCK,23005,3661.21,3295.09,1447.06,43.91564419,safe
ODISHA,GANJAM,PURUSOTTAMPUR,BLOCK,24387,5653.33,5088,2558.84,50.29166667,safe
ODISHA,GANJAM,RANGEILUNDA,BLOCK,26076,5071.8,4564.62,2486.12,54.4649938,safe
ODISHA,GANJAM,SANAKHEMUNDI,BLOCK,23088,4604.17,4143.75,1626.71,39.25695324,safe
ODISHA,GANJAM,SERGARH,BLOCK,16837,3941.4,3547.27,1676.37,47.25803223,safe
ODISHA,GANJAM,SORADA,BLOCK,51698,6473.71,6055.03,1835.29,30.31017187,safe
ODISHA,JAGATSINGHPUR,BALIKUDA,BLOCK,31460,6161.69,5545.53,2885.42,52.03145597,safe
ODISHA,JAGATSINGHPUR,BIRIDI,BLOCK,18457,7916.04,7124.43,4132.18,58.00014878,safe
ODISHA,JAGATSINGHPUR,ERSAMA,BLOCK,37599,0,0,0,0,Saline
ODISHA,JAGATSINGHPUR,JAGATSINGHPUR,BLOCK,18555,8473.01,7731.93,4824.51,62.39722812,safe
ODISHA,JAGATSINGHPUR,KUJANGA,BLOCK,29338,7629.89,6866.9,4530.68,65.97853471,safe
ODISHA,JAGATSINGHPUR,NAUGAON,BLOCK,12099,3779.62,3401.65,2294.29,67.44638631,safe
ODISHA,JAGATSINGHPUR,RAGHUNATHPUR,BLOCK,18605,6764.64,6088.17,2741.04,45.02239589,safe
ODISHA,JAGATSINGHPUR,TIRTOL,BLOCK,22875,8856.62,7970.96,4301,53.95836888,safe
ODISHA,JAJPUR,BADACHANA,BLOCK,36234,8334.23,7719.62,4609.75,59.71472689,safe
ODISHA,JAJPUR,BARI,BLOCK,18102,3191.69,2872.52,1595.87,55.55644521,safe
ODISHA,JAJPUR,BINJHARPUR,BLOCK,19382,4191,3902.59,2687.48,68.86401082,safe
ODISHA,JAJPUR,DANAGADI,BLOCK,35632,4432.17,4210.56,2562.01,60.84725072,safe
ODISHA,JAJPUR,DASARATHPUR,BLOCK,19382,3490.37,3237.64,2159.35,66.69518538,safe
ODISHA,JAJPUR,DHARMASALA,BLOCK,32411,6225.91,5817.04,3716.02,63.88163052,safe
ODISHA,JAJPUR,JAJPUR,BLOCK,21704,8160.75,7344.68,4973.53,67.71608838,safe
ODISHA,JAJPUR,KOREI,BLOCK,32818,10185.94,9676.64,8130.06,84.0173862,Semi-Critical
ODISHA,JAJPUR,RASULPUR,BLOCK,16156,4794.89,4315.4,2887.16,66.9036474,safe
ODISHA,JAJPUR,SUKINDA,BLOCK,34392,4654.87,4189.38,1816.51,43.35987664,safe
ODISHA,JHARSUGUDA,JHARSUGUDA,BLOCK,41917,4343.15,3908.83,2836.06,72.55521473,Semi-Critical
ODISHA,JHARSUGUDA,KIRMIRA,BLOCK,19722,2433.81,2190.42,951.53,43.44052739,safe
ODISHA,JHARSUGUDA,KULABIRA,BLOCK,21193,2380.4,2261.38,1084.87,47.97380361,safe
ODISHA,JHARSUGUDA,LAIKERA,BLOCK,30224,3452.75,3107.48,1954.39,62.89308378,safe
ODISHA,JHARSUGUDA,LAKHANPUR,BLOCK,98786,8272.37,7858.75,3114.93,39.63645618,safe
ODISHA,KALAHANDI,BHAWANIPATNA,BLOCK,62428,7412.74,7042.1,4199.99,59.64115818,safe
ODISHA,KALAHANDI,DHARMAGARH,BLOCK,37631,4386.19,3947.56,1695.2,42.9429825,safe
ODISHA,KALAHANDI,GOLAMUNDA,BLOCK,49677,7321.64,6589.48,2999.34,45.51709695,safe
ODISHA,KALAHANDI,JAIPATNA,BLOCK,38656,5494.06,4944.66,1220.7,24.68723835,safe
ODISHA,KALAHANDI,JUNAGARH,BLOCK,54559,7921.82,7129.64,2783.09,39.03549127,safe
ODISHA,KALAHANDI,KALAMPUR,BLOCK,13568,2787.65,2508.89,643.84,25.6623447,safe
ODISHA,KALAHANDI,KARLAMUNDA,BLOCK,20885,3589.03,3306.3,772.67,23.36962768,safe
ODISHA,KALAHANDI,KESINGA,BLOCK,46978,6082.91,5778.76,3474.92,60.13262361,safe
ODISHA,KALAHANDI,KOKSARA,BLOCK,36714,4835.15,4351.63,1934.4,44.45230868,safe
ODISHA,KALAHANDI,LANJIGARH,BLOCK,48586,3446,3273.7,908.19,27.74200446,safe
ODISHA,KALAHANDI,M. RAMPUR,BLOCK,52691,4584.17,4325.5,1759.37,40.6743729,safe
ODISHA,KALAHANDI,NARLA,BLOCK,47240,5038.04,4786.14,2678.74,55.96869293,safe
ODISHA,KALAHANDI,TH. RAMPUR,BLOCK,48524,3846.56,3461.91,619.54,17.8959014,safe
ODISHA,KANDHAMAL,BALIGUDA,BLOCK,51952,3723.49,3351.14,1171.04,34.94452634,safe
ODISHA,KANDHAMAL,CHAKAPADA,BLOCK,19911,1655.11,1572.36,662.02,42.10358951,safe
ODISHA,KANDHAMAL,DARINGIBADI,BLOCK,57105,4427.82,4206.42,647.02,15.38172603,safe
ODISHA,KANDHAMAL,G. UDAYAGIRI,BLOCK,9632,1095.16,1040.4,548.02,52.67397155,safe
ODISHA,KANDHAMAL,K. NUAGAON,BLOCK,39421,2989.46,2690.51,711.7,26.45223396,safe
ODISHA,KANDHAMAL,KHAJURIPADA,BLOCK,40388,4036.5,3773.31,1384.73,36.69801845,safe
ODISHA,KANDHAMAL,KOTAGARH,BLOCK,37676,2377.83,2140.05,449.27,20.99343473,safe
ODISHA,KANDHAMAL,PHIRINGIA,BLOCK,78967,6194.65,5575.18,1138.34,20.41799547,safe
ODISHA,KANDHAMAL,PHULBANI,BLOCK,34213,3331.25,3146.24,1205.63,38.3197086,safe
ODISHA,KANDHAMAL,RAIKIA,BLOCK,17891,1675.53,1591.75,712.83,44.78278624,safe
ODISHA,KANDHAMAL,TIKABALI,BLOCK,22370,2197.24,1977.52,882.76,44.6397508,safe
ODISHA,KANDHAMAL,TUMUDIBANDHA,BLOCK,37845,2811,2529.9,642,25.37649709,safe
ODISHA,KENDRAPARA,AUL,BLOCK,22805,783.09,743.93,507.32,68.1945882,safe
ODISHA,KENDRAPARA,DERABISH,BLOCK,17416,4797.85,4318.07,2395.85,55.48427886,safe
ODISHA,KENDRAPARA,GARADPUR,BLOCK,14588,4347.97,4130.57,2830.44,68.52419884,safe
ODISHA,KENDRAPARA,KENDRAPARA,BLOCK,24803,2675.76,2436.39,1459.06,59.88614302,safe
ODISHA,KENDRAPARA,MAHAKALPADA,BLOCK,49148,0,0,0,0,Saline
ODISHA,KENDRAPARA,MARSHAGHAI,BLOCK,15761,0,0,0,0,Saline
ODISHA,KENDRAPARA,PATTAMUNDAI,BLOCK,28242,5608.24,5102.15,3457.52,67.76594181,safe
ODISHA,KENDRAPARA,RAJKANIKA,BLOCK,26204,0,0,0,0,Saline
ODISHA,KENDRAPARA,RAJNAGAR,BLOCK,27377,0,0,0,0,Saline
ODISHA,KEONJHAR,ANANDAPUR,BLOCK,46049,6944.78,6597.54,3285.91,49.80507886,safe
ODISHA,KEONJHAR,BANSPAL,BLOCK,75487,6915.74,6224.16,1985.69,31.90293951,safe
ODISHA,KEONJHAR,CHAMPUA,BLOCK,36958,5874.76,5287.28,2766.61,52.32577053,safe
ODISHA,KEONJHAR,GHASHIPURA,BLOCK,38022,6432.83,5789.54,2934.13,50.67984676,safe
ODISHA,KEONJHAR,GHATAGAON,BLOCK,65154,10069.94,9062.94,2024.5,22.33822579,safe
ODISHA,KEONJHAR,HARICHANDANPUR,BLOCK,84749,9292.13,8362.92,2716.63,32.484228,safe
ODISHA,KEONJHAR,HATADIHI,BLOCK,34271,6936.99,6243.29,3154.02,50.51855672,safe
ODISHA,KEONJHAR,JHUMPURA,BLOCK,47190,6144.61,5837.38,2606.67,44.65479376,safe
ODISHA,KEONJHAR,JODA,BLOCK,53175,5015.32,4764.56,3001.5,62.99637322,safe
ODISHA,KEONJHAR,KEONJHAR,BLOCK,53765,9446.3,8501.67,4314.09,50.74403029,safe
ODISHA,KEONJHAR,PATNA,BLOCK,48112,6097.27,5487.55,3215.01,58.58734772,safe
ODISHA,KEONJHAR,SAHARAPADA,BLOCK,39088,4597.11,4137.39,2771.06,66.97604045,safe
ODISHA,KEONJHAR,TELKOI,BLOCK,62770,8073.26,7265.94,2446.75,33.67423898,safe
ODISHA,KHURDA,BALIANTA,BLOCK,14846,7428.53,6685.68,2894.07,43.28729464,safe
ODISHA,KHURDA,BALIPATNA,BLOCK,14028,5222.89,4750.54,3224.16,67.86912646,safe
ODISHA,KHURDA,BANAPUR,BLOCK,25091,4465.75,4019.18,1680.78,41.818978,safe
ODISHA,KHURDA,BEGUNIA,BLOCK,30633,3623.62,3261.26,1812.96,55.59078393,safe
ODISHA,KHURDA,BHUBANESWAR,BLOCK,43116,7297.77,6567.99,5688.16,86.60427315,Semi-Critical
ODISHA,KHURDA,BOLOGARH,BLOCK,25114,4110.9,3699.81,2999.9,81.08254208,Semi-Critical
ODISHA,KHURDA,CHILIKA,BLOCK,18049,2970.36,2770.85,1177.82,42.50753379,safe
ODISHA,KHURDA,JATNI,BLOCK,24549,3567.87,3211.08,1905.81,59.35105946,safe
ODISHA,KHURDA,KHURDA,BLOCK,31774,4268.38,4054.96,3007.53,74.16916566,Semi-Critical
ODISHA,KHURDA,TANGI,BLOCK,33517,4029.9,3828.4,1825.46,47.68206039,safe
ODISHA,KORAPUT,BAIPARIGUDA,BLOCK,81057,6120.02,5814.02,1071.42,18.42821318,safe
ODISHA,KORAPUT,BANDHUGAON,BLOCK,15705,1501.62,1426.54,830.65,58.22830064,safe
ODISHA,KORAPUT,BORIGUMA,BLOCK,56430,7011.54,6580.11,2331.07,35.42600352,safe
ODISHA,KORAPUT,DASMANTAPUR,BLOCK,63481,5088.43,4579.58,620.98,13.55975876,safe
ODISHA,KORAPUT,JEYPORE,BLOCK,36037,4323.13,3890.81,1437.78,36.95323082,safe
ODISHA,KORAPUT,KORAPUT,BLOCK,55222,4779.74,4301.77,731.7,17.00927758,safe
ODISHA,KORAPUT,KOTPAD,BLOCK,63056,8328.46,7704.1,1171.13,15.20138627,safe
ODISHA,KORAPUT,KUNDRA,BLOCK,35337,4489.35,4040.41,1017.75,25.18927535,safe
ODISHA,KORAPUT,LAMTAPUT,BLOCK,57337,3897.12,3507.41,638.57,18.20631178,safe
ODISHA,KORAPUT,LAXMIPUR,BLOCK,29623,2137.72,2030.83,540,26.5901134,safe
ODISHA,KORAPUT,NANDAPUR,BLOCK,47041,3566.63,3383.11,365.69,10.80928495,safe
ODISHA,KORAPUT,NARAYANAPATNA,BLOCK,7275,605.2,574.94,187.92,32.68514975,safe
ODISHA,KORAPUT,POTANGI,BLOCK,16603,1725.99,1639.69,295.66,18.03145717,safe
ODISHA,KORAPUT,SIMILIGUDA,BLOCK,36402,2895.8,2606.22,1046.06,40.13705673,safe
ODISHA,MALKANGIRI,KALIMELA,BLOCK,80931,8682.38,8131.1,1206.23,14.8347702,safe
ODISHA,MALKANGIRI,KHAIRAPUT,BLOCK,16853,1833.35,1650.01,419.98,25.45317907,safe
ODISHA,MALKANGIRI,KORKUNDA,BLOCK,70931,7758.71,6982.83,1193.7,17.09478822,safe
ODISHA,MALKANGIRI,KUDUMULUGUMA,BLOCK,44298,4388.56,3949.7,464.79,11.76772919,safe
ODISHA,MALKANGIRI,MALKANGIRI,BLOCK,54725,5279.42,4751.48,1015.5,21.37228821,safe
ODISHA,MALKANGIRI,MATHILI,BLOCK,33508,3752.44,3479.54,727,20.89356639,safe
ODISHA,MALKANGIRI,PODIA,BLOCK,38653,4831.71,4461.78,585.39,13.12010005,safe
ODISHA,MAYURBHANJ,BADASAHI,BLOCK,34567,7724.92,7288.61,4986.2,68.41084926,safe
ODISHA,MAYURBHANJ,BAHALDA,BLOCK,24919,5265.61,4961.7,2049.07,41.29774069,safe
ODISHA,MAYURBHANJ,BANGIRIPOSI,BLOCK,37975,6253.75,5931.9,3025.06,50.99647668,safe
ODISHA,MAYURBHANJ,BARIPADA,BLOCK,23874,5075.27,4776.33,2689.98,56.31897294,safe
ODISHA,MAYURBHANJ,BETNOTI,BLOCK,33798,7749.22,7284.74,4624.74,63.48531313,safe
ODISHA,MAYURBHANJ,BIJATALA,BLOCK,23763,4942.86,4556.54,1171.6,25.71249237,safe
ODISHA,MAYURBHANJ,BISOI,BLOCK,26021,3204.49,3029.71,1142.28,37.7026184,safe
ODISHA,MAYURBHANJ,GOPABANDHU NAGAR,BLOCK,17722,3513.6,3337.92,1970.93,59.04665181,safe
ODISHA,MAYURBHANJ,JAMDA,BLOCK,22229,2869.2,2717.3,1054.62,38.81132006,safe
ODISHA,MAYURBHANJ,JASHIPUR,BLOCK,49383,7155.8,6786.64,1835.8,27.05020452,safe
ODISHA,MAYURBHANJ,KAPTIPADA,BLOCK,49136,10488.45,9439.61,2868.89,30.3920395,safe
ODISHA,MAYURBHANJ,KARANJIA,BLOCK,58744,6919.28,6558.98,1718.86,26.20620889,safe
ODISHA,MAYURBHANJ,KHUNTA,BLOCK,21231,5601.55,5207.57,2108.28,40.48490947,safe
ODISHA,MAYURBHANJ,KULIANA,BLOCK,33408,6188.9,5570,2715.85,48.75852783,safe
ODISHA,MAYURBHANJ,KUSUMI,BLOCK,28530,5449.77,5076.89,1385.79,27.29604147,safe
ODISHA,MAYURBHANJ,MORODA,BLOCK,34219,6325,5692.49,3071.83,53.96285281,safe
ODISHA,MAYURBHANJ,RAIRANGPUR,BLOCK,20048,5249.74,4833.1,1652.76,34.19668536,safe
ODISHA,MAYURBHANJ,RARUAN,BLOCK,25285,3151.17,2993.61,1487.86,49.70119688,safe
ODISHA,MAYURBHANJ,RASGOVINDPUR,BLOCK,24327,6031.9,5428.7,3769.24,69.43172399,safe
ODISHA,MAYURBHANJ,SAMAKHUNTA,BLOCK,46234,9295.88,8366.29,1883.52,22.51320478,safe
ODISHA,MAYURBHANJ,SARASKANA,BLOCK,34695,3808.35,3617.93,1649.06,45.58020747,safe
ODISHA,MAYURBHANJ,SUKRULI,BLOCK,18382,2854.28,2711.56,1615.32,59.57161191,safe
ODISHA,MAYURBHANJ,SULIAPADA,BLOCK,33324,5684.34,5115.9,2595.5,50.7339862,safe
ODISHA,MAYURBHANJ,THAKURMUNDA,BLOCK,75559,9677.44,8709.69,1951.05,22.40091209,safe
ODISHA,MAYURBHANJ,TIRING,BLOCK,16761,2803.31,2663.14,1409.79,52.93713436,safe
ODISHA,MAYURBHANJ,UDALA,BLOCK,19882,3963.57,3765.39,2423.76,64.36942787,safe
ODISHA,NABARANGAPUR,CHANDAHANDI,BLOCK,48918,4997.32,4497.59,1223.35,27.20012273,safe
ODISHA,NABARANGAPUR,DABUGAON,BLOCK,30185,2600.55,2340.49,631.71,26.99050199,safe
ODISHA,NABARANGAPUR,JHARIGAON,BLOCK,56835,5814.01,5232.61,1551.47,29.65002169,safe
ODISHA,NABARANGAPUR,KASAGUMUDA,BLOCK,84347,12172.78,10955.5,3626.49,33.10200356,safe
ODISHA,NABARANGAPUR,NABARANGAPUR,BLOCK,21285,2772.65,2634.02,1585.8,60.20455426,safe
ODISHA,NABARANGAPUR,NANDAHANDI,BLOCK,30046,3962.86,3764.72,1302.91,34.60841709,safe
ODISHA,NABARANGAPUR,PAPADHANDI,BLOCK,58058,5121.35,4609.21,1385.81,30.06610677,safe
ODISHA,NABARANGAPUR,RAIGHAR,BLOCK,81681,9068.63,8161.76,4877.29,59.75782184,safe
ODISHA,NABARANGAPUR,TENTULIKHUNTI,BLOCK,25015,3627.87,3446.48,1192.29,34.59442678,safe
ODISHA,NABARANGAPUR,UMERKOTE,BLOCK,98094,9477.7,8529.93,2783.21,32.62875545,safe
ODISHA,NAYAGARH,BHAPUR,BLOCK,21960,3409.25,3068.33,888.2,28.94734269,safe
ODISHA,NAYAGARH,DASPALLA,BLOCK,47180,7411.77,6670.59,1594.58,23.90463212,safe
ODISHA,NAYAGARH,GANIA,BLOCK,21355,2548.17,2293.35,1217.04,53.06821898,safe
ODISHA,NAYAGARH,KHANDAPADA,BLOCK,24530,3280.39,2952.35,1690.55,57.26116483,safe
ODISHA,NAYAGARH,NAYAGARH,BLOCK,19718,4207.97,3925.04,3131.23,79.77574751,Semi-Critical
ODISHA,NAYAGARH,NUAGAON,BLOCK,45637,5192.16,4932.56,1465.39,29.70850836,safe
ODISHA,NAYAGARH,ODOGAON,BLOCK,35317,6791.62,6323.57,3072.13,48.5822091,safe
ODISHA,NAYAGARH,RANAPUR,BLOCK,42148,5665.21,5381.95,2588.05,48.08758907,safe
ODISHA,NUAPADA,BODEN,BLOCK,38092,4480.68,4235.22,1923.45,45.41558644,safe
ODISHA,NUAPADA,KHARIAR,BLOCK,36297,5233.74,4710.36,2584.7,54.87266366,safe
ODISHA,NUAPADA,KOMNA,BLOCK,94153,9375.97,8869.08,5172.88,58.32487699,safe
ODISHA,NUAPADA,NUAPADA,BLOCK,84166,9677.44,8709.69,6704.8,76.98092584,Semi-Critical
ODISHA,NUAPADA,SINAPALI,BLOCK,55596,4560.71,4104.64,2372.26,57.79459344,safe
ODISHA,PURI,ASTARANG,BLOCK,16378,4257.72,3943.35,2457.67,62.32441959,safe
ODISHA,PURI,BRAHMAGIRI,BLOCK,32675,6726.36,6300.36,3362.57,53.37107721,safe
ODISHA,PURI,DELANG,BLOCK,20802,5815.24,5233.72,2990.93,57.14730631,safe
ODISHA,PURI,GOP,BLOCK,37983,8111.59,7706.01,3815.41,49.51213404,safe
ODISHA,PURI,KAKATPUR,BLOCK,15861,5164.87,4648.38,3079.18,66.24200259,safe
ODISHA,PURI,KANAS,BLOCK,22621,5615.82,5220.84,2713.57,51.97573571,safe
ODISHA,PURI,KRUSHNAPRASAD,BLOCK,16544,1224.35,1101.92,473.4,42.96137651,safe
ODISHA,PURI,NIMAPARA,BLOCK,30166,9808.13,9215.29,4025.4,43.68175066,safe
ODISHA,PURI,PIPILI,BLOCK,20905,7278.29,6659.62,3810.22,57.21392512,safe
ODISHA,PURI,PURI,BLOCK,27630,6990.39,6291.36,4010.23,63.74186185,safe
ODISHA,PURI,SATYABADI,BLOCK,17046,5016.87,4515.2,1118.54,24.77298901,safe
ODISHA,RAYAGADA,BISAMCUTTACK,BLOCK,26842,2754.06,2616.36,928.37,35.48326683,safe
ODISHA,RAYAGADA,CHANDRAPUR,BLOCK,31959,2287.86,2059.07,355.5,17.26507598,safe
ODISHA,RAYAGADA,GUDARI,BLOCK,23341,2276.68,2153.64,1126.99,52.3295444,safe
ODISHA,RAYAGADA,GUNUPUR,BLOCK,31061,4886.36,4594.47,2169.1,47.21110378,safe
ODISHA,RAYAGADA,KALAYANSINGHPUR,BLOCK,14550,1142.56,1028.3,284.29,27.64660119,safe
ODISHA,RAYAGADA,KASHIPUR,BLOCK,89534,7564.12,6807.71,941.65,13.83211094,safe
ODISHA,RAYAGADA,KOLNARA,BLOCK,25258,2356.08,2120.48,762.38,35.95318041,safe
ODISHA,RAYAGADA,MUNIGUDA,BLOCK,35421,3686.74,3502.41,1244.63,35.5363878,safe
ODISHA,RAYAGADA,PADMAPUR,BLOCK,28124,3123.3,2897.32,976.21,33.69355128,safe
ODISHA,RAYAGADA,RAMANAGUDA,BLOCK,28721,2938.22,2778.16,989.87,35.63041725,safe
ODISHA,RAYAGADA,RAYAGADA,BLOCK,31162,2911.62,2620.46,1277.22,48.74029751,safe
ODISHA,SAMBALPUR,BAMRA,BLOCK,58969,7294.91,6892.55,2683.58,38.93450174,safe
ODISHA,SAMBALPUR,DHANKAUDA,BLOCK,48744,7844.25,7059.83,2040.85,28.90791988,safe
ODISHA,SAMBALPUR,JAMANKIRA,BLOCK,85387,8571.96,8109.7,1930.98,23.81074516,safe
ODISHA,SAMBALPUR,JUJUMURA,BLOCK,63087,8959.52,8063.57,2522.11,31.27783352,safe
ODISHA,SAMBALPUR,KUCHINDA,BLOCK,44940,5983.08,5629.68,2707.36,48.09083287,safe
ODISHA,SAMBALPUR,MANESWAR,BLOCK,36093,6457.77,5811.99,842.15,14.48987352,safe
ODISHA,SAMBALPUR,NAKTIDEOL,BLOCK,87819,6972.17,6274.96,1172.76,18.68952153,safe
ODISHA,SAMBALPUR,RAIRAKHOL,BLOCK,92130,7907.29,7116.56,1375.11,19.32267837,safe
ODISHA,SAMBALPUR,RENGALI,BLOCK,49923,4757.97,4282.17,2396.88,55.97349008,safe
ODISHA,SUBARNAPUR,BINKA,BLOCK,34489,4452.93,4007.64,1616.08,40.32497929,safe
ODISHA,SUBARNAPUR,BIRAMAHARAJPUR,BLOCK,40811,3594.48,3414.76,1564.92,45.82811091,safe
ODISHA,SUBARNAPUR,DUNGRIPALI,BLOCK,29118,4011.6,3610.43,1450.31,40.17000745,safe
ODISHA,SUBARNAPUR,SONEPUR,BLOCK,38517,4978.59,4729.66,3232.51,68.34550475,safe
ODISHA,SUBARNAPUR,TARVA,BLOCK,32693,4594.09,4134.68,2805,67.84080026,safe
ODISHA,SUBARNAPUR,ULLUNDA,BLOCK,56426,5682.96,5398.81,1670.44,30.94089253,safe
ODISHA,SUNDARGARH,BALISHANKARA,BLOCK,51758,6551.17,6187.68,1681.7,27.17819926,safe
ODISHA,SUNDARGARH,BARAGAON,BLOCK,38794,4712.87,4477.23,1652.67,36.91277866,safe
ODISHA,SUNDARGARH,BISRA,BLOCK,33152,4435.69,3992.12,2732.52,68.44784225,safe
ODISHA,SUNDARGARH,BONEIGARH,BLOCK,33577,4214.47,4003.75,1984.48,49.56553231,safe
ODISHA,SUNDARGARH,GURUNDIA,BLOCK,70982,5533.67,4980.3,1546.56,31.05355099,safe
ODISHA,SUNDARGARH,HEMGIRI,BLOCK,87554,6873.37,6186.03,2207.56,35.68621555,safe
ODISHA,SUNDARGARH,KOIRA,BLOCK,58061,6719.46,6383.49,1525.12,23.89163295,safe
ODISHA,SUNDARGARH,KUANRMUNDA,BLOCK,57889,7278.5,6914.58,2912.92,42.12721525,safe
ODISHA,SUNDARGARH,KUTRA,BLOCK,34634,4332.27,4115.66,2251.76,54.71200245,safe
ODISHA,SUNDARGARH,LAHUNIPADA,BLOCK,43947,5528.22,4975.4,1704.2,34.25252241,safe
ODISHA,SUNDARGARH,LATHIKATA,BLOCK,42048,5476.38,5164.39,2492.61,48.2653324,safe
ODISHA,SUNDARGARH,LEFRIPADA,BLOCK,49896,5509.27,5170.84,1600.78,30.95783277,safe
ODISHA,SUNDARGARH,NUAGAON,BLOCK,44081,3944.66,3550.2,1721.37,48.48656414,safe
ODISHA,SUNDARGARH,RAJGANGPUR,BLOCK,55374,6125.48,5512.93,2856.5,51.81455233,safe
ODISHA,SUNDARGARH,SUBDEGA,BLOCK,45306,3257.02,3066.11,1208.68,39.42063396,safe
ODISHA,SUNDARGARH,SUNDARGARH,BLOCK,38769,4045.2,3842.94,1932.29,50.28155527,safe
ODISHA,SUNDARGARH,TANGARPALLI,BLOCK,34526,2525.57,2273.01,1294.33,56.94343624,safe
PUDUCHERRY,KARAIKAL,KARAIKAL,TALUK,8499,2257.3,2031.56,668.07,32.88458131,safe
PUDUCHERRY,KARAIKAL,THIRUNALLA,TALUK,7601,2045.3,1840.76,430.65,23.39522806,safe
PUDUCHERRY,PUDUCHERRY,BAHOUR,TALUK,7965,4033.6,3630.23,2946.75,81.17254279,semi-critical
PUDUCHERRY,PUDUCHERRY,MAHE,TALUK,900,241.13,217.02,140.3,64.6484195,safe
PUDUCHERRY,PUDUCHERRY,OZHUKARAI,TALUK,3405,3070.97,2763.86,2319.83,83.93442504,semi-critical
PUDUCHERRY,PUDUCHERRY,PUDUCHERRY,TALUK,4065,2673.8,2406.41,2432.88,101.0999788,over-exploited
PUDUCHERRY,PUDUCHERRY,VILLIANUR,TALUK,13865,5484.81,5209.04,3780.39,72.57364121,semi-critical
PUDUCHERRY,PUDUCHERRY,YANAM,TALUK,2000,0,0,0,0,Saline
PUNJAB,AMRITSAR,AJNALA,BLOCK,45610,26662.67,23996.41,37855.92,157.7565978,Over-Exploited
PUNJAB,AMRITSAR,AMRITSAR URBAN,BLOCK,8664,606.9,546.21,1771.44,324.314824,Over-Exploited
PUNJAB,AMRITSAR,ATTARI,BLOCK,25434,9991.03,8991.93,16752.3,186.303719,Over-Exploited
PUNJAB,AMRITSAR,CHOGAWAN,BLOCK,42030,26433.68,23790.31,34308.57,144.2123705,Over-Exploited
PUNJAB,AMRITSAR,HARSHA CHHINA,BLOCK,23162,12918.53,11626.68,21371.61,183.8152422,Over-Exploited
PUNJAB,AMRITSAR,JANDIALA GURU,BLOCK,23186,10393.47,9354.13,20621.35,220.4518218,Over-Exploited
PUNJAB,AMRITSAR,MAJITHA,BLOCK,26159,21576.86,19419.18,32317.44,166.4202093,Over-Exploited
PUNJAB,AMRITSAR,RAYYA,BLOCK,32251,16218.19,14596.37,25786.79,176.6657738,Over-Exploited
PUNJAB,AMRITSAR,TARSIKKA,BLOCK,23578,14380.6,12942.54,27714.31,214.1334699,Over-Exploited
PUNJAB,AMRITSAR,VERKA,BLOCK,17566,8841.28,7957.15,18781.86,236.037526,Over-Exploited
PUNJAB,BARNALA,BARNALA,BLOCK,68971,19364.13,17427.72,56492.85,324.1551391,Over-Exploited
PUNJAB,BARNALA,MAHAL KALAN,BLOCK,30275,16838.28,15154.46,18746.13,123.7004156,Over-Exploited
PUNJAB,BARNALA,SEHNA,BLOCK,42055,19217.68,17295.91,36282.16,209.773062,Over-Exploited
PUNJAB,BATHINDA,BATHINDA,BLOCK,44559,14120.34,12708.31,12069.31,94.97179405,Critical
PUNJAB,BATHINDA,BHAGTA BHAI KA,BLOCK,26696,4287.74,3858.97,12638.98,327.5221108,Over-Exploited
PUNJAB,BATHINDA,GONIANA MANDI,BLOCK,31977,5076.02,4568.42,10240.06,224.1488304,Over-Exploited
PUNJAB,BATHINDA,MAUR,BLOCK,29581,9504.21,8553.79,14743.74,172.3649984,Over-Exploited
PUNJAB,BATHINDA,NATHANA,BLOCK,37558,13022.62,11720.35,13740.22,117.233871,Over-Exploited
PUNJAB,BATHINDA,PHUL,BLOCK,28221,13676.13,12308.51,16736.98,135.9789284,Over-Exploited
PUNJAB,BATHINDA,RAMPURA,BLOCK,33258,19576.4,17618.76,13313.18,75.5625254,Semi-Critical
PUNJAB,BATHINDA,SANGAT,BLOCK,48201,21805.16,19624.64,11997.59,61.13533802,safe
PUNJAB,BATHINDA,TALWANDI SABO,BLOCK,57373,19630.11,17667.09,8581.84,48.57528886,safe
PUNJAB,FARIDKOT,FARIDKOT,BLOCK,72753,33111.23,29800.1,34773.74,116.6900111,Over-Exploited
PUNJAB,FARIDKOT,JAITON,BLOCK,42490,11706.25,10535.63,17932.42,170.207382,Over-Exploited
PUNJAB,FARIDKOT,KOT KAPURA,BLOCK,32355,18336.49,16502.84,20502.17,124.2341924,Over-Exploited
PUNJAB,FATEHGARH SAHIB,AMLOH,BLOCK,25765,7481.38,6733.24,20169.34,299.5488056,Over-Exploited
PUNJAB,FATEHGARH SAHIB,BASSI PATHANAN,BLOCK,18098,4771.22,4294.09,11309.56,263.3750108,Over-Exploited
PUNJAB,FATEHGARH SAHIB,KHAMANON,BLOCK,19670,8308.8,7477.92,13177.02,176.2123692,Over-Exploited
PUNJAB,FATEHGARH SAHIB,KHERA,BLOCK,20212,5885.08,5296.58,10304.87,194.5570538,Over-Exploited
PUNJAB,FATEHGARH SAHIB,SIRHIND,BLOCK,30501,12901.84,11611.66,21395.98,184.2628875,Over-Exploited
PUNJAB,FAZILKA,ABOHAR,BLOCK,86719,21107.67,18996.9,3378.02,17.7819539,safe
PUNJAB,FAZILKA,ARNIWALA SHEIKH SUBANPUR,BLOCK,32837,6521.17,5869.05,4173.47,71.10980482,Semi-Critical
PUNJAB,FAZILKA,FAZILKA,BLOCK,37610,14551.74,13096.57,4080.68,31.15838727,safe
PUNJAB,FAZILKA,JALALABAD,BLOCK,47807,20939.85,18845.86,33598.53,178.280694,Over-Exploited
PUNJAB,FAZILKA,KHUIAN SARWAR,BLOCK,68981,14959.37,13463.43,8321.79,61.81032619,safe
PUNJAB,FIROZPUR,FIROZPUR,BLOCK,45410,33264.66,29938.19,34124.82,113.9842455,Over-Exploited
PUNJAB,FIROZPUR,GHALL KHURD,BLOCK,51840,40836.58,36752.93,50067.43,136.2270437,Over-Exploited
PUNJAB,FIROZPUR,GURUHAR SAHAI,BLOCK,47053,24931.24,22438.11,20137.87,89.74851269,Semi-Critical
PUNJAB,FIROZPUR,MAKHU,BLOCK,33406,21838.29,19654.46,15369.62,78.19914666,Semi-Critical
PUNJAB,FIROZPUR,MAMDOT,BLOCK,33040,13286.49,11957.84,23676.81,198.0023984,Over-Exploited
PUNJAB,FIROZPUR,ZIRA,BLOCK,41204,13018.23,11716.41,31323.76,267.3494697,Over-Exploited
PUNJAB,GURDASPUR,BATALA,BLOCK,25611,19177.79,17260.01,30232.64,175.1600376,Over-Exploited
PUNJAB,GURDASPUR,DERA BABA NANAK,BLOCK,28954,15523.64,13971.28,25527.89,182.7169021,Over-Exploited
PUNJAB,GURDASPUR,DHARIWAL,BLOCK,23414,16912.61,15221.34,26738.84,175.6667941,Over-Exploited
PUNJAB,GURDASPUR,DINA NAGAR,BLOCK,19734,8557.19,7701.47,4155.44,53.95645247,safe
PUNJAB,GURDASPUR,DORANGALA,BLOCK,10920,3362.5,3194.38,2616.4,81.90634802,Semi-Critical
PUNJAB,GURDASPUR,FATEHGARH CHURIAN,BLOCK,23070,17812.4,16031.16,28133.82,175.4945993,Over-Exploited
PUNJAB,GURDASPUR,GURDASPUR,BLOCK,28902,16897.51,15207.76,16680.63,109.6849898,Over-Exploited
PUNJAB,GURDASPUR,KAHNUWAN,BLOCK,33691,23011.14,20710.02,30288.01,146.2480963,Over-Exploited
PUNJAB,GURDASPUR,KALANAUR,BLOCK,19269,11044.7,9940.23,18528.96,186.4037351,Over-Exploited
PUNJAB,GURDASPUR,QADIAN,BLOCK,20372,17245.79,15521.21,16203.52,104.3959846,Over-Exploited
PUNJAB,GURDASPUR,SRI HARGOBINDPUR,BLOCK,27488,20871.46,18784.31,18915.35,100.6976035,Over-Exploited
PUNJAB,HOSHIARPUR,BHUNGA,BLOCK,54759,9936.68,9432.9,7230.75,76.65458131,Semi-Critical
PUNJAB,HOSHIARPUR,DASUYA,BLOCK,32398,11421.96,10279.76,14751.05,143.4960544,Over-Exploited
PUNJAB,HOSHIARPUR,GARH SHANKAR,BLOCK,38858,11336,10202.4,14772.33,144.7926958,Over-Exploited
PUNJAB,HOSHIARPUR,HAJIPUR,BLOCK,17944,8120.52,7308.46,5844.76,79.97252499,Semi-Critical
PUNJAB,HOSHIARPUR,HOSHIARPUR-1,BLOCK,35411,5938.68,5344.81,9829.15,183.9008309,Over-Exploited
PUNJAB,HOSHIARPUR,HOSHIARPUR-2,BLOCK,43591,8016.47,7606.82,6320.13,83.08504737,Semi-Critical
PUNJAB,HOSHIARPUR,MAHILPUR,BLOCK,40804,5917.06,5325.35,5632.81,105.7735172,Over-Exploited
PUNJAB,HOSHIARPUR,MUKERIAN,BLOCK,23162,9197.3,8277.57,8523.28,102.9683832,Over-Exploited
PUNJAB,HOSHIARPUR,TALWARA,BLOCK,22573,5853.13,5267.81,1616.55,30.68732547,safe
PUNJAB,HOSHIARPUR,TANDA,BLOCK,27371,11900.9,10710.81,19258.77,179.8068493,Over-Exploited
PUNJAB,JALANDHAR,ADAMPUR,BLOCK,21823,8176.32,7358.69,16984.17,230.80426,Over-Exploited
PUNJAB,JALANDHAR,BHOGPUR,BLOCK,18255,10060.5,9054.45,18736.12,206.9272015,Over-Exploited
PUNJAB,JALANDHAR,JALANDHAR CITY,BLOCK,10295,617.37,555.63,2410.61,433.8516639,Over-Exploited
PUNJAB,JALANDHAR,JALANDHAR EAST,BLOCK,20202,4399.76,3959.78,17591.93,444.265338,Over-Exploited
PUNJAB,JALANDHAR,JALANDHAR WEST,BLOCK,30329,7559.3,6803.37,16575.76,243.6404311,Over-Exploited
PUNJAB,JALANDHAR,LOHIAN,BLOCK,19004,6877.67,6189.9,15935.9,257.4500396,Over-Exploited
PUNJAB,JALANDHAR,MEHATPUR,BLOCK,17754,4583.74,4125.36,11520.82,279.2682336,Over-Exploited
PUNJAB,JALANDHAR,NAKODAR,BLOCK,28349,7574.48,6817.03,21517.97,315.6502172,Over-Exploited
PUNJAB,JALANDHAR,NUR MAHAL,BLOCK,26121,9498.2,8548.38,17088.76,199.906415,Over-Exploited
PUNJAB,JALANDHAR,PHILLAUR,BLOCK,29146,8534.13,7680.72,20703.61,269.5529846,Over-Exploited
PUNJAB,JALANDHAR,RURKA KALAN,BLOCK,19307,7964.83,7168.35,17151.9,239.272636,Over-Exploited
PUNJAB,JALANDHAR,SHAHKOT,BLOCK,22414,4281.49,3853.34,13876.59,360.1184946,Over-Exploited
PUNJAB,KAPURTHALA,DHILWAN,BLOCK,27232,16066.61,14459.95,31052.74,214.7499818,Over-Exploited
PUNJAB,KAPURTHALA,KAPURTHALA,BLOCK,37167,8610.76,7749.68,20356.2,262.671491,Over-Exploited
PUNJAB,KAPURTHALA,NADALA,BLOCK,24377,12689.13,11420.21,21987.84,192.534463,Over-Exploited
PUNJAB,KAPURTHALA,PHAGWARA,BLOCK,29635,9210.36,8289.32,20161.81,243.2263443,Over-Exploited
PUNJAB,KAPURTHALA,SULTANPUR LODHI,BLOCK,44464,20441.89,18397.71,49636.02,269.794556,Over-Exploited
PUNJAB,LUDHIANA,DEHLON,BLOCK,14040,6471.04,5823.93,13809.77,237.1211536,Over-Exploited
PUNJAB,LUDHIANA,DORAHA,BLOCK,20269,20544.35,18489.92,28922.85,156.4249602,Over-Exploited
PUNJAB,LUDHIANA,JAGRAON,BLOCK,37126,20192.45,18173.21,28193.81,155.1394058,Over-Exploited
PUNJAB,LUDHIANA,KHANNA,BLOCK,27469,8318.2,7486.38,22689.59,303.0782568,Over-Exploited
PUNJAB,LUDHIANA,LUDHIANA CITY,BLOCK,16553,1115.07,1003.56,3095.05,308.4070708,Over-Exploited
PUNJAB,LUDHIANA,LUDHIANA-1,BLOCK,23364,8476.61,7628.94,30322.56,397.4675381,Over-Exploited
PUNJAB,LUDHIANA,LUDHIANA-2,BLOCK,47566,20141,18126.9,39938.38,220.3265865,Over-Exploited
PUNJAB,LUDHIANA,MACHHIWARA,BLOCK,33303,18698.36,16828.52,26040.79,154.7420094,Over-Exploited
PUNJAB,LUDHIANA,MALOUD,BLOCK,20188,10328.98,9296.08,18443.85,198.4045963,Over-Exploited
PUNJAB,LUDHIANA,PAKHOWAL,BLOCK,24087,7760.15,6984.13,19422.31,278.0920458,Over-Exploited
PUNJAB,LUDHIANA,RAIKOT,BLOCK,30304,9136,8222.4,24224.82,294.619819,Over-Exploited
PUNJAB,LUDHIANA,SAMRALA,BLOCK,18016,8479.68,7631.71,17957.47,235.3007386,Over-Exploited
PUNJAB,LUDHIANA,SIDHWAN BET,BLOCK,44370,13904.49,12514.04,31590.12,252.4374223,Over-Exploited
PUNJAB,LUDHIANA,SUDHAR,BLOCK,14060,5763.37,5187.03,12314.02,237.4002078,Over-Exploited
PUNJAB,MALERKOTLA,MALERKOTLA-1,BLOCK,42287,11630.42,10467.37,31869.09,304.4612926,Over-Exploited
PUNJAB,MALERKOTLA,MALERKOTLA-2,BLOCK,32242,9944.02,8949.62,26845.35,299.9607805,Over-Exploited
PUNJAB,MANSA,BHIKHI,BLOCK,36834,9919.95,8927.96,16591.96,185.8426785,Over-Exploited
PUNJAB,MANSA,BUDHLADA,BLOCK,72590,25922.39,23330.15,17561.77,75.27499823,Semi-Critical
PUNJAB,MANSA,JHUNIR,BLOCK,32601,12735.24,11461.72,5521.54,48.17374705,safe
PUNJAB,MANSA,MANSA,BLOCK,39177,14819.34,13337.4,19870.02,148.9797112,Over-Exploited
PUNJAB,MANSA,SARDULGARH,BLOCK,35660,8187.25,7368.53,4194.53,56.92492261,safe
PUNJAB,MOGA,BAGHA PURANA,BLOCK,55866,24196.41,21776.77,44535.52,204.5093005,Over-Exploited
PUNJAB,MOGA,KOT ISE KHAN AT DHARAMKOT,BLOCK,56234,29169.7,26252.73,42631.12,162.3873784,Over-Exploited
PUNJAB,MOGA,MOGA-1,BLOCK,40872,11286.2,10157.58,33647.84,331.2584297,Over-Exploited
PUNJAB,MOGA,MOGA-2,BLOCK,30930,8104.23,7293.8,25426.9,348.6097782,Over-Exploited
PUNJAB,MOGA,NIHAL SINGH WALA,BLOCK,39194,10476.94,9429.25,31457.44,333.6155049,Over-Exploited
PUNJAB,MUKTSAR,KOT BHAI AT GIDDERBAHA,BLOCK,65681,15073.84,13566.46,4918.36,36.25382008,safe
PUNJAB,MUKTSAR,LAMBI,BLOCK,58733,27427.7,24684.93,4492.12,18.19782353,safe
PUNJAB,MUKTSAR,MALOUT,BLOCK,56233,15234.26,13710.84,4072.49,29.70270239,safe
PUNJAB,MUKTSAR,MUKTSAR,BLOCK,82781,34975.06,31477.56,6653.89,21.138519,safe
PUNJAB,PATHANKOT,BAMIAL,BLOCK,4641,1670.14,1503.13,1294.35,86.11031647,Semi-Critical
PUNJAB,PATHANKOT,DHAR KALAN,BLOCK,12058,5969.59,5643.59,2204.86,39.06839441,safe
PUNJAB,PATHANKOT,GHAROTA,BLOCK,11638,4443.91,3999.51,2588.53,64.72117834,safe
PUNJAB,PATHANKOT,NAROT JAIMAL SINGH,BLOCK,19651,6976.89,6279.2,4876.11,77.65495605,Semi-Critical
PUNJAB,PATHANKOT,PATHANKOT,BLOCK,14428,10517.18,9465.45,5538.37,58.51142841,safe
PUNJAB,PATHANKOT,SUJANPUR,BLOCK,15720,17933.36,16140.03,5646.49,34.98438355,safe
PUNJAB,PATIALA,BHUNARHERI,BLOCK,36316,9032.19,8128.97,20853.59,256.5342227,Over-Exploited
PUNJAB,PATIALA,GHANAUR,BLOCK,24174,6945.43,6250.89,8118.7,129.880705,Over-Exploited
PUNJAB,PATIALA,NABHA,BLOCK,61803,20896.41,18806.76,38638.18,205.4483601,Over-Exploited
PUNJAB,PATIALA,PATIALA,BLOCK,41740,15127.99,13615.19,25008.1,183.6779362,Over-Exploited
PUNJAB,PATIALA,PATRAN,BLOCK,41841,10281.84,9253.66,26453.89,285.8748863,Over-Exploited
PUNJAB,PATIALA,RAJPURA,BLOCK,26352,6119.19,5507.27,11056.28,200.7579073,Over-Exploited
PUNJAB,PATIALA,SAMANA,BLOCK,39231,9098.92,8189.03,15529.81,189.6416303,Over-Exploited
PUNJAB,PATIALA,SANAUR,BLOCK,37045,9528.91,8576.02,20676.24,241.0936542,Over-Exploited
PUNJAB,PATIALA,SHAMBU KALAN,BLOCK,23345,5668.85,5101.96,12807.61,251.0331324,Over-Exploited
PUNJAB,RUPNAGAR,ANANDPUR SAHIB,BLOCK,32031,8403.02,7562.72,5904.53,78.0741585,Semi-Critical
PUNJAB,RUPNAGAR,CHAMKAUR SAHIB,BLOCK,19223,12636.61,11372.95,14292.97,125.6751327,Over-Exploited
PUNJAB,RUPNAGAR,MORINDA,BLOCK,13971,5394.18,4854.77,7830.54,161.2957977,Over-Exploited
PUNJAB,RUPNAGAR,NURPUR BEDI,BLOCK,33372,7307.81,6942.29,4767.44,68.67244094,safe
PUNJAB,RUPNAGAR,RUPNAGAR,BLOCK,39056,9012.2,8110.98,5488.68,67.66975137,safe
PUNJAB,SANGRUR,ANDANA,BLOCK,32794,8535.05,7681.55,20194.27,262.8931661,Over-Exploited
PUNJAB,SANGRUR,BHAWANIGARH,BLOCK,33158,9066.23,8159.61,28393.17,347.9721457,Over-Exploited
PUNJAB,SANGRUR,DHURI,BLOCK,23337,7316.6,6584.94,23043.11,349.9365218,Over-Exploited
PUNJAB,SANGRUR,DIRBA,BLOCK,30716,6350.92,5715.83,19556.19,342.1408614,Over-Exploited
PUNJAB,SANGRUR,LEHRA GAGA,BLOCK,40808,8842.84,7958.56,22045.54,277.0041314,Over-Exploited
PUNJAB,SANGRUR,SANGRUR,BLOCK,47418,12966.55,11669.89,32272.56,276.5455373,Over-Exploited
PUNJAB,SANGRUR,SHER PUR,BLOCK,28584,6973.79,6276.41,19808.03,315.5949022,Over-Exploited
PUNJAB,SANGRUR,SUNAM,BLOCK,48981,10637.3,9573.56,34081.94,356.0006936,Over-Exploited
PUNJAB,SAS NAGAR,DERABASSI,BLOCK,39044,10091.57,9082.41,16118.26,177.4667737,Over-Exploited
PUNJAB,SAS NAGAR,KHARAR,BLOCK,42275,7792.61,7013.35,6905.18,98.45765576,Critical
PUNJAB,SAS NAGAR,MAJRI,BLOCK,28064,4687.36,4218.63,3385.1,80.24168984,Semi-Critical
PUNJAB,SBS NAGAR,AUR,BLOCK,23037,22249.49,20024.54,22090.83,110.3187888,Over-Exploited
PUNJAB,SBS NAGAR,BALACHAUR,BLOCK,32464,12494.72,11245.26,10165.51,90.39817665,Critical
PUNJAB,SBS NAGAR,BANGA,BLOCK,26066,5956.53,5360.88,12908.37,240.7882661,Over-Exploited
PUNJAB,SBS NAGAR,NAWAN SHAHR,BLOCK,27592,10579.04,9521.13,13537.88,142.1877445,Over-Exploited
PUNJAB,SBS NAGAR,SAROYA,BLOCK,16802,3163.39,3005.22,1877.74,62.48261359,safe
PUNJAB,TARN TARAN,BHIKHIWIND,BLOCK,32937,9201,8280.9,18583.52,224.4142545,Over-Exploited
PUNJAB,TARN TARAN,CHOHLA SAHIB,BLOCK,28817,6943.2,6248.88,15969.49,255.5576359,Over-Exploited
PUNJAB,TARN TARAN,GANDIWIND TATLA,BLOCK,20990,8757.81,7882.03,9866.53,125.1775241,Over-Exploited
PUNJAB,TARN TARAN,KHADUR SAHIB,BLOCK,28654,10498.2,9448.38,21506.21,227.617962,Over-Exploited
PUNJAB,TARN TARAN,NAUSHERA PANNUAN,BLOCK,17247,4981.93,4483.74,11768.09,262.4614719,Over-Exploited
PUNJAB,TARN TARAN,PATTI,BLOCK,39482,8473.9,7626.51,18025.06,236.347425,Over-Exploited
PUNJAB,TARN TARAN,TARN TARAN,BLOCK,36094,9259.24,8333.32,20574.2,246.890795,Over-Exploited
PUNJAB,TARN TARAN,VALTOHA,BLOCK,37614,10116.86,9105.17,15108.21,165.9300156,Over-Exploited
RAJASTHAN,AJMER,AJMER_URBAN,BLOCK,6607,235.62,212.06,361.51,170.4753372,Over-Exploited
RAJASTHAN,AJMER,ARAIN,BLOCK,89726,4239.78,3815.8,4612.01,120.8661355,Over-Exploited
RAJASTHAN,AJMER,BHINAY,BLOCK,95354,5061.62,4555.46,5571.46,122.3029068,Over-Exploited
RAJASTHAN,AJMER,JAWAJA,BLOCK,48433,2413.64,2172.28,3353.37,154.3709835,Over-Exploited
RAJASTHAN,AJMER,KEKRI,BLOCK,88967,6132.43,5519.19,9413.48,170.5590857,Over-Exploited
RAJASTHAN,AJMER,KISHANGARH,BLOCK,101288,4308.64,3877.77,5461.36,140.8376464,Over-Exploited
RAJASTHAN,AJMER,MASOODA,BLOCK,81700,3776.69,3399.02,3836.23,112.8628252,Over-Exploited
RAJASTHAN,AJMER,PEESANGAN_RURAL,BLOCK,110805,6094.11,5484.7,8529.06,155.5064087,Over-Exploited
RAJASTHAN,AJMER,SARWAR,BLOCK,36403,2197.69,1977.92,2581.37,130.5093229,Over-Exploited
RAJASTHAN,AJMER,SHRINAGAR_RURAL,BLOCK,87393,3498.79,3148.91,5103.34,162.0668739,Over-Exploited
RAJASTHAN,ALWAR,BANSUR,BLOCK,60412,8285.9,7457.31,11200,150.1882046,Over-Exploited
RAJASTHAN,ALWAR,BEHROR,BLOCK,33460,4034.5,3631.05,8767.31,241.4538494,Over-Exploited
RAJASTHAN,ALWAR,KATHUMAR,BLOCK,56324,4909.84,4418.86,9712.57,219.7980927,Over-Exploited
RAJASTHAN,ALWAR,KISHANGARH BAS,BLOCK,41322,5153.49,4638.14,7043.35,151.85721,Over-Exploited
RAJASTHAN,ALWAR,KOTKASIM,BLOCK,30659,5290.16,4761.15,7369.34,154.7806727,Over-Exploited
RAJASTHAN,ALWAR,LAXMANGARH,BLOCK,59052,3863.82,3477.43,9204.64,264.6966294,Over-Exploited
RAJASTHAN,ALWAR,MANDAWAR,BLOCK,54578,8315.08,7483.57,13368.45,178.6373349,Over-Exploited
RAJASTHAN,ALWAR,NEEMRANA,BLOCK,32743,4240.09,3816.08,6559.1,171.8805685,Over-Exploited
RAJASTHAN,ALWAR,RAJGARH,BLOCK,45595,2622.01,2359.81,3746.43,158.7598154,Over-Exploited
RAJASTHAN,ALWAR,RAMGARH,BLOCK,56846,6114.53,5503.07,11802.63,214.4735575,Over-Exploited
RAJASTHAN,ALWAR,RENI,BLOCK,33104,2320.89,2088.8,4668.91,223.5211605,Over-Exploited
RAJASTHAN,ALWAR,THANAGAZI,BLOCK,75233,5704.19,5133.78,5419.49,105.565295,Over-Exploited
RAJASTHAN,ALWAR,TIJARA,BLOCK,61152,7755.85,6980.26,14034.8,201.0641437,Over-Exploited
RAJASTHAN,ALWAR,UMREN,BLOCK,79681,11065.43,9958.89,18241.26,183.1655938,Over-Exploited
RAJASTHAN,BANSWARA,ANANDPURI,BLOCK,32938,1692.44,1523.19,1332.53,87.4828485,Semi-Critical
RAJASTHAN,BANSWARA,ARTHOONA,BLOCK,24515,1712.24,1541.02,798.16,51.79426614,safe
RAJASTHAN,BANSWARA,BAGIDORA,BLOCK,29529,1815.93,1634.33,1378.26,84.33180569,Semi-Critical
RAJASTHAN,BANSWARA,BANSWARA,BLOCK,44883,3910.73,3519.66,1922.45,54.62033265,safe
RAJASTHAN,BANSWARA,CHHOTISARVAN,BLOCK,29495,1543.48,1389.13,938.05,67.52787716,safe
RAJASTHAN,BANSWARA,GANGAR TALAI,BLOCK,20520,824.5,742.05,612.13,82.49174584,Semi-Critical
RAJASTHAN,BANSWARA,GARHI,BLOCK,45529,2943.83,2649.45,1970.7,74.3814754,Semi-Critical
RAJASTHAN,BANSWARA,GHATOL,BLOCK,68091,3930.65,3537.58,1855.29,52.44517438,safe
RAJASTHAN,BANSWARA,KUSHALGARH,BLOCK,50789,1685.14,1516.62,1361.65,89.7818834,Semi-Critical
RAJASTHAN,BANSWARA,SAJJANGARH,BLOCK,34997,1497.35,1347.62,856.34,63.5446194,safe
RAJASTHAN,BANSWARA,TALWARA,BLOCK,16710,1612.12,1450.91,993.82,68.496323,safe
RAJASTHAN,BARAN,ANTAH,BLOCK,94900,13435.5,12091.94,10193.96,84.30375936,Semi-Critical
RAJASTHAN,BARAN,ATRU,BLOCK,84647,9136.29,8222.66,14326.12,174.2273182,Over-Exploited
RAJASTHAN,BARAN,BARAN,BLOCK,62621,8327.02,7494.31,15383.22,205.265328,Over-Exploited
RAJASTHAN,BARAN,CHHABRA,BLOCK,77337,6699.26,6029.33,9031.56,149.7937582,Over-Exploited
RAJASTHAN,BARAN,CHHIPABAROD,BLOCK,80450,6526.38,5873.74,8714.33,148.3608399,Over-Exploited
RAJASTHAN,BARAN,KISHANGANJ,BLOCK,142972,11986.96,10788.26,10290.88,95.38961797,Critical
RAJASTHAN,BARAN,SHAHBAD,BLOCK,146294,8870.99,8427.44,7938.88,94.20274722,Critical
RAJASTHAN,BARMER,BALOTRA,BLOCK,156883,1269.48,1142.54,2897.56,253.6068759,Over-Exploited
RAJASTHAN,BARMER,BARMER,BLOCK,241209,2443.38,2199.04,2937.32,133.5728318,Over-Exploited
RAJASTHAN,BARMER,BAYTOO,BLOCK,140758,392.85,353.56,856.15,242.1512615,Over-Exploited
RAJASTHAN,BARMER,CHOHTAN,BLOCK,180275,3183.65,2865.28,1870.89,65.2951893,safe
RAJASTHAN,BARMER,DHANAOO,BLOCK,124474,3632.59,3269.33,3346.32,102.3549168,Over-Exploited
RAJASTHAN,BARMER,DHORIMANNA,BLOCK,165986,3332.39,2999.15,6894.53,229.8828001,Over-Exploited
RAJASTHAN,BARMER,GADRAROAD,BLOCK,392564,1131.63,1018.47,1317.96,129.4058735,Over-Exploited
RAJASTHAN,BARMER,GIRA,BLOCK,155036,84.07,75.67,235.41,311.1008326,Over-Exploited
RAJASTHAN,BARMER,GUDHAMALANI,BLOCK,128265,4651.53,4186.38,4258.48,101.7222517,Over-Exploited
RAJASTHAN,BARMER,KALYANPUR,BLOCK,126304,1210.43,1089.39,781.86,71.77044034,Semi-Critical
RAJASTHAN,BARMER,PATODI,BLOCK,83162,1408.68,1267.81,1132.75,89.34698417,Semi-Critical
RAJASTHAN,BARMER,RAMSAR,BLOCK,158707,711.74,640.56,703.83,109.8772949,Over-Exploited
RAJASTHAN,BARMER,SAMDARI,BLOCK,83687,1413.63,1272.26,1627.15,127.8944555,Over-Exploited
RAJASTHAN,BARMER,SERWA,BLOCK,170357,3277.78,2950,3629.83,123.0450847,Over-Exploited
RAJASTHAN,BARMER,SHEO,BLOCK,266379,1334.29,1200.86,4362.05,363.2438419,Over-Exploited
RAJASTHAN,BARMER,SINDHARI,BLOCK,162984,3373.05,3035.74,3688.79,121.5120531,Over-Exploited
RAJASTHAN,BARMER,SIWANA,BLOCK,120828,5503.03,4952.73,5108.73,103.149778,Over-Exploited
RAJASTHAN,BHARATPUR,BAYANA,BLOCK,67631,8426.19,7583.57,7705.19,101.6037302,Over-Exploited
RAJASTHAN,BHARATPUR,DEEG,BLOCK,47082,4054.75,3649.28,3700.34,101.3991801,Over-Exploited
RAJASTHAN,BHARATPUR,KAMAN,BLOCK,35029,3793.68,3414.31,3454.11,101.1656821,Over-Exploited
RAJASTHAN,BHARATPUR,KUMHER,BLOCK,45420,1597.19,1437.48,2060.56,143.3452987,Over-Exploited
RAJASTHAN,BHARATPUR,NADBAI,BLOCK,44670,2427.54,2306.16,3932.2,170.508551,Over-Exploited
RAJASTHAN,BHARATPUR,NAGAR,BLOCK,42073,2308.29,2077.46,2125.4,102.3076257,Over-Exploited
RAJASTHAN,BHARATPUR,PAHARI,BLOCK,33295,3400.1,3060.09,3995.75,130.5762249,Over-Exploited
RAJASTHAN,BHARATPUR,RUPBAS,BLOCK,50110,4812.17,4571.56,6324.42,138.3427101,Over-Exploited
RAJASTHAN,BHARATPUR,SEWAR,BLOCK,50937,4049.63,3847.15,5118.86,133.0558985,Over-Exploited
RAJASTHAN,BHARATPUR,WEIR,BLOCK,58905,4799.64,4319.67,5378.79,124.5185396,Over-Exploited
RAJASTHAN,BHILWARA,ASIND,BLOCK,99046,3382.71,3060.54,5503.92,179.8349311,Over-Exploited
RAJASTHAN,BHILWARA,BANERA,BLOCK,66258,3295.22,2965.7,3566.8,120.2684021,Over-Exploited
RAJASTHAN,BHILWARA,BIJOLIYAN,BLOCK,54126,3120.18,2808.16,3365.99,119.8646089,Over-Exploited
RAJASTHAN,BHILWARA,HURDA,BLOCK,61276,2273.5,2046.15,3032.46,148.2032109,Over-Exploited
RAJASTHAN,BHILWARA,JAHAZPUR,BLOCK,86587,4505.89,4055.3,7223.81,178.1325673,Over-Exploited
RAJASTHAN,BHILWARA,KOTRI,BLOCK,89831,4998.05,4498.25,5960.6,132.5093092,Over-Exploited
RAJASTHAN,BHILWARA,MANDAL,BLOCK,115595,5012.16,4510.95,7419.21,164.4711203,Over-Exploited
RAJASTHAN,BHILWARA,MANDALGARH,BLOCK,49147,3918.49,3526.64,6661.63,188.8945285,Over-Exploited
RAJASTHAN,BHILWARA,RAIPUR,BLOCK,48636,2499.27,2249.35,4385.13,194.9509858,Over-Exploited
RAJASTHAN,BHILWARA,SAHARA,BLOCK,63469,2141.42,1927.28,3511.88,182.2195011,Over-Exploited
RAJASTHAN,BHILWARA,SHAHPURA,BLOCK,112513,5673.63,5106.27,7838.13,153.5001087,Over-Exploited
RAJASTHAN,BHILWARA,SUWANA,BLOCK,89001,4288.87,3859.99,7852.09,203.4225477,Over-Exploited
RAJASTHAN,BIKANER,BIKANER_RURAL,BLOCK,368363,8188.04,7445.44,9573.24,128.5785662,Over-Exploited
RAJASTHAN,BIKANER,BIKANER_URBAN,BLOCK,14113,276.88,249.19,129.8,52.08876761,safe
RAJASTHAN,BIKANER,DUNGARGARH,BLOCK,300390,6100.44,5490.39,13590,247.5234,Over-Exploited
RAJASTHAN,BIKANER,KHAJUWALA,BLOCK,545324,0,0,0,0,Saline
RAJASTHAN,BIKANER,KOLAYAT,BLOCK,797086,4452.55,4007.3,2494.84,62.25738028,safe
RAJASTHAN,BIKANER,LUNKARANSAR,BLOCK,632802,4045.9,3641.31,2195.85,60.30384669,safe
RAJASTHAN,BIKANER,NOKHA,BLOCK,188810,3628.29,3265.46,6932.4,212.2947456,Over-Exploited
RAJASTHAN,BIKANER,PANCHOO,BLOCK,191289,4190.47,3771.42,3323.66,88.12754877,Semi-Critical
RAJASTHAN,BUNDI,BUNDI,BLOCK,77311,6226.47,5603.83,5627.62,100.4245311,Over-Exploited
RAJASTHAN,BUNDI,HINDOLI,BLOCK,88481,6407.32,6086.94,9215.29,151.3944609,Over-Exploited
RAJASTHAN,BUNDI,KESHORAI PATAN,BLOCK,115288,8752.21,7877,6004.47,76.22787863,Semi-Critical
RAJASTHAN,BUNDI,NAINWA,BLOCK,96685,6901.19,6553.54,8148.19,124.3326508,Over-Exploited
RAJASTHAN,BUNDI,TALERA,BLOCK,46253,4778.71,4300.84,2085.97,48.50145553,safe
RAJASTHAN,CHITTAURGARH,BARI SADRI,BLOCK,42838,2154.34,1938.89,3588.62,185.0863123,Over-Exploited
RAJASTHAN,CHITTAURGARH,BEGUN,BLOCK,62685,4558.09,4102.29,6542.05,159.4731235,Over-Exploited
RAJASTHAN,CHITTAURGARH,BHADESAR,BLOCK,49253,3020.06,2718.06,5155.95,189.6922805,Over-Exploited
RAJASTHAN,CHITTAURGARH,BHAINSRORGARH,BLOCK,77936,3705.98,3335.38,4057.72,121.6569027,Over-Exploited
RAJASTHAN,CHITTAURGARH,BHOPALSAGAR,BLOCK,38212,1638.79,1474.91,2620.88,177.6976222,Over-Exploited
RAJASTHAN,CHITTAURGARH,CHITTAURGARH,BLOCK,48021,4039.98,3635.99,7054.39,194.0156601,Over-Exploited
RAJASTHAN,CHITTAURGARH,DUNGLA,BLOCK,46543,2360.98,2124.89,3372.16,158.6980973,Over-Exploited
RAJASTHAN,CHITTAURGARH,GANGRAR,BLOCK,53662,2732.46,2459.21,3336.95,135.6919499,Over-Exploited
RAJASTHAN,CHITTAURGARH,KAPASAN,BLOCK,50201,1975.21,1777.69,3026.6,170.2546563,Over-Exploited
RAJASTHAN,CHITTAURGARH,NIMBAHERA,BLOCK,70281,6333.47,5700.13,6878.89,120.6795284,Over-Exploited
RAJASTHAN,CHITTAURGARH,RASHMI,BLOCK,43757,2033.92,1830.53,3013.57,164.6282771,Over-Exploited
RAJASTHAN,CHURU,BIDASAR,BLOCK,113878,3408.34,3067.51,4731.32,154.239758,Over-Exploited
RAJASTHAN,CHURU,CHURU,BLOCK,160687,1184.06,1065.65,1097.59,102.9972317,Over-Exploited
RAJASTHAN,CHURU,RAJGARH,BLOCK,222492,2524.78,2398.54,5746.12,239.5674035,Over-Exploited
RAJASTHAN,CHURU,RATANGARH,BLOCK,162241,2626.54,2363.89,2492.89,105.4571067,Over-Exploited
RAJASTHAN,CHURU,SARDARSHAHAR,BLOCK,386080,5378.36,5109.44,3121.14,61.08575499,safe
RAJASTHAN,CHURU,SUJANGARH,BLOCK,152883,871.65,784.48,1421.34,181.1824393,Over-Exploited
RAJASTHAN,CHURU,TARANAGAR,BLOCK,181040,0,0,0,0,Saline
RAJASTHAN,DAUSA,BANDIKUI,BLOCK,52890,4468.56,4021.7,10173.8,252.9726235,Over-Exploited
RAJASTHAN,DAUSA,DAUSA,BLOCK,73409,5397.52,4857.76,8941.03,184.0566434,Over-Exploited
RAJASTHAN,DAUSA,LALSOT,BLOCK,78036,8075.63,7268.07,19145.41,263.4180738,Over-Exploited
RAJASTHAN,DAUSA,LAWAN,BLOCK,16065,1227.09,1104.38,2818.42,255.2038248,Over-Exploited
RAJASTHAN,DAUSA,MAHWA,BLOCK,44200,4262.86,3836.57,9558.34,249.1376412,Over-Exploited
RAJASTHAN,DAUSA,SIKRAI,BLOCK,43962,4495.79,4046.21,7983.01,197.2959881,Over-Exploited
RAJASTHAN,DHAULPUR,BARI,BLOCK,69467,7166.22,6730.51,7265.42,107.9475404,Over-Exploited
RAJASTHAN,DHAULPUR,BASERI,BLOCK,81390,7896.25,7106.62,7254.94,102.0870681,Over-Exploited
RAJASTHAN,DHAULPUR,DHAULPUR,BLOCK,23997,3869.18,3482.26,6629.93,190.3915848,Over-Exploited
RAJASTHAN,DHAULPUR,RAJAKHERA,BLOCK,48872,5483.16,4934.85,7584.78,153.6982887,Over-Exploited
RAJASTHAN,DHAULPUR,SAIPU,BLOCK,24800,3094.74,2785.27,5313.9,190.7858125,Over-Exploited
RAJASTHAN,DUNGARPUR,ASPUR,BLOCK,26540,2741.61,2467.44,756.36,30.65363292,safe
RAJASTHAN,DUNGARPUR,BICHHIWARA,BLOCK,62253,3422.58,3080.33,1603.18,52.04572237,safe
RAJASTHAN,DUNGARPUR,CHEEKHLI,BLOCK,18430,1922.56,1730.31,963.43,55.6796181,safe
RAJASTHAN,DUNGARPUR,DOVRA,BLOCK,20569,1285.35,1156.82,957.14,82.73888764,Semi-Critical
RAJASTHAN,DUNGARPUR,DUNGARPUR,BLOCK,9181,1129.58,1016.62,665.4,65.45218469,safe
RAJASTHAN,DUNGARPUR,GALIAKOT,BLOCK,17762,2194.97,1975.47,1220.7,61.79288979,safe
RAJASTHAN,DUNGARPUR,JHONTHRI,BLOCK,18798,862.58,776.32,272.58,35.11180956,safe
RAJASTHAN,DUNGARPUR,SABLA,BLOCK,23384,1563.84,1429.27,594.9,41.62264653,safe
RAJASTHAN,DUNGARPUR,SAGWARA,BLOCK,40194,5399.4,4859.46,3962.88,81.54980183,Semi-Critical
RAJASTHAN,DUNGARPUR,SIMALWARA,BLOCK,26302,1943.95,1749.55,1117.55,63.87642537,safe
RAJASTHAN,GANGANAGAR,ANUPGARH,BLOCK,114935,9901.26,8911.14,1015.58,11.3967461,safe
RAJASTHAN,GANGANAGAR,GANGANAGAR,BLOCK,86670,11115.72,10004.15,6772.09,67.69280748,safe
RAJASTHAN,GANGANAGAR,GHADSANA,BLOCK,138732,2702.23,2432,438.17,18.01685855,safe
RAJASTHAN,GANGANAGAR,KARANPUR,BLOCK,82680,5328.75,4795.87,2534.84,52.85464368,safe
RAJASTHAN,GANGANAGAR,PADAMPUR,BLOCK,84690,6180.87,5562.79,2830.99,50.89154902,safe
RAJASTHAN,GANGANAGAR,RAISINGHNAGAR,BLOCK,131668,2735.75,2462.18,1226.16,49.79977093,safe
RAJASTHAN,GANGANAGAR,SADULSHAHAR,BLOCK,89270,2080.43,1872.39,487.04,26.01167492,safe
RAJASTHAN,GANGANAGAR,SRI VIJAYNAGAR,BLOCK,83786,5209.72,4688.75,490.42,10.45950413,safe
RAJASTHAN,GANGANAGAR,SURATGARH,BLOCK,301728,2712.03,2440.83,1271.46,52.09129681,safe
RAJASTHAN,HANUMANGARH,BHADRA,BLOCK,177680,3186.51,2867.85,1815.09,63.2909671,safe
RAJASTHAN,HANUMANGARH,HANUMANGARH,BLOCK,111238,4080.98,3672.88,2260.73,61.55197012,safe
RAJASTHAN,HANUMANGARH,NOHAR,BLOCK,243945,1496.99,1347.29,778.73,57.79973131,safe
RAJASTHAN,HANUMANGARH,PILIBANGA,BLOCK,112802,4134.45,3721,2662.27,71.54716474,Semi-Critical
RAJASTHAN,HANUMANGARH,RAWATSAR,BLOCK,167225,0,0,0,0,Saline
RAJASTHAN,HANUMANGARH,SANGARIYA,BLOCK,69319,4086.52,3677.87,1756.97,47.77140029,safe
RAJASTHAN,HANUMANGARH,TIBI,BLOCK,75751,5504.81,4954.33,3088.87,62.34687637,safe
RAJASTHAN,JAIPUR,AMBER_RURAL,BLOCK,42288,3971.05,3573.94,8358.19,233.8648662,Over-Exploited
RAJASTHAN,JAIPUR,BASSI,BLOCK,63123,5368.11,4831.3,12380.96,256.2656014,Over-Exploited
RAJASTHAN,JAIPUR,CHAKSU,BLOCK,72936,6531.94,5878.75,14882.68,253.1606209,Over-Exploited
RAJASTHAN,JAIPUR,DUDU,BLOCK,179087,6223.86,5601.47,8325.26,148.6263427,Over-Exploited
RAJASTHAN,JAIPUR,GOVINDGARH,BLOCK,63808,5370.76,4833.69,15605.46,322.8477623,Over-Exploited
RAJASTHAN,JAIPUR,JAIPUR_URBAN,BLOCK,35522,1271.07,1143.96,3906.9,341.5241792,Over-Exploited
RAJASTHAN,JAIPUR,JALSOO,BLOCK,41865,4217.22,3795.5,8776.03,231.2219734,Over-Exploited
RAJASTHAN,JAIPUR,JAMWA RAMGARH,BLOCK,96188,6343.33,5708.99,8982.11,157.3327331,Over-Exploited
RAJASTHAN,JAIPUR,JHOTWARA_RURAL,BLOCK,30158,2875.56,2588.01,6141.88,237.3205668,Over-Exploited
RAJASTHAN,JAIPUR,KOTPUTLI,BLOCK,34210,3278.44,2950.59,8459.11,286.6921531,Over-Exploited
RAJASTHAN,JAIPUR,PAOTA,BLOCK,39368,2870.86,2583.77,7124.05,275.7230713,Over-Exploited
RAJASTHAN,JAIPUR,PHAGI,BLOCK,111357,5710.06,5139.06,5838.74,113.6149413,Over-Exploited
RAJASTHAN,JAIPUR,SAMBHAR,BLOCK,83148,6114.74,5503.26,13697.47,248.8973808,Over-Exploited
RAJASTHAN,JAIPUR,SANGANER_RURAL,BLOCK,51904,3737.75,3363.98,8138.03,241.9167177,Over-Exploited
RAJASTHAN,JAIPUR,SHAHPURA,BLOCK,38020,3867.18,3480.46,10204.27,293.1873948,Over-Exploited
RAJASTHAN,JAIPUR,VIRATNAGAR,BLOCK,50490,4835.19,4351.67,6773.49,155.6526575,Over-Exploited
RAJASTHAN,JAISALMER,JAISALMER_RURAL,BLOCK,1144033,3519.91,3167.92,12346.37,389.7311169,Over-Exploited
RAJASTHAN,JAISALMER,JAISALMER_URBAN,BLOCK,6467,60.75,54.67,151.1,276.3855862,Over-Exploited
RAJASTHAN,JAISALMER,SAM,BLOCK,2111100,3351.73,3016.56,10112.8,335.2427931,Over-Exploited
RAJASTHAN,JAISALMER,SANKRA,BLOCK,552900,3615.38,3253.84,11754.99,361.2651513,Over-Exploited
RAJASTHAN,JALOR,AHORE,BLOCK,154124,3067.29,2760.56,3623.13,131.2461964,Over-Exploited
RAJASTHAN,JALOR,BHINMAL,BLOCK,135837,6301.45,5986.38,11846.88,197.8972267,Over-Exploited
RAJASTHAN,JALOR,CHITALWANA,BLOCK,181785,7752.94,6977.65,6705.24,96.09596354,Critical
RAJASTHAN,JALOR,JALORE,BLOCK,98193,4743.68,4269.31,6809.98,159.5100848,Over-Exploited
RAJASTHAN,JALOR,JASWANTPURA,BLOCK,93237,4573.7,4345.01,6332.12,145.7331514,Over-Exploited
RAJASTHAN,JALOR,RANIWARA,BLOCK,91862,6907.61,6216.85,14361.51,231.009434,Over-Exploited
RAJASTHAN,JALOR,SANCHORE,BLOCK,123690,8372.71,7619.7,10741.57,140.9710356,Over-Exploited
RAJASTHAN,JALOR,SAYLA,BLOCK,146425,6229.46,5606.52,19026.8,339.369163,Over-Exploited
RAJASTHAN,JHALAWAR,AKLERA,BLOCK,70165,6115.91,5504.32,5502.87,99.97365705,Critical
RAJASTHAN,JHALAWAR,BAKANI,BLOCK,46412,5022.73,4536.46,6270.36,138.2214326,Over-Exploited
RAJASTHAN,JHALAWAR,BHAWANI MANDI,BLOCK,70280,5466.08,4919.48,4583.96,93.17976697,Critical
RAJASTHAN,JHALAWAR,DAG,BLOCK,88781,8381.28,7543.15,9801.81,129.9431935,Over-Exploited
RAJASTHAN,JHALAWAR,JHALRAPATAN,BLOCK,81126,7468.94,6722.05,9502.95,141.3698202,Over-Exploited
RAJASTHAN,JHALAWAR,KHANPUR,BLOCK,90971,10996.79,9897.12,13644.68,137.8651567,Over-Exploited
RAJASTHAN,JHALAWAR,MANOHAR THANA,BLOCK,64087,4688.09,4398.06,4756.89,108.1588246,Over-Exploited
RAJASTHAN,JHALAWAR,PIRAWA,BLOCK,97804,7487.91,6774.76,4577.13,67.56150771,safe
RAJASTHAN,JHUNJHUNU,ALSISAR,BLOCK,82715,2892.96,2603.66,2822.6,108.408932,Over-Exploited
RAJASTHAN,JHUNJHUNU,BUHANA,BLOCK,62430,2532.58,2279.33,4241.7,186.0941592,Over-Exploited
RAJASTHAN,JHUNJHUNU,CHIRAWA,BLOCK,49304,2297.62,2067.86,5575.38,269.6207674,Over-Exploited
RAJASTHAN,JHUNJHUNU,JHUNJHUNUN,BLOCK,74496,2927.56,2634.8,7781.12,295.321087,Over-Exploited
RAJASTHAN,JHUNJHUNU,KHETRI,BLOCK,57583,3056.59,2750.93,4288.19,155.8814655,Over-Exploited
RAJASTHAN,JHUNJHUNU,NAWALGARH,BLOCK,63200,3065.13,2758.61,7742.8,280.6775876,Over-Exploited
RAJASTHAN,JHUNJHUNU,SURAJGARH,BLOCK,77909,3304.72,2974.25,6774.01,227.7552324,Over-Exploited
RAJASTHAN,JHUNJHUNU,UDAIPURWATI,BLOCK,71710,4473.93,4026.54,8647.02,214.7506296,Over-Exploited
RAJASTHAN,JODHPUR,BALESAR,BLOCK,86095,817.78,736,2421.92,329.0652174,Over-Exploited
RAJASTHAN,JODHPUR,BAORI,BLOCK,114906,2886.42,2597.77,9915,381.6735123,Over-Exploited
RAJASTHAN,JODHPUR,BAP,BLOCK,383390,3403.92,3233.72,3209.61,99.25441906,Critical
RAJASTHAN,JODHPUR,BAPINI,BLOCK,126020,2392.03,2272.43,7498.24,329.9657195,Over-Exploited
RAJASTHAN,JODHPUR,BHOPALGARH,BLOCK,120584,3610.84,3249.75,7055.78,217.1176244,Over-Exploited
RAJASTHAN,JODHPUR,BILARA,BLOCK,101279,3336.93,3003.24,7008.99,233.3809486,Over-Exploited
RAJASTHAN,JODHPUR,DECHOO,BLOCK,127348,2889.04,2600.13,6450.96,248.1014411,Over-Exploited
RAJASTHAN,JODHPUR,JODHPUR_URBAN,BLOCK,23523.77,496.99,447.29,474.72,106.1324868,Over-Exploited
RAJASTHAN,JODHPUR,LOHAWAT,BLOCK,122420,2362.79,2126.51,7019.44,330.0920287,Over-Exploited
RAJASTHAN,JODHPUR,LUNI,BLOCK,197895,2255.95,2143.15,1869.05,87.21041458,Semi-Critical
RAJASTHAN,JODHPUR,MANDOR_RURAL,BLOCK,97544.23,1040.63,988.6,2069.83,209.3698159,Over-Exploited
RAJASTHAN,JODHPUR,OSIAN,BLOCK,106467,2306.57,2075.91,8042.52,387.42142,Over-Exploited
RAJASTHAN,JODHPUR,PHALODI,BLOCK,186601,3036.41,2732.77,8836.54,323.3546914,Over-Exploited
RAJASTHAN,JODHPUR,PIPAR CITY,BLOCK,120970,2782.59,2504.33,6042.1,241.2661271,Over-Exploited
RAJASTHAN,JODHPUR,SHEKHALA,BLOCK,95309,1884.99,1790.74,6215.04,347.065459,Over-Exploited
RAJASTHAN,JODHPUR,SHERGARH,BLOCK,120888,2688.63,2419.77,2852.66,117.8897168,Over-Exploited
RAJASTHAN,JODHPUR,TIWARI,BLOCK,87732,2012.78,1811.5,7326.72,404.4559757,Over-Exploited
RAJASTHAN,KARAULI,HINDAUN,BLOCK,57520,6001.23,5401.11,13185.08,244.1179683,Over-Exploited
RAJASTHAN,KARAULI,KARAULI,BLOCK,108446,10249.42,9224.47,9864.03,106.9332981,Over-Exploited
RAJASTHAN,KARAULI,MANDRAIL,BLOCK,49341,4038.05,3634.24,3942.75,108.4889826,Over-Exploited
RAJASTHAN,KARAULI,NADOTI,BLOCK,57106,3138.04,2951.43,2217.34,75.12764999,Semi-Critical
RAJASTHAN,KARAULI,SAPOTRA,BLOCK,72608,6075.74,5468.16,9054.97,165.5944596,Over-Exploited
RAJASTHAN,KARAULI,TODABHIM,BLOCK,45221,4315.12,3883.61,10039.15,258.5004673,Over-Exploited
RAJASTHAN,KOTA,ITAWA,BLOCK,89751,13426.23,12083.61,10290.02,85.15683641,Semi-Critical
RAJASTHAN,KOTA,KHAIRABAD,BLOCK,75060,5976.16,5378.54,6404,119.0657688,Over-Exploited
RAJASTHAN,KOTA,KOTA_URBAN,BLOCK,62628,2361.76,2125.59,2533.73,119.2012571,Over-Exploited
RAJASTHAN,KOTA,LADPURA_RURAL,BLOCK,89507,5658.99,5093.09,5777.8,113.4439014,Over-Exploited
RAJASTHAN,KOTA,SANGOD,BLOCK,104414,11092.78,9983.5,14852.85,148.7739771,Over-Exploited
RAJASTHAN,KOTA,SULTANPUR,BLOCK,90957,13059.26,11753.34,9086.14,77.30687617,Semi-Critical
RAJASTHAN,NAGAUR,DEGANA,BLOCK,146334,4700.62,4465.58,9379.07,210.030276,Over-Exploited
RAJASTHAN,NAGAUR,DIDWANA,BLOCK,97718,2930.41,2637.37,3377.76,128.0730425,Over-Exploited
RAJASTHAN,NAGAUR,JAYAL,BLOCK,167771,4268.5,3841.65,6821.8,177.57474,Over-Exploited
RAJASTHAN,NAGAUR,KHEENVSAR,BLOCK,191741,5744.27,5169.84,14347.11,277.5155517,Over-Exploited
RAJASTHAN,NAGAUR,KUCHAMAN CITY,BLOCK,71031,3734.32,3360.89,5971.68,177.681507,Over-Exploited
RAJASTHAN,NAGAUR,LADNU,BLOCK,153008,5708.85,5137.97,5666.29,110.2826603,Over-Exploited
RAJASTHAN,NAGAUR,MAKRANA,BLOCK,114008,6564.07,5907.67,5441.11,92.10247018,Critical
RAJASTHAN,NAGAUR,MERTA,BLOCK,154192,5524.86,4972.37,13945.36,280.4570054,Over-Exploited
RAJASTHAN,NAGAUR,MOLASAR,BLOCK,66042,2874.94,2587.44,5158.63,199.3719661,Over-Exploited
RAJASTHAN,NAGAUR,MUNDWA,BLOCK,151537,4242.59,3818.33,12110.16,317.1585484,Over-Exploited
RAJASTHAN,NAGAUR,NAGAUR,BLOCK,157778,2865.42,2578.88,3080.54,119.4526306,Over-Exploited
RAJASTHAN,NAGAUR,NAWA,BLOCK,79682,2252.63,2027.36,4853.52,239.4009944,Over-Exploited
RAJASTHAN,NAGAUR,PARBATSAR,BLOCK,107170,4868.4,4381.56,4414.38,100.7490483,Over-Exploited
RAJASTHAN,NAGAUR,RIYAN BARI,BLOCK,113814,6396.51,5756.86,8343.2,144.9262271,Over-Exploited
RAJASTHAN,PALI,BALI,BLOCK,94375,4313.78,3882.4,6428.43,165.5787657,Over-Exploited
RAJASTHAN,PALI,DESURI,BLOCK,56531,3033.28,2729.95,4613.77,169.0056594,Over-Exploited
RAJASTHAN,PALI,JAITARAN,BLOCK,124610,6722.12,6049.9,10255.27,169.5113969,Over-Exploited
RAJASTHAN,PALI,KHARCHI (MARWAR JUNCTION),BLOCK,125288,3017.18,2715.46,4670,171.9782284,Over-Exploited
RAJASTHAN,PALI,PALI,BLOCK,127991,1123.57,1011.21,772.84,76.42725052,Semi-Critical
RAJASTHAN,PALI,RAIPUR,BLOCK,65625,2354.81,2119.33,3763.59,177.5839534,Over-Exploited
RAJASTHAN,PALI,RANI STATION,BLOCK,73906,2752.01,2476.81,4017.8,162.2167223,Over-Exploited
RAJASTHAN,PALI,ROHAT,BLOCK,137790,359.25,323.32,98.58,30.48991711,safe
RAJASTHAN,PALI,SOJAT,BLOCK,154535,3941.56,3547.41,4818.58,135.8337491,Over-Exploited
RAJASTHAN,PALI,SUMERPUR,BLOCK,94488,4532.92,4079.62,6578.41,161.2505576,Over-Exploited
RAJASTHAN,PRATAPGARH,ARNOD,BLOCK,56335,3687.02,3318.32,5085.29,153.2489332,Over-Exploited
RAJASTHAN,PRATAPGARH,CHHOTI SADRI,BLOCK,54238,2979.8,2681.82,4098.27,152.8167439,Over-Exploited
RAJASTHAN,PRATAPGARH,DHARIAWAD,BLOCK,45856,1912.25,1721.02,1691.64,98.29287283,Critical
RAJASTHAN,PRATAPGARH,PEEPALKHOONT,BLOCK,48350,3361.27,3025.14,2092.53,69.17134414,safe
RAJASTHAN,PRATAPGARH,PRATAPGARH,BLOCK,90260,10823.9,9742.07,13360.43,137.1415931,Over-Exploited
RAJASTHAN,RAJSAMAND,AMET,BLOCK,46519,1167.43,1050.68,1606.05,152.858149,Over-Exploited
RAJASTHAN,RAJSAMAND,BHIM,BLOCK,33716,1076.38,968.74,1407.02,145.2422735,Over-Exploited
RAJASTHAN,RAJSAMAND,DEOGARH,BLOCK,39076,1017.32,915.58,1089.56,119.0021626,Over-Exploited
RAJASTHAN,RAJSAMAND,KHAMNOR,BLOCK,67586,2523.71,2271.34,2146.84,94.51865419,Critical
RAJASTHAN,RAJSAMAND,KUMBHALGARH,BLOCK,53656,1910.64,1719.57,1680.02,97.7000064,Critical
RAJASTHAN,RAJSAMAND,RAILMAGRA,BLOCK,60018,1900.18,1710.16,2432.42,142.2334752,Over-Exploited
RAJASTHAN,RAJSAMAND,RAJSAMAND,BLOCK,53438,1989.36,1790.41,2503.81,139.845622,Over-Exploited
RAJASTHAN,SAWAI MADHOPUR,BAMANWAS,BLOCK,65655,8479.01,7631.1,12529.26,164.1868145,Over-Exploited
RAJASTHAN,SAWAI MADHOPUR,BONLI,BLOCK,98338,7260.73,6534.67,9786.52,149.7630332,Over-Exploited
RAJASTHAN,SAWAI MADHOPUR,CHAUTH KA BARWARA,BLOCK,40666,3385.74,3047.16,3979.51,130.5973431,Over-Exploited
RAJASTHAN,SAWAI MADHOPUR,GANGAPUR,BLOCK,49892,6953.08,6257.77,12262.19,195.9514332,Over-Exploited
RAJASTHAN,SAWAI MADHOPUR,KHANDAR,BLOCK,105075,9534.95,8581.46,12093.86,140.9300981,Over-Exploited
RAJASTHAN,SAWAI MADHOPUR,SAWAI MADHOPUR,BLOCK,73224,8614.54,7753.08,13544.09,174.6930252,Over-Exploited
RAJASTHAN,SIKAR,DANTA RAMGARH,BLOCK,114045,5636.71,5073.04,11758.7,231.7880403,Over-Exploited
RAJASTHAN,SIKAR,DHOND,BLOCK,90400,5041.28,4537.15,10723.22,236.342638,Over-Exploited
RAJASTHAN,SIKAR,FATEHPUR,BLOCK,129123,5590.48,5031.44,4131.25,82.10870049,Semi-Critical
RAJASTHAN,SIKAR,KHANDELA,BLOCK,69399,3177.76,2859.98,4984.17,174.272897,Over-Exploited
RAJASTHAN,SIKAR,LACHHMANGARH,BLOCK,105162,4684.23,4215.81,9010.79,213.738048,Over-Exploited
RAJASTHAN,SIKAR,NEEM KA THANA,BLOCK,58562,2914.15,2622.74,5964.01,227.3961582,Over-Exploited
RAJASTHAN,SIKAR,PATAN,BLOCK,28956,1118.29,1006.46,1712.92,170.1925561,Over-Exploited
RAJASTHAN,SIKAR,PIPRALI,BLOCK,74383,4298.63,3868.77,6858.78,177.285804,Over-Exploited
RAJASTHAN,SIKAR,SRIMADHOPUR,BLOCK,65662,4437.92,3994.13,8655.05,216.6942488,Over-Exploited
RAJASTHAN,SIROHI,ABU ROAD,BLOCK,33106,2948.65,2653.79,3024.07,113.9528749,Over-Exploited
RAJASTHAN,SIROHI,PINDWARA,BLOCK,88290,6400.88,5760.79,5043.16,87.54285437,Semi-Critical
RAJASTHAN,SIROHI,REODAR,BLOCK,98580,7616.16,6854.55,11179.79,163.1002765,Over-Exploited
RAJASTHAN,SIROHI,SHEOGANJ,BLOCK,77289,5603.9,5043.51,5779.88,114.6003478,Over-Exploited
RAJASTHAN,SIROHI,SIROHI,BLOCK,110305,7207.76,6486.99,6314.87,97.3466893,Critical
RAJASTHAN,TONK,DEOLI,BLOCK,124209,7867.79,7081.01,5990.16,84.59471177,Semi-Critical
RAJASTHAN,TONK,MALPURA,BLOCK,79278,5869.29,5286.96,7640.09,144.5081862,Over-Exploited
RAJASTHAN,TONK,NIWAI,BLOCK,59453,4046.43,3642.61,4504.01,123.6478789,Over-Exploited
RAJASTHAN,TONK,TODARAISINGH,BLOCK,91114,5607.16,5266.4,3601.86,68.39320978,safe
RAJASTHAN,TONK,TONK,BLOCK,137890,11504.74,10354.26,10053.3,97.09337026,Critical
RAJASTHAN,TONK,UNIARA,BLOCK,96230,9333.66,8400.29,9034.93,107.5549773,Over-Exploited
RAJASTHAN,UDAIPUR,BARGAON,BLOCK,26284,1148.74,1033.86,1444.54,139.7229799,Over-Exploited
RAJASTHAN,UDAIPUR,BHINDAR,BLOCK,90615,3500.32,3150.28,3018.93,95.83052935,Critical
RAJASTHAN,UDAIPUR,GIRWA_RURAL,BLOCK,58200,2551.63,2296.47,2220.02,96.67097763,Critical
RAJASTHAN,UDAIPUR,GOGUNDA,BLOCK,34022,1539.74,1385.77,1353.91,97.70091718,Critical
RAJASTHAN,UDAIPUR,JHADOL,BLOCK,37443,1209.75,1088.78,1030.21,94.62058451,Critical
RAJASTHAN,UDAIPUR,JHALARA,BLOCK,38944,2071.33,1864.19,1622.74,87.04799403,Semi-Critical
RAJASTHAN,UDAIPUR,KHERWARA,BLOCK,48568,1246.46,1121.81,1136.13,101.2765085,Over-Exploited
RAJASTHAN,UDAIPUR,KOTRA,BLOCK,62780,2475.53,2227.97,2306.95,103.544931,Over-Exploited
RAJASTHAN,UDAIPUR,KURAWAR,BLOCK,36180,1710.1,1539.08,1500.84,97.51539881,Critical
RAJASTHAN,UDAIPUR,LASADIYA,BLOCK,34814,1166.9,1050.21,1234.23,117.5222098,Over-Exploited
RAJASTHAN,UDAIPUR,MAVLI,BLOCK,78357,3333.64,3000.27,3944.49,131.4711676,Over-Exploited
RAJASTHAN,UDAIPUR,PHALASIYA,BLOCK,38200,1095.45,985.91,979.45,99.34476778,Critical
RAJASTHAN,UDAIPUR,RISHABHDEV,BLOCK,30662,1394.17,1254.75,1331.96,106.153417,Over-Exploited
RAJASTHAN,UDAIPUR,SALUMBAR,BLOCK,35519,2356.96,2121.26,1930.28,90.99686036,Critical
RAJASTHAN,UDAIPUR,SARADA,BLOCK,55684,2412.59,2171.33,1998.63,92.04634947,Critical
RAJASTHAN,UDAIPUR,SAYRA,BLOCK,37241,1366.89,1230.2,1225.02,99.57893026,Critical
RAJASTHAN,UDAIPUR,SEMARI,BLOCK,27179,986.87,888.18,832.97,93.78391767,Critical
RAJASTHAN,UDAIPUR,UDAIPUR_URBAN,BLOCK,6400,686.93,618.24,617.37,99.85927795,Critical
SIKKIM,SIKKIM,GANGTOK,DISTRICT,35500,6986.5,6287.85,393.81,6.263031084,safe
SIKKIM,SIKKIM,GYALSHING,DISTRICT,30200,3777.88,3400.09,225.3,6.626295186,safe
SIKKIM,SIKKIM,MANGAN,DISTRICT,20000,3875.28,3487.75,95.56,2.739875278,safe
SIKKIM,SIKKIM,NAMCHI,DISTRICT,28000,3340.79,3006.71,216.56,7.202556948,safe
SIKKIM,SIKKIM,PAKYONG,DISTRICT,26100,5093.82,4584.44,200.78,4.379597072,safe
SIKKIM,SIKKIM,SORENG,DISTRICT,9800,1223.48,1101.13,79.26,7.198060175,safe
TAMILNADU,ARIYALUR,ANDIMADAM,TALUK,28746.02,3904.4,3599.53,2937.8,81.61621101,Semi-Critical
TAMILNADU,ARIYALUR,ARIYALUR,TALUK,67421.86,16477.12,14919.38,6609.79,44.30338258,safe
TAMILNADU,ARIYALUR,SENDURAI,TALUK,31482.4,5560.99,5004.88,2662.66,53.20127556,safe
TAMILNADU,ARIYALUR,UDAYARPALAYAM,TALUK,65008.37,13160.61,11997.47,6267.71,52.24193101,safe
TAMILNADU,CHENGALPATTU,CHENGALPATTU,TALUK,19790.935,3084.26,2775.82,2358.83,84.97777233,Semi-Critical
TAMILNADU,CHENGALPATTU,CHEYYUR,TALUK,58869.11,13624.94,12262.45,8043.04,65.59080771,safe
TAMILNADU,CHENGALPATTU,MADHURANTAKAM,TALUK,74996.935,19456.99,17763.61,12850.37,72.34098249,Semi-Critical
TAMILNADU,CHENGALPATTU,PALLAVARAM,TALUK,3459.5,405.35,375.32,95.23,25.37301503,safe
TAMILNADU,CHENGALPATTU,TAMBARAM,TALUK,8433.52,1279.74,1164.64,416.25,35.74065806,safe
TAMILNADU,CHENGALPATTU,THIRUKKALUKUNDRAM,TALUK,34104.42,12008.89,10808.01,9524.22,88.12186517,Semi-Critical
TAMILNADU,CHENGALPATTU,THIRUPPORUR,TALUK,29479,6382.04,5743.84,3387.11,58.96943508,safe
TAMILNADU,CHENGALPATTU,VANDALUR,TALUK,13281.46,2417.01,2175.31,1399.61,64.34071466,safe
TAMILNADU,CHENNAI,ALANDUR,TALUK,1770.97,943,848.69,681,80.24131308,Semi-Critical
TAMILNADU,CHENNAI,AMBATTUR,TALUK,5704.735,1733.6,1560.24,2932.68,187.9633902,Over-Exploited
TAMILNADU,CHENNAI,AMINJIKARAI,TALUK,1555.3286,377,344.93,436.76,126.622793,Over-Exploited
TAMILNADU,CHENNAI,AYANAVARAM,TALUK,1528.5383,374.12,336.72,429.61,127.5867189,Over-Exploited
TAMILNADU,CHENNAI,EGMORE,TALUK,1766.8957,308.46,281.59,429.93,152.6794275,Over-Exploited
TAMILNADU,CHENNAI,GUINDY,TALUK,2137.6077,297.49,267.73,367.68,137.3323871,Over-Exploited
TAMILNADU,CHENNAI,MADHAVARAM,TALUK,3612.645,1077.62,1014.47,671.59,66.20107051,safe
TAMILNADU,CHENNAI,MADURAVOYAL,TALUK,3268.445,1101.79,991.61,1338.28,134.9603171,Over-Exploited
TAMILNADU,CHENNAI,MAMBALAM,TALUK,1436.5733,82.06,73.85,114.57,155.1387949,Over-Exploited
TAMILNADU,CHENNAI,MYLAPORE,TALUK,2227.5722,347.43,312.69,486.93,155.7229205,Over-Exploited
TAMILNADU,CHENNAI,PERAMBUR,TALUK,1856.6349,377.83,340.06,462.97,136.1436217,Over-Exploited
TAMILNADU,CHENNAI,PURASAIVAKKAM,TALUK,1727.7904,327.61,299.96,476.38,158.8145086,Over-Exploited
TAMILNADU,CHENNAI,SHOLINGANALLUR,TALUK,7067.73,1072.77,997.43,620.66,62.22592062,safe
TAMILNADU,CHENNAI,THIRUVOTTIYUR,TALUK,5587.785,1341.66,1207.5,1777.7,147.2215321,Over-Exploited
TAMILNADU,CHENNAI,TONDIARPET,TALUK,1301.7624,141.73,127.55,193.83,151.9639357,Over-Exploited
TAMILNADU,CHENNAI,VELACHERI,TALUK,2077.4679,239.48,215.53,332.69,154.3590219,Over-Exploited
TAMILNADU,COIMBATORE,ANAMALAI,TALUK,41714.87,14464.08,13017.69,4865.01,37.37229877,safe
TAMILNADU,COIMBATORE,ANNUR,TALUK,38852.73,3619.89,3257.9,3611.49,110.8533104,Over-Exploited
TAMILNADU,COIMBATORE,COIMBATORE NORTH,TALUK,30058.31,2838.24,2554.43,2972.93,116.3833027,Over-Exploited
TAMILNADU,COIMBATORE,COIMBATORE SOUTH,TALUK,4651.91,504.74,454.26,717.97,158.0526571,Over-Exploited
TAMILNADU,COIMBATORE,KINATHUKADAVU,TALUK,32575.13,5304.77,4871.75,5824.95,119.5658644,Over-Exploited
TAMILNADU,COIMBATORE,MADUKARAI,TALUK,26860.57,2391.14,2167.37,1913.28,88.27657483,Semi-Critical
TAMILNADU,COIMBATORE,METTUPALAYAM,TALUK,35647.23,3645.86,3281.27,3409.07,103.8948334,Over-Exploited
TAMILNADU,COIMBATORE,PERUR,TALUK,28752.55,4004.27,3643.46,4243.85,116.4785671,Over-Exploited
TAMILNADU,COIMBATORE,POLLACHI,TALUK,49192.37,9315.02,8572.04,8321.71,97.07969165,Critical
TAMILNADU,COIMBATORE,SULUR,TALUK,58496.06,5982.34,5384.12,5340.63,99.19225426,Critical
TAMILNADU,COIMBATORE,VALPARAI,TALUK,20676,4933.23,4439.9,4757.3,107.1488097,Over-Exploited
TAMILNADU,CUDDALORE,BHUVANAGIRI,TALUK,30142.55,16585.89,14927.29,5475.09,36.67839239,safe
TAMILNADU,CUDDALORE,CHIDAMBARAM,TALUK,34687.09,19458.65,17512.78,2367.54,13.51892732,safe
TAMILNADU,CUDDALORE,CUDDALORE,TALUK,32090.75,14204.96,13080.67,12648.98,96.69978678,Critical
TAMILNADU,CUDDALORE,KATTUMANNARKOIL,TALUK,31846.94,15448.92,14099.34,5504.19,39.03863585,safe
TAMILNADU,CUDDALORE,KURINJIPADI,TALUK,33378.26,6938.02,6244.22,4291.73,68.73124265,safe
TAMILNADU,CUDDALORE,PANRUTTI,TALUK,46387.9375,9689.09,8768.93,9357.27,106.7093705,Over-Exploited
TAMILNADU,CUDDALORE,SRIMUSHNAM,TALUK,24563.33,8866.98,7980.28,4985.22,62.46923667,safe
TAMILNADU,CUDDALORE,TITAGUDI,TALUK,46099.565,8011,7209.91,8662.32,120.1446343,Over-Exploited
TAMILNADU,CUDDALORE,VEPPUR,TALUK,33902.44,3331.51,2998.37,2853.22,95.15903641,Critical
TAMILNADU,CUDDALORE,VRIDHACHALAM,TALUK,50574.29,9063.48,8290.35,8706.94,105.0249989,Over-Exploited
TAMILNADU,DHARMAPURI,DHARMAPURI,TALUK,23183.95,4464.68,4018.21,2991.49,74.448324,Semi-Critical
TAMILNADU,DHARMAPURI,HARUR,TALUK,64055.695,9759.87,8783.89,5699.75,64.88867688,safe
TAMILNADU,DHARMAPURI,KARIMANGALAM,TALUK,28860.62,7347.14,6612.42,9087.46,137.4301693,Over-Exploited
TAMILNADU,DHARMAPURI,NALLAMPALLI,TALUK,32313,5482.91,4934.61,5071.94,102.782996,Over-Exploited
TAMILNADU,DHARMAPURI,PALACODE,TALUK,34346.34125,7949.24,7154.3,8195.74,114.5568399,Over-Exploited
TAMILNADU,DHARMAPURI,PAPPIREDDIPATTI,TALUK,48627.975,7113.87,6402.5,6898.08,107.7404139,Over-Exploited
TAMILNADU,DHARMAPURI,PENNAGARAM,TALUK,49899,7006.54,6305.87,5729.65,90.86216494,Critical
TAMILNADU,DINDIGUL,ATHOOR,TALUK,26639.01,4361.55,3925.39,5502.74,140.1832684,Over-Exploited
TAMILNADU,DINDIGUL,DINDIGUL EAST,TALUK,54279.33,6688.55,6019.68,7592.95,126.1354424,Over-Exploited
TAMILNADU,DINDIGUL,DINDIGUL WEST,TALUK,55086.27,6061.56,5455.39,6917.25,126.7966177,Over-Exploited
TAMILNADU,DINDIGUL,GUJILIAMPARAI,TALUK,37012.94,4095.86,3686.26,5483.01,148.7418142,Over-Exploited
TAMILNADU,DINDIGUL,KODAIKANAL,TALUK,45359.01,4190.01,3771.01,77.77,2.062312219,safe
TAMILNADU,DINDIGUL,NATHAM,TALUK,33472.87,4068.93,3662.04,2467.85,67.39003397,safe
TAMILNADU,DINDIGUL,NILAKOTTAI,TALUK,41975.26,6589.79,5930.81,7820.19,131.8570313,Over-Exploited
TAMILNADU,DINDIGUL,ODDENCHATRAM,TALUK,73384.26,9701.36,8731.22,12255.18,140.3604536,Over-Exploited
TAMILNADU,DINDIGUL,PALANI,TALUK,69738,9873.36,8968.45,8253.67,92.03006094,Critical
TAMILNADU,DINDIGUL,VEDASANDUR,TALUK,50794.15,6000.82,5400.72,7337.43,135.8602186,Over-Exploited
TAMILNADU,ERODE,ANTHIYUR,TALUK,40575.115,5275.17,4747.65,4362.82,91.8943056,Critical
TAMILNADU,ERODE,BHAVANI,TALUK,34200.69,10823.04,9886.29,4255.35,43.04294129,safe
TAMILNADU,ERODE,ERODE,TALUK,17763.19,4195.71,3776.14,2862.71,75.81048372,Semi-Critical
TAMILNADU,ERODE,GOBICHETTIPALAYAM,TALUK,50716.745,14946.5,13451.84,7148.33,53.14016521,safe
TAMILNADU,ERODE,KODUMUDI,TALUK,22807.615,6760.47,6084.42,4875.64,80.13319265,Semi-Critical
TAMILNADU,ERODE,MODAKURICHI,TALUK,34451.755,11884.21,10695.79,8415.69,78.68226657,Semi-Critical
TAMILNADU,ERODE,NAMBIYUR,TALUK,27957.695,3633.23,3269.9,5863.42,179.3149638,Over-Exploited
TAMILNADU,ERODE,PERUNDURAI,TALUK,52474.845,8009,7208.1,8229.95,114.1764126,Over-Exploited
TAMILNADU,ERODE,SATHYAMANGALAM,TALUK,42339.73,6640.11,6054.84,6447.1,106.4784536,Over-Exploited
TAMILNADU,ERODE,THALAVADI,TALUK,21594.305,2472.98,2225.68,1581.7,71.06592143,Semi-Critical
TAMILNADU,KALLAKURICHCHI,CHINNA SELAM,TALUK,33863.865,9917.22,9055.41,8587.52,94.83303351,Critical
TAMILNADU,KALLAKURICHCHI,KALLAKURICHCHI,TALUK,53106.605,14653.5,13188.16,12758.12,96.73919637,Critical
TAMILNADU,KALLAKURICHCHI,KALVARAYAN HILLS,TALUK,13936.22,3070.19,2763.17,1718.23,62.18328948,safe
TAMILNADU,KALLAKURICHCHI,SANKARAPURAM,TALUK,62845.40625,15447.47,13902.7,8521.46,61.29356168,safe
TAMILNADU,KALLAKURICHCHI,TIRUKKOILUR,TALUK,34425.02,10274.28,9246.86,5976.52,64.6329673,safe
TAMILNADU,KALLAKURICHCHI,ULUNDURPET,TALUK,59745.88,16968.33,15271.49,12723.93,83.31819619,Semi-Critical
TAMILNADU,KANCHEEPURAM,KANCHEEPURAM,TALUK,38719.135,15501.07,14050.74,6705.56,47.72389212,safe
TAMILNADU,KANCHEEPURAM,KUNDRATHUR,TALUK,27247.44,6928.46,6235.61,1958.25,31.40430527,safe
TAMILNADU,KANCHEEPURAM,SRIPERUMBUDUR,TALUK,35734.83,11205.12,10208.62,2145.9,21.02047094,safe
TAMILNADU,KANCHEEPURAM,UTHIRAMERUR,TALUK,42192.335,15260.5,13734.43,10926.8,79.55772464,Semi-Critical
TAMILNADU,KANCHEEPURAM,WALAJABAD,TALUK,22900.3,7077.93,6502.14,3910.2,60.13712409,safe
TAMILNADU,KANNIYAKUMARI,AGASTHEESWARAM,TALUK,27897.069,8352.12,7516.92,2828.1,37.62312224,safe
TAMILNADU,KANNIYAKUMARI,KALKULAM,TALUK,23779.016,7971.88,7174.7,724.77,10.10174641,safe
TAMILNADU,KANNIYAKUMARI,KILLIYUR,TALUK,11945.861,3089.3,2780.33,437.09,15.72079573,safe
TAMILNADU,KANNIYAKUMARI,THIRUVATTAR,TALUK,14776,3999.63,3599.66,99.88,2.7747065,safe
TAMILNADU,KANNIYAKUMARI,THOVALAI,TALUK,16050.95,6849.1,6164.18,379.62,6.158483367,safe
TAMILNADU,KANNIYAKUMARI,VILAVANCODE,TALUK,18596.074,4032.63,3629.36,329.48,9.078184584,safe
TAMILNADU,KARUR,ARAVAKURICHI,TALUK,65765.105,5198.29,4734.91,4677.29,98.78308141,Critical
TAMILNADU,KARUR,KADAVUR,TALUK,41502.695,3671.65,3304.48,4560.73,138.0165714,Over-Exploited
TAMILNADU,KARUR,KARUR,TALUK,31486.09,2641.42,2436.09,2796.76,114.8052822,Over-Exploited
TAMILNADU,KARUR,KRISHNARAYAPURAM,TALUK,34878.26,4839.97,4355.98,4158.76,95.472431,Critical
TAMILNADU,KARUR,KULITHALAI,TALUK,49041.155,9230.38,8307.33,6029.87,72.58493403,Semi-Critical
TAMILNADU,KARUR,MANMANGALAM,TALUK,20393.125,3921.81,3529.63,3907.13,110.695172,Over-Exploited
TAMILNADU,KARUR,PUGALUR,TALUK,40303.09,4430.64,3987.56,4254.38,106.69131,Over-Exploited
TAMILNADU,KRISHNAGIRI,ANCHETTY,TALUK,12820.97,967.46,870.72,280.2,32.18026461,safe
TAMILNADU,KRISHNAGIRI,BARGUR,TALUK,26850.75,4952.03,4552.22,4507.53,99.01828119,Critical
TAMILNADU,KRISHNAGIRI,DENKANIKOTTAI,TALUK,77066.36,10240.49,9216.43,4419.46,47.95197273,safe
TAMILNADU,KRISHNAGIRI,HOSUR,TALUK,35694.57,4352.71,3917.43,3053.74,77.95263732,Semi-Critical
TAMILNADU,KRISHNAGIRI,KRISHNAGIRI,TALUK,52168.17,11403.02,10262.73,10477.91,102.0967131,Over-Exploited
TAMILNADU,KRISHNAGIRI,POCHAMPALLI,TALUK,29533.39,6346.21,5862.17,5535.13,94.42117851,Critical
TAMILNADU,KRISHNAGIRI,SHOOLAGIRI,TALUK,36566.855,5199.42,4679.48,2839.4,60.67768214,safe
TAMILNADU,KRISHNAGIRI,UTHANGARAI,TALUK,39625,5838.67,5254.79,7331.31,139.5167076,Over-Exploited
TAMILNADU,MADURAI,KALLIKUDI,TALUK,25682.01,4752.62,4338.98,1894.56,43.6637182,safe
TAMILNADU,MADURAI,MADURAI EAST,TALUK,22111.02,7924.12,7580.13,3030.91,39.9849343,safe
TAMILNADU,MADURAI,MADURAI NORTH,TALUK,16580.07,4980.62,4817.16,2345.17,48.68366423,safe
TAMILNADU,MADURAI,MADURAI SOUTH,TALUK,10403.76,2210.18,2343.2,1278.56,54.56469785,safe
TAMILNADU,MADURAI,MADURAI WEST,TALUK,6493.8,1408.38,1729.39,1596.2,92.29844049,Critical
TAMILNADU,MADURAI,MELUR,TALUK,71164.935,16662.9,14996.6,10176,67.85538055,safe
TAMILNADU,MADURAI,PERAIYUR,TALUK,56108.46,9622.22,8659.97,6186.29,71.43546687,Semi-Critical
TAMILNADU,MADURAI,THIRUPPARANKUNDRAM,TALUK,11537.39,2181.21,2076.94,1275.71,61.42257359,safe
TAMILNADU,MADURAI,TIRUMANGALAM,TALUK,30840.01,6279.9,5718.45,4128.95,72.20400633,Semi-Critical
TAMILNADU,MADURAI,USILAMPATTI,TALUK,39864.82,9564.86,8703.19,7625.77,87.62040126,Semi-Critical
TAMILNADU,MADURAI,VADIPATTI,TALUK,34860.46,10218.71,9271.45,6403.28,69.06449369,safe
TAMILNADU,MAYILADUTHURAI,KUTHALAM,TALUK,17134.89,6542.87,5888.59,8746.71,148.5365767,Over-Exploited
TAMILNADU,MAYILADUTHURAI,MAYILADUTHURAI,TALUK,25993.11,9648.44,8683.61,9408.78,108.3510199,Over-Exploited
TAMILNADU,MAYILADUTHURAI,SIRKAZHI,TALUK,45485.03,12061.49,10855.33,15391.07,141.7835294,Over-Exploited
TAMILNADU,MAYILADUTHURAI,THARANGAMBADI,TALUK,27643,6262.77,5636.48,9203.96,163.2926933,Over-Exploited
TAMILNADU,NAGAPATTINAM,KILVELUR,TALUK,26742.925,0,0,0,0,Saline
TAMILNADU,NAGAPATTINAM,NAGAPATTINAM,TALUK,31191.005,0,0,0,0,Saline
TAMILNADU,NAGAPATTINAM,THIRUKKUVALAI,TALUK,21104.76,0,0,0,0,Saline
TAMILNADU,NAGAPATTINAM,VEDARANYAM,TALUK,74805,0,0,0,0,Saline
TAMILNADU,NAMAKKAL,KOLLI HILLS,TALUK,20826.38,2374.92,2168.06,11.79,0.543804138,safe
TAMILNADU,NAMAKKAL,KUMARAPALAYAM,TALUK,15973.53,5168.69,4651.82,3697.98,79.49533731,Semi-Critical
TAMILNADU,NAMAKKAL,MOHANUR,TALUK,28534.795,6599.99,5939.98,6933.21,116.7211001,Over-Exploited
TAMILNADU,NAMAKKAL,NAMAKKAL,TALUK,38490.925,5998.83,5398.96,7650.52,141.7035874,Over-Exploited
TAMILNADU,NAMAKKAL,PARAMATHI VELUR,TALUK,44132.555,10684.42,9615.97,11346.83,117.9998482,Over-Exploited
TAMILNADU,NAMAKKAL,RASIPURAM,TALUK,44545.265,9617.69,8655.92,13607.27,157.2018919,Over-Exploited
TAMILNADU,NAMAKKAL,SENDAMANGALAM,TALUK,33777.995,6062.35,5456.1,7939.33,145.5129122,Over-Exploited
TAMILNADU,NAMAKKAL,TIRUCHENGODE,TALUK,66173.57,9222.6,8300.34,8632.06,103.9964628,Over-Exploited
TAMILNADU,PERAMBALUR,ALATHUR,TALUK,38639.96,4531.24,4078.13,5249.9,128.7330222,Over-Exploited
TAMILNADU,PERAMBALUR,KUNNAM,TALUK,41799.075,6582.32,5924.08,3740.17,63.13503531,safe
TAMILNADU,PERAMBALUR,PERAMBALUR,TALUK,28757.13,4559.64,4103.67,6483.6,157.9951604,Over-Exploited
TAMILNADU,PERAMBALUR,VEPPANTHATTAI,TALUK,50257.605,9675.15,8707.63,9482.92,108.9035708,Over-Exploited
TAMILNADU,PUDUKKOTTAI,ALANGUDY,TALUK,36563.81,8247.79,7469.68,5113.01,68.45018796,safe
TAMILNADU,PUDUKKOTTAI,ARANTANGI,TALUK,43937.68,13164.24,11847.82,5919.3,49.96108989,safe
TAMILNADU,PUDUKKOTTAI,AVADAIYARKOVIL,TALUK,42637.03,15696.95,14127.25,299.68,2.121290414,safe
TAMILNADU,PUDUKKOTTAI,GANDARVAKOTTAI,TALUK,32507.775,7251.56,6526.4,4011.8,61.47033587,safe
TAMILNADU,PUDUKKOTTAI,ILUPPUR,TALUK,41465.675,7689.16,6920.24,4300.56,62.1446655,safe
TAMILNADU,PUDUKKOTTAI,KARAMBAKUDI,TALUK,26797.41,8368.56,7531.71,4444.8,59.01448675,safe
TAMILNADU,PUDUKKOTTAI,KULATHUR,TALUK,57775.47,10175.68,9158.11,6052.81,66.09234875,safe
TAMILNADU,PUDUKKOTTAI,MANAMELKUDI,TALUK,24207.39,3346.58,3011.92,220.45,7.319251507,safe
TAMILNADU,PUDUKKOTTAI,PONNAMARAVATHI,TALUK,31338.77,6444.23,5882.37,4481.41,76.18374907,Semi-Critical
TAMILNADU,PUDUKKOTTAI,PUDUKKOTTAI,TALUK,26600.16,3867.37,3603.36,2615.95,72.59752009,Semi-Critical
TAMILNADU,PUDUKKOTTAI,THIRUMAYAM,TALUK,46277.14,10389.52,9350.54,3491.33,37.33827137,safe
TAMILNADU,PUDUKKOTTAI,VIRALIMALAI,TALUK,32685.79,4629.53,4224.55,3287.62,77.82177983,Semi-Critical
TAMILNADU,RAMANATHAPURAM,KADALADI,TALUK,57872.3,2093.73,1884.36,36.37,1.930098283,safe
TAMILNADU,RAMANATHAPURAM,KAMUTHI,TALUK,57847,8497.47,7647.72,712.62,9.318071268,safe
TAMILNADU,RAMANATHAPURAM,KEELAKARAI,TALUK,30935.21,4289.04,3860.13,404.25,10.47244523,safe
TAMILNADU,RAMANATHAPURAM,MUDUKULATHUR,TALUK,48082.385,8979.17,8081.23,584.08,7.227612628,safe
TAMILNADU,RAMANATHAPURAM,PARAMAKUDI,TALUK,73796,26301.09,23670.98,1058.59,4.472100437,safe
TAMILNADU,RAMANATHAPURAM,RAMANATHAPURAM,TALUK,49922.15,10671.37,9604.24,1476.03,15.36852473,safe
TAMILNADU,RAMANATHAPURAM,RAMESWARAM,TALUK,7715.99,772.93,695.64,210.73,30.29296763,safe
TAMILNADU,RAMANATHAPURAM,RSMANGALAM,TALUK,33982.135,9807.78,8827,43.32,0.490766965,safe
TAMILNADU,RAMANATHAPURAM,THIRUVADANI,TALUK,47333.865,6260.27,5634.24,44.4,0.788038848,safe
TAMILNADU,RANIPET,ARAKKONAM,TALUK,38352.185,6645.47,6105.62,4479.3,73.36355685,Semi-Critical
TAMILNADU,RANIPET,ARCOT,TALUK,25180.91,5259.16,4733.23,5489.76,115.9833771,Over-Exploited
TAMILNADU,RANIPET,KALAVAI,TALUK,21756.885,4484.33,4035.89,3244.84,80.39961446,Semi-Critical
TAMILNADU,RANIPET,NEMILI,TALUK,32808.04,6644.8,5980.32,4539.39,75.90546994,Semi-Critical
TAMILNADU,RANIPET,SHOLINGUR,TALUK,28784.485,5736.68,5163.01,4083.33,79.08816756,Semi-Critical
TAMILNADU,RANIPET,WALAJAPET,TALUK,28701.505,5598.63,5038.76,5000.86,99.24783082,Critical
TAMILNADU,SALEM,ATTUR,TALUK,24341.84,4991.27,4492.14,6977,155.3157293,Over-Exploited
TAMILNADU,SALEM,EDAPPADY,TALUK,31831.01,4779.72,4301.76,5181.13,120.4420981,Over-Exploited
TAMILNADU,SALEM,GANGAVALLI,TALUK,25556.41,4655.37,4189.83,7418.08,177.0496655,Over-Exploited
TAMILNADU,SALEM,KADAYAMPATTI,TALUK,26054.63,3357.25,3093.27,3646.4,117.8817239,Over-Exploited
TAMILNADU,SALEM,METTUR,TALUK,58924.23,8241.94,7417.75,8416.42,113.4632469,Over-Exploited
TAMILNADU,SALEM,OMALUR,TALUK,27291.31,3835.97,3452.38,3446.65,99.83402754,Critical
TAMILNADU,SALEM,PEDDANAYAKKANPALAYAM,TALUK,36241.91,5751.79,5176.61,5720.44,110.5055239,Over-Exploited
TAMILNADU,SALEM,SALEM,TALUK,21830.65,3478.38,3130.53,4389.61,140.2193878,Over-Exploited
TAMILNADU,SALEM,SALEM SOUTH,TALUK,11586.655,1749.34,1574.41,2252.28,143.0554938,Over-Exploited
TAMILNADU,SALEM,SALEM WEST,TALUK,10340.62,1421.34,1279.2,1937.52,151.4634146,Over-Exploited
TAMILNADU,SALEM,SANKARI,TALUK,38231.96,5411.37,4870.24,6127.49,125.8149496,Over-Exploited
TAMILNADU,SALEM,THALAIVASAL,TALUK,35970.14,5530.41,4977.37,10807.14,217.1255101,Over-Exploited
TAMILNADU,SALEM,VALAPADY,TALUK,28084.47,4473.66,4026.29,5662.31,140.6334367,Over-Exploited
TAMILNADU,SALEM,YERCAUD,TALUK,15249.13,1265.72,1181.98,128.34,10.85805174,safe
TAMILNADU,SIVAGANGAI,DEVAKOTTAI,TALUK,55072.5,8904.13,8013.7,1367.85,17.06889452,safe
TAMILNADU,SIVAGANGAI,ILAYANKUDI,TALUK,41145.62,7466.17,6719.56,1396.8,20.78707534,safe
TAMILNADU,SIVAGANGAI,KALAIYARKOVIL,TALUK,50760.715,8532.86,7679.57,2804.47,36.51858112,safe
TAMILNADU,SIVAGANGAI,KARAIKUDI,TALUK,55666.255,9483.55,8535.18,1993.66,23.35814828,safe
TAMILNADU,SIVAGANGAI,MANAMADURAI,TALUK,31830.93,5285.13,4756.62,1013.47,21.30651597,safe
TAMILNADU,SIVAGANGAI,SINGAMPUNARI,TALUK,35447.91,6227.72,5604.95,2780.74,49.61221777,safe
TAMILNADU,SIVAGANGAI,SIVAGANGAI,TALUK,58006.085,9613.57,8652.2,2872.48,33.19941749,safe
TAMILNADU,SIVAGANGAI,THIRUPATTUR,TALUK,46713.77,6994.99,6295.48,1028.33,16.33441771,safe
TAMILNADU,SIVAGANGAI,THIRUPPUVANAM,TALUK,28617.715,4693.5,4224.14,2059.76,48.76164142,safe
TAMILNADU,TENKASI,ALANGULAM,TALUK,30914.9,6753.12,6077.82,5391.16,88.70219914,Semi-Critical
TAMILNADU,TENKASI,KADAYANALLUR,TALUK,30324.92,8119.15,7307.23,6486.64,88.77016325,Semi-Critical
TAMILNADU,TENKASI,SANKARANKOVIL,TALUK,48474.43,7830.89,7047.79,7997.54,113.4758556,Over-Exploited
TAMILNADU,TENKASI,SENGOTTAI,TALUK,16297.07,5817.89,5236.1,595.88,11.38022574,safe
TAMILNADU,TENKASI,SIVAGIRI,TALUK,25428.52,7431.4,6688.25,4198.26,62.77067992,safe
TAMILNADU,TENKASI,TENKASI,TALUK,31684.71,12758.12,11482.31,3899.16,33.95797536,safe
TAMILNADU,TENKASI,THIRUVENGADAM,TALUK,35153.89,5925.98,5333.37,7082.24,132.7910871,Over-Exploited
TAMILNADU,TENKASI,VIRAKERALAMPUDUR,TALUK,25966.04,5963.15,5366.81,4513.42,84.09874767,Semi-Critical
TAMILNADU,THANJAVUR,BUDALUR,TALUK,33356.62,7518.46,6766.6,5192.87,76.74267727,Semi-Critical
TAMILNADU,THANJAVUR,KUMBAKONAM,TALUK,27418.54,8880.03,7991.99,9158.26,114.5929862,Over-Exploited
TAMILNADU,THANJAVUR,ORATHANADU,TALUK,58548.36,20251.59,18226.42,18188.19,99.79024954,Critical
TAMILNADU,THANJAVUR,PAPANASAM,TALUK,38746.605,11511.36,10360.22,12232.91,118.0757745,Over-Exploited
TAMILNADU,THANJAVUR,PATTUKKOTTAI,TALUK,71266.47,20871.17,18784.05,18224.13,97.01917318,Critical
TAMILNADU,THANJAVUR,PERAVURANI,TALUK,28441.71,8344.01,7509.61,6966.26,92.76460429,Critical
TAMILNADU,THANJAVUR,THANJAVUR,TALUK,38529.795,10050.42,9045.38,8684.66,96.01210784,Critical
TAMILNADU,THANJAVUR,THIRUVAIYARU,TALUK,15985.915,5354.09,4818.68,5101.14,105.8617713,Over-Exploited
TAMILNADU,THANJAVUR,THIRUVIDAIMARUDHUR,TALUK,27175.95,9735.15,8761.63,11142.67,127.1757652,Over-Exploited
TAMILNADU,THE NILGIRIS,COONOOR,TALUK,18776.35,2142.51,1928.25,145.64,7.552962531,safe
TAMILNADU,THE NILGIRIS,GUDALUR,TALUK,18079.33,1260.91,1134.82,32.15,2.833048413,safe
TAMILNADU,THE NILGIRIS,KOTAGIRI,TALUK,19461.59,1495.76,1346.17,253.27,18.81411709,safe
TAMILNADU,THE NILGIRIS,KUNDAH,TALUK,12291,252.38,227.14,84.85,37.3558158,safe
TAMILNADU,THE NILGIRIS,PANTHALUR,TALUK,16461,1780.95,1616.22,71.7,4.436277239,safe
TAMILNADU,THE NILGIRIS,UDHAGAMANDALAM,TALUK,26839,2961.95,2665.75,279.25,10.47547594,safe
TAMILNADU,THENI,AUNDIPATTI,TALUK,39264.31,6022.47,5420.22,5210.84,96.13705717,Critical
TAMILNADU,THENI,BODINAYAKANUR,TALUK,34068.05,4447.69,4002.92,2107.24,52.64257092,safe
TAMILNADU,THENI,PERIYAKULAM,TALUK,39633.81,7114.8,6403.31,4702.66,73.44107969,Semi-Critical
TAMILNADU,THENI,THENI,TALUK,24965.5,3772.97,3395.67,2044.37,60.20520251,safe
TAMILNADU,THENI,UTHAMAPALAYAM,TALUK,51485.64,9174.72,8257.22,6802,82.37639302,Semi-Critical
TAMILNADU,THIRUVARUR,KUDAVASAL,TALUK,18222.695,2313.79,2082.41,2473.36,118.7739206,Over-Exploited
TAMILNADU,THIRUVARUR,KUTTANALLUR,TALUK,16549.73,2732.9,2459.61,1587.3,64.53462134,safe
TAMILNADU,THIRUVARUR,MANNARGUDI,TALUK,48140.317,6192.39,5573.16,1880.89,33.74907593,safe
TAMILNADU,THIRUVARUR,NANNILAM,TALUK,24570.09,3142.76,2828.48,2917.74,103.1557586,Over-Exploited
TAMILNADU,THIRUVARUR,NEEDAMANGALAM,TALUK,20547.888,3028.33,2725.51,1128.98,41.42270621,safe
TAMILNADU,THIRUVARUR,THIRUTHURAIPOONDI,TALUK,37312,0,0,0,0,Saline
TAMILNADU,THIRUVARUR,THIRUVARUR,TALUK,21590.37,3976.4,3578.74,1133.39,31.670085,safe
TAMILNADU,THIRUVARUR,VALANGAIMAN,TALUK,20324.11,2174.05,1956.65,2887.99,147.5987019,Over-Exploited
TAMILNADU,THOOTHUKUDI,ERAL,TALUK,23406.23,5498.54,4948.7,1252.75,25.31472912,safe
TAMILNADU,THOOTHUKUDI,ETTAYAPURAM,TALUK,52203.725,6231.3,5656.9,1318.1,23.30074776,safe
TAMILNADU,THOOTHUKUDI,KAYATTAR,TALUK,47154.995,6129.77,5516.79,3628.92,65.77955659,safe
TAMILNADU,THOOTHUKUDI,KOVILPATTY,TALUK,35496.82,3913.73,3522.35,1771.28,50.28688234,safe
TAMILNADU,THOOTHUKUDI,OTTAPIDARAM,TALUK,72146.645,7530.77,6777.68,1901.2,28.05089647,safe
TAMILNADU,THOOTHUKUDI,SATTANKULAM,TALUK,35435.8,5449.44,4904.48,4110.45,83.81010831,Semi-Critical
TAMILNADU,THOOTHUKUDI,SRIVAIKUNDAM,TALUK,43008.09,5965.96,5369.35,1593.56,29.67882518,safe
TAMILNADU,THOOTHUKUDI,THOOTHUKUDI,TALUK,30951.6,3315.96,2984.35,544.29,18.23814231,safe
TAMILNADU,THOOTHUKUDI,TIRUCHENDUR,TALUK,33420.335,5722.06,5149.86,3044.93,59.12646169,safe
TAMILNADU,THOOTHUKUDI,VILATHIKULAM,TALUK,86487.32,7585.89,6827.31,919.12,13.4624032,safe
TAMILNADU,TIRUCHIRAPPALLI,LALGUDI,TALUK,57876.24,21133.82,19020.42,5960.14,31.3354805,safe
TAMILNADU,TIRUCHIRAPPALLI,MANAPPARAI,TALUK,53932.82,6910.94,6219.84,9402.35,151.1670718,Over-Exploited
TAMILNADU,TIRUCHIRAPPALLI,MANNACHANALLUR,TALUK,37062.54,4918.67,4426.8,3738.63,84.4544592,Semi-Critical
TAMILNADU,TIRUCHIRAPPALLI,MARUNGAPURI,TALUK,37985.4,4642.43,4178.19,4947.27,118.4070136,Over-Exploited
TAMILNADU,TIRUCHIRAPPALLI,MUSIRI,TALUK,63565.48,9266.31,8339.66,10581.25,126.8786737,Over-Exploited
TAMILNADU,TIRUCHIRAPPALLI,SRIRANGAM,TALUK,31415.88,8308.68,7477.82,4238.86,56.68577206,safe
TAMILNADU,TIRUCHIRAPPALLI,THIRUCHIRAPALLI-EAST,TALUK,4299.75,379.34,341.41,81.06,23.74271404,safe
TAMILNADU,TIRUCHIRAPPALLI,THIRUCHIRAPALLI-WEST,TALUK,6845.985,778.67,700.8,136.12,19.42351598,safe
TAMILNADU,TIRUCHIRAPPALLI,THIRUVERUMBUR,TALUK,26578.51,8550.96,7695.87,151.23,1.965079971,safe
TAMILNADU,TIRUCHIRAPPALLI,THOTTIAM,TALUK,27725,6157.18,5541.46,3654.19,65.94272989,safe
TAMILNADU,TIRUCHIRAPPALLI,THURAIYUR,TALUK,56322.2,9072.22,8165,10426.59,127.6985915,Over-Exploited
TAMILNADU,TIRUNELVELI,AMBASAMUDRAM,TALUK,14524.84,10090.28,9081.25,460.74,5.073530626,safe
TAMILNADU,TIRUNELVELI,CHERANMAHADEVI,TALUK,28443.83,12338.96,11108.33,2106.87,18.96657733,safe
TAMILNADU,TIRUNELVELI,MANUR,TALUK,36248.83,8232.47,7409.21,6038.04,81.49370851,Semi-Critical
TAMILNADU,TIRUNELVELI,NANGUNERI,TALUK,60552.94,15691.6,14122.42,7751.54,54.88818489,safe
TAMILNADU,TIRUNELVELI,PALAYANKOTTAI,TALUK,30509.19,8654.3,7788.86,2007.81,25.77797008,safe
TAMILNADU,TIRUNELVELI,RADHAPURAM,TALUK,73361.23,13990.56,12591.48,8495.22,67.46800217,safe
TAMILNADU,TIRUNELVELI,THIRUNELVELI,TALUK,34600.5,10141.84,9238.89,2772.61,30.01020685,safe
TAMILNADU,TIRUNELVELI,TISAIYANVILAI,TALUK,26145.94,4334.92,3901.43,3233.69,82.88473713,Semi-Critical
TAMILNADU,TIRUPATHUR,AMBUR,TALUK,26145.465,3765.72,3389.15,5074.03,149.7139401,Over-Exploited
TAMILNADU,TIRUPATHUR,NATRAMPALLI,TALUK,24067.935,1577.46,1419.72,2335.75,164.5218776,Over-Exploited
TAMILNADU,TIRUPATHUR,TIRUPATTUR,TALUK,48691.34,4979.15,4481.24,6300.31,140.5930055,Over-Exploited
TAMILNADU,TIRUPATHUR,VANIYAMBADI,TALUK,21931.925,1901.07,1710.96,2770.07,161.9015056,Over-Exploited
TAMILNADU,TIRUPPUR,AVINASHI,TALUK,44663.34,3535.6,3205.58,3124.39,97.46722902,Critical
TAMILNADU,TIRUPPUR,DHARAPURAM,TALUK,136484.43,15593.81,14034.4,12104.72,86.25035627,Semi-Critical
TAMILNADU,TIRUPPUR,KANGEYAM,TALUK,84269.85,7722.56,6950.3,6682.22,96.14290031,Critical
TAMILNADU,TIRUPPUR,MADATHUKKULAM,TALUK,22695.69,6908.16,6217.35,4465.63,71.82529534,Semi-Critical
TAMILNADU,TIRUPPUR,PALLADAM,TALUK,48838.92,4783.22,4415.59,5329,120.6860238,Over-Exploited
TAMILNADU,TIRUPPUR,TIRUPPUR NORTH,TALUK,9251,559.43,503.48,446.51,88.68475411,Semi-Critical
TAMILNADU,TIRUPPUR,TIRUPPUR SOUTH,TALUK,28324.63,2908.59,2724.6,2777.92,101.9569845,Over-Exploited
TAMILNADU,TIRUPPUR,UDUMALPET,TALUK,74053.51,16162.88,14546.59,10397.15,71.47482675,Semi-Critical
TAMILNADU,TIRUPPUR,UTHUKKULI,TALUK,22809.5,2368.66,2185.16,2341.47,107.1532519,Over-Exploited
TAMILNADU,TIRUVALLUR,AVADI,TALUK,18251.355,4489.25,4121.7,3458.27,83.90397166,Semi-Critical
TAMILNADU,TIRUVALLUR,GUMMUDIPOONDI,TALUK,39826.8,13319.52,11987.56,4254.51,35.49104238,safe
TAMILNADU,TIRUVALLUR,PALLIPATTU,TALUK,13143,2243.38,2019.04,1350.71,66.89862509,safe
TAMILNADU,TIRUVALLUR,PONNERI,TALUK,65759.4,17548.78,16019.49,6491.12,40.5201414,safe
TAMILNADU,TIRUVALLUR,POONAMALLEE,TALUK,12067.82,4165.44,3858.8,2611.42,67.67440655,safe
TAMILNADU,TIRUVALLUR,RK PETTAI,TALUK,15162.84,2898.93,2609.04,2346.87,89.95147641,Semi-Critical
TAMILNADU,TIRUVALLUR,TIRUTTANI,TALUK,43179.805,9755.91,8820.57,6049.23,68.58094205,safe
TAMILNADU,TIRUVALLUR,TIRUVALLUR,TALUK,63200.755,20420.09,18855.56,10993.43,58.30338638,safe
TAMILNADU,TIRUVALLUR,UTHUKKOTTAI,TALUK,33627.16,11277.52,10264.78,5562.37,54.18888666,safe
TAMILNADU,TIRUVANNAMALAI,ARNI,TALUK,38356.02,10546.25,9604.28,7460.41,77.67797274,Semi-Critical
TAMILNADU,TIRUVANNAMALAI,CHENGAM,TALUK,53093.755,9192.52,8341.39,9818.65,117.709998,Over-Exploited
TAMILNADU,TIRUVANNAMALAI,CHETPET,TALUK,32088.935,8467.33,7620.58,6467.93,84.87451086,Semi-Critical
TAMILNADU,TIRUVANNAMALAI,CHEYYAR,TALUK,51104.775,17076.79,15369.1,9114.66,59.30509919,safe
TAMILNADU,TIRUVANNAMALAI,JAMUNAMARATHUR,TALUK,12479.875,1305.65,1175.08,851.16,72.43421724,Semi-Critical
TAMILNADU,TIRUVANNAMALAI,KALASAPAKKAM,TALUK,22181.765,9596,8636.39,7029.26,81.39118312,Semi-Critical
TAMILNADU,TIRUVANNAMALAI,KILPENNATHUR,TALUK,36653.47,6876.43,6188.79,5647.64,91.25596441,Critical
TAMILNADU,TIRUVANNAMALAI,POLUR,TALUK,38863.74,13284.54,11956.07,9905.84,82.85197393,Semi-Critical
TAMILNADU,TIRUVANNAMALAI,THANDRAMPET,TALUK,39378.68,5096.67,4586.98,4645.62,101.278401,Over-Exploited
TAMILNADU,TIRUVANNAMALAI,TIRUVANNAMALAI,TALUK,51491.85,11689.85,10520.87,8673.66,82.44242159,Semi-Critical
TAMILNADU,TIRUVANNAMALAI,VANDAVASI,TALUK,68928.31,16222.4,14600.15,13915.08,95.30778793,Critical
TAMILNADU,TIRUVANNAMALAI,VEMBAKKAM,TALUK,32723.38,13641.09,12276.98,5387.51,43.88302335,safe
TAMILNADU,VELLORE,ANAIKKATTU,TALUK,31140.775,5063.71,4605.61,6069.66,131.7884059,Over-Exploited
TAMILNADU,VELLORE,GUDIYATTAM,TALUK,24975.095,3351.29,3016.16,4173.9,138.3845685,Over-Exploited
TAMILNADU,VELLORE,K V KUPPAM,TALUK,16769.6,1950.68,1827.27,2338.75,127.9914846,Over-Exploited
TAMILNADU,VELLORE,KATPADI,TALUK,27473.125,4774.5,4297.04,3178.36,73.96626515,Semi-Critical
TAMILNADU,VELLORE,PERNAMBUT,TALUK,12800.065,1599.83,1439.86,1655.31,114.9632603,Over-Exploited
TAMILNADU,VELLORE,VELLORE,TALUK,20152.65,3821.58,3445.35,3544.96,102.8911431,Over-Exploited
TAMILNADU,VILLUPURAM,GINGEE,TALUK,59840.05,18534.2,16680.78,17248.53,103.4036178,Over-Exploited
TAMILNADU,VILLUPURAM,KANDACHIPURAM,TALUK,23736.98,6258.58,5632.72,3667.63,65.11294721,safe
TAMILNADU,VILLUPURAM,MARAKKANAM,TALUK,28596.05,6797.14,6117.42,5948.86,97.24459004,Critical
TAMILNADU,VILLUPURAM,MELMALAIYANAUR,TALUK,34374.06,10044.73,9040.25,9073.5,100.3677996,Over-Exploited
TAMILNADU,VILLUPURAM,TINDIVANAM,TALUK,72172.58,18153.95,16546.48,9807.67,59.27345272,safe
TAMILNADU,VILLUPURAM,TIRUVENNAINALLUR,TALUK,23617.965,7922.56,7130.3,8281.15,116.1402746,Over-Exploited
TAMILNADU,VILLUPURAM,VANUR,TALUK,45487.02,12668.59,11401.72,9199.54,80.68554569,Semi-Critical
TAMILNADU,VILLUPURAM,VIKKIRAVANDI,TALUK,46389.79,12731.11,11458,12101.02,105.6119742,Over-Exploited
TAMILNADU,VILLUPURAM,VILLUPURAM,TALUK,43014.24,12331.03,11097.92,8559.67,77.12859707,Semi-Critical
TAMILNADU,VIRUDHUNAGAR,ARUPPUKOTTAI,TALUK,63205.01,5781.13,5258.94,2070.01,39.36173449,safe
TAMILNADU,VIRUDHUNAGAR,KARIYAPATTI,TALUK,39895,7123.57,6444.9,2129.77,33.04581917,safe
TAMILNADU,VIRUDHUNAGAR,RAJAPALAYAM,TALUK,34774.66,11381.47,10243.34,7693.7,75.10929052,Semi-Critical
TAMILNADU,VIRUDHUNAGAR,SATTUR,TALUK,41496.46,5318.49,4823.57,1988.78,41.23045794,safe
TAMILNADU,VIRUDHUNAGAR,SIVAKASI,TALUK,46658.84,5384.34,4845.91,3566.89,73.60619574,Semi-Critical
TAMILNADU,VIRUDHUNAGAR,SRIVLLIPUTHUR,TALUK,23433.62,5915.53,5433.38,4301.53,79.16858383,Semi-Critical
TAMILNADU,VIRUDHUNAGAR,TIRUCHULI,TALUK,51251.91,11700.3,10530.28,1381.5,13.11930927,safe
TAMILNADU,VIRUDHUNAGAR,VARATTIRAYIRUPPU,TALUK,25852.61,6513.64,5862.26,4849.92,82.73123335,Semi-Critical
TAMILNADU,VIRUDHUNAGAR,VEMBAKOTTAI,TALUK,37837.59,5223.12,4834.34,4360.98,90.20838418,Critical
TAMILNADU,VIRUDHUNAGAR,VIRUDHUNAGAR,TALUK,35783.34,3646.43,3336.53,2622.04,78.58583618,Semi-Critical
TELANGANA,ADILABAD,ADILABAD RURAL,MANDAL,26199.6,7924.228974,7158.9,1287.43,17.98362877,safe
TELANGANA,ADILABAD,ADILABAD URBAN,MANDAL,2588,246.6768068,222.49,433.99,195.0604522,Over-Exploited
TELANGANA,ADILABAD,BAZARHATHNOOR,MANDAL,22947.4,2722.104762,2459.16,1255.71,51.06255795,safe
TELANGANA,ADILABAD,BELA,MANDAL,22174.9,6434.111789,5801.16,1058.92,18.25359066,safe
TELANGANA,ADILABAD,BHEEMPOOR,MANDAL,18583.4,5871.134352,5306.38,867.63,16.35069482,safe
TELANGANA,ADILABAD,BOATH,MANDAL,30738.1,4449.111805,4048.24,2134.47,52.72587594,safe
TELANGANA,ADILABAD,GADIGUDA,MANDAL,22147.3,3042.982808,2743.05,537.23,19.58513334,safe
TELANGANA,ADILABAD,GUDIHATHNUR,MANDAL,13960,1465.717121,1321.32,661.84,50.08930463,safe
TELANGANA,ADILABAD,ICHODA,MANDAL,25261.2,2960.879923,2674.13,1285.69,48.07881442,safe
TELANGANA,ADILABAD,INDERAVELLY,MANDAL,25823,2706.625415,2439.38,1030.13,42.22917299,safe
TELANGANA,ADILABAD,JAINAD,MANDAL,29762.9,20396.91565,18396.57,1935.56,10.52130914,safe
TELANGANA,ADILABAD,MAVALA,MANDAL,4310,410.8102926,370.52,340.45,91.88437871,Critical
TELANGANA,ADILABAD,NARNOOR,MANDAL,18578,1433.23375,1289.87,834,64.65767868,safe
TELANGANA,ADILABAD,NERADIGONDA,MANDAL,26568.9,3004.266458,2722.12,1647.49,60.52231349,safe
TELANGANA,ADILABAD,SIRIKONDA,MANDAL,19338.6,2199.413158,1985,639.47,32.21511335,safe
TELANGANA,ADILABAD,TALAMADUGU,MANDAL,25807,2459.810028,2218.56,1041.83,46.95973965,safe
TELANGANA,ADILABAD,TAMSI,MANDAL,12240.2,2508.970671,2266.55,661.81,29.19900289,safe
TELANGANA,ADILABAD,UTNUR,MANDAL,33920,3659.706232,3298.68,1217.42,36.90627766,safe
TELANGANA,BHADRADRI KOTHAGUDEM,ALLAPALLI,MANDAL,56132.65,6070.188993,5489.29,341.36,6.218654872,safe
TELANGANA,BHADRADRI KOTHAGUDEM,ANNAPUREDDIPALLE,MANDAL,16043.6,5174.754681,4665.31,997.5,21.38121582,safe
TELANGANA,BHADRADRI KOTHAGUDEM,ASWAPURAM,MANDAL,31605.55,4076.372304,3784.93,480.22,12.68768511,safe
TELANGANA,BHADRADRI KOTHAGUDEM,ASWARAOPETA,MANDAL,51323.75,7602.01554,6842.28,2993.32,43.74740584,safe
TELANGANA,BHADRADRI KOTHAGUDEM,BHADRACHALAM,MANDAL,786.6,95.1,85.59,42.82,50.02920902,safe
TELANGANA,BHADRADRI KOTHAGUDEM,BURGAMPADU,MANDAL,27805.55,4153.07948,3838.55,751.99,19.59047036,safe
TELANGANA,BHADRADRI KOTHAGUDEM,CHANDRUGONDA,MANDAL,14177.41281,2620.500621,2396.24,1258.49,52.51936367,safe
TELANGANA,BHADRADRI KOTHAGUDEM,CHERLA,MANDAL,51619.32569,9174.014389,8256.51,570.38,6.908245736,safe
TELANGANA,BHADRADRI KOTHAGUDEM,CHUNCHUPALLY,MANDAL,11482.02432,1674.307668,1543.77,1265.96,82.00444367,Semi-Critical
TELANGANA,BHADRADRI KOTHAGUDEM,DAMMAPETA,MANDAL,42486.87316,8150.87446,7495.73,5381.52,71.79447499,Semi-Critical
TELANGANA,BHADRADRI KOTHAGUDEM,DUMMUGUDEM,MANDAL,41656.07377,7747.635611,6973.77,417.06,5.980409449,safe
TELANGANA,BHADRADRI KOTHAGUDEM,GUNDALA,MANDAL,69139.73261,7163.90888,6447.49,566.76,8.790397504,safe
TELANGANA,BHADRADRI KOTHAGUDEM,JULURPAD,MANDAL,22316.2481,3254.153124,3000.45,1657.05,55.22671599,safe
TELANGANA,BHADRADRI KOTHAGUDEM,KARAKAGUDEM,MANDAL,28113.00571,5023.238393,4520.91,572.14,12.65541672,safe
TELANGANA,BHADRADRI KOTHAGUDEM,KOTHAGUDEM,MANDAL,1563.563682,227.9987037,210.22,127.34,60.5746361,safe
TELANGANA,BHADRADRI KOTHAGUDEM,LAXMIDEVIPALLI,MANDAL,27086.13613,2953.395049,2663.6,824.08,30.93857937,safe
TELANGANA,BHADRADRI KOTHAGUDEM,MANUGURU,MANDAL,22771.82296,2656.824908,2395.48,1489.44,62.17710021,safe
TELANGANA,BHADRADRI KOTHAGUDEM,MULAKALAPALLE,MANDAL,52440.31888,12516.6183,11329.8,1768.3,15.60751293,safe
TELANGANA,BHADRADRI KOTHAGUDEM,PALAWANCHA,MANDAL,35041.58812,5550.875603,5059.8,1008.22,19.92608403,safe
TELANGANA,BHADRADRI KOTHAGUDEM,PINAPAKA,MANDAL,20329.78792,4421.909216,3980.13,1515.69,38.08141945,safe
TELANGANA,BHADRADRI KOTHAGUDEM,SUJATHANAGAR,MANDAL,9794.282851,1428.201371,1316.84,981.78,74.55575469,Semi-Critical
TELANGANA,BHADRADRI KOTHAGUDEM,TEKULAPALLE,MANDAL,38509.33939,2917.285656,2669.85,1172.43,43.91370302,safe
TELANGANA,BHADRADRI KOTHAGUDEM,YELLANDU,MANDAL,38618.13912,3010.69,2709.6,1603.65,59.1840124,safe
TELANGANA,HANUMAKONDA,ATMAKUR,MANDAL,9570.933165,3890.799157,3512.02,1689.92,48.118177,safe
TELANGANA,HANUMAKONDA,BHEEMADEVARAPALLE,MANDAL,13331.4616,2647.290132,2386.65,2183.11,91.47172815,Critical
TELANGANA,HANUMAKONDA,DAMERA,MANDAL,8523.616446,3465.041403,3127.71,1603.2,51.25794911,safe
TELANGANA,HANUMAKONDA,DHARMASAGAR,MANDAL,16260.04,2858.075751,2619.66,2252.89,85.99932816,Semi-Critical
TELANGANA,HANUMAKONDA,ELKATHURTHI,MANDAL,12008.68,4075.001717,3670.1,2122.82,57.84093076,safe
TELANGANA,HANUMAKONDA,HANAMKONDA,MANDAL,4556.51,1099.882991,993.26,635.08,63.93894851,safe
TELANGANA,HANUMAKONDA,HASANPARTHY,MANDAL,15505.84,4316.254784,3890.42,1948.31,50.07968291,safe
TELANGANA,HANUMAKONDA,INOLE,MANDAL,15792.56,3220.220026,2942.33,2138.82,72.69137044,Semi-Critical
TELANGANA,HANUMAKONDA,KAMALAPUR,MANDAL,16853.22,9186.339276,8268.09,4155.05,50.254049,safe
TELANGANA,HANUMAKONDA,KHAZIPET,MANDAL,10395.63,1550.359599,1408.97,1019.12,72.33085162,Semi-Critical
TELANGANA,HANUMAKONDA,NADIKUDA,MANDAL,9260.06,3764.422237,3397.94,2175.8,64.03291406,safe
TELANGANA,HANUMAKONDA,PARKAL,MANDAL,7428.251,3019.750763,2725.78,1725.43,63.30041309,safe
TELANGANA,HANUMAKONDA,SHAYAMPET,MANDAL,11271.3,4582.036441,4135.94,1940.53,46.91871739,safe
TELANGANA,HANUMAKONDA,VELAIR,MANDAL,9726.74,1734.975724,1601.43,1329.44,83.01580462,Semi-Critical
TELANGANA,HYDERABAD,AMBERPET,MANDAL,1169,346.3603921,311.72,303.73,97.43680226,Critical
TELANGANA,HYDERABAD,AMMERPET,MANDAL,329,97.47867322,87.73,93.5,106.5769976,Over-Exploited
TELANGANA,HYDERABAD,ASIFNAGAR,MANDAL,1262,373.9151538,336.52,389.16,115.6424581,Over-Exploited
TELANGANA,HYDERABAD,BAHADURPURA,MANDAL,1019,301.917228,271.73,225.49,82.98310823,Semi-Critical
TELANGANA,HYDERABAD,BANDLAGUDA,MANDAL,2660,788.125443,709.31,621.73,87.65278933,Semi-Critical
TELANGANA,HYDERABAD,CHARMINAR,MANDAL,378,111.9967735,100.8,152.49,151.2797619,Over-Exploited
TELANGANA,HYDERABAD,GOLKONDA,MANDAL,908,269.0292866,242.13,298.25,123.1776319,Over-Exploited
TELANGANA,HYDERABAD,HIMAYATNAGAR,MANDAL,652,193.1796199,173.86,180.02,103.5430806,Over-Exploited
TELANGANA,HYDERABAD,KHAIRATABAD,MANDAL,1477,437.6170223,393.85,385.07,97.7707249,Critical
TELANGANA,HYDERABAD,MAREDPALLY,MANDAL,1134,335.9903204,302.39,273.41,90.41634975,Critical
TELANGANA,HYDERABAD,MUSHEERABAD,MANDAL,1017,301.3246525,271.19,237.81,87.69128655,Semi-Critical
TELANGANA,HYDERABAD,NAMPALLY,MANDAL,1071,317.3241915,285.59,258.76,90.60541335,Critical
TELANGANA,HYDERABAD,SAIDABAD,MANDAL,1073,317.9167671,286.12,334.41,116.8775339,Over-Exploited
TELANGANA,HYDERABAD,SECUNDERABAD,MANDAL,1072,317.6204793,285.86,264.82,92.63975373,Critical
TELANGANA,HYDERABAD,SHAIKPET,MANDAL,2548,754.9412138,679.45,648.54,95.45073221,Critical
TELANGANA,HYDERABAD,TIRUMALGIRI,MANDAL,4013,1189.002783,1070.1,770.5,72.00261658,Semi-Critical
TELANGANA,JAGTIAL,BEERPUR,MANDAL,13674,2308.472801,2077.62,470.59,22.65043656,safe
TELANGANA,JAGTIAL,BHEEMARAM,MANDAL,9451,1231.112479,1134.05,794.01,70.01543142,Semi-Critical
TELANGANA,JAGTIAL,BUGGARAM,MANDAL,7260.4,1726.248885,1557.04,676.63,43.45617325,safe
TELANGANA,JAGTIAL,DHARMAPURI,MANDAL,15087,3843.973062,3459.56,671.38,19.40651412,safe
TELANGANA,JAGTIAL,ENDAPALLI,MANDAL,9897.26,2728.701024,2455.82,839.89,34.19998208,safe
TELANGANA,JAGTIAL,GOLLAPALLE,MANDAL,14708.65,3572.047324,3217.13,1419.06,44.10950133,safe
TELANGANA,JAGTIAL,IBRAHIMPATNAM,MANDAL,14345.9,2819.631452,2547.27,1273.8,50.00647752,safe
TELANGANA,JAGTIAL,JAGITYAL_RURAL,MANDAL,15106,3542.994085,3195.41,1801.55,56.37930657,safe
TELANGANA,JAGTIAL,JAGTIAL,MANDAL,5595,1330.279669,1199.88,373.7,31.14478114,safe
TELANGANA,JAGTIAL,KATHLAPUR,MANDAL,14445.2,2244.456524,2080.57,1603.44,77.06734212,Semi-Critical
TELANGANA,JAGTIAL,KODIMIAL,MANDAL,13219.14,1995.6,1819.54,1179.42,64.8196797,safe
TELANGANA,JAGTIAL,KORATLA,MANDAL,13024,3872.340076,3485.1,1638.99,47.02849273,safe
TELANGANA,JAGTIAL,MALIAL,MANDAL,11560,2094.702447,1897.99,1220.25,64.29169806,safe
TELANGANA,JAGTIAL,MALLAPUR,MANDAL,18417,3778.121112,3410.54,1454.59,42.64984431,safe
TELANGANA,JAGTIAL,MEDIPALLE,MANDAL,9228,1586.995239,1434.71,835.11,58.20758202,safe
TELANGANA,JAGTIAL,METPALLE,MANDAL,18970,3531.57626,3189.98,1708.26,53.55080596,safe
TELANGANA,JAGTIAL,PEGADAPALLE,MANDAL,12750.28,3069.293945,2762.37,1185.21,42.9055485,safe
TELANGANA,JAGTIAL,RAIKAL,MANDAL,25666,4400.16591,3961.33,1551.06,39.15503126,safe
TELANGANA,JAGTIAL,SARANGAPUR,MANDAL,12321,2464.038728,2219.79,840.94,37.88376378,safe
TELANGANA,JAGTIAL,VELGATOOR,MANDAL,11989.49,3197.308979,2878.31,553.83,19.24149935,safe
TELANGANA,JANGAON,BACHANNAPETA,MANDAL,21170,3852.430836,3516.17,2130.09,60.57983545,safe
TELANGANA,JANGAON,CHILPUR,MANDAL,15356,3268.753254,2947.11,1722.34,58.4416598,safe
TELANGANA,JANGAON,DEVARUPPALA,MANDAL,22309,4230.270168,3921.38,1902.38,48.51302348,safe
TELANGANA,JANGAON,GANPUR_STN,MANDAL,16553,3615.978026,3285.11,1572.67,47.87267397,safe
TELANGANA,JANGAON,JANGAON,MANDAL,17826,2797.834653,2594.12,2283.32,88.01905849,Semi-Critical
TELANGANA,JANGAON,KODAKANDLA,MANDAL,11481,1780.188189,1648.38,1124.08,68.19301375,safe
TELANGANA,JANGAON,LINGALAGHANPUR,MANDAL,18258,3247.225677,2974.98,1707.88,57.40811703,safe
TELANGANA,JANGAON,NARMETTA,MANDAL,12237,2220.918834,2021.55,1060.71,52.4701343,safe
TELANGANA,JANGAON,PALAKURTHI,MANDAL,24718,4456.276349,4086.98,2272.79,55.61049968,safe
TELANGANA,JANGAON,RAGHUNATHPALLE,MANDAL,25884,5313.032132,4853.99,2220.92,45.7545236,safe
TELANGANA,JANGAON,THARIGOPPULA,MANDAL,8761,1555.610959,1428.86,828.26,57.96649077,safe
TELANGANA,JANGAON,ZAFFERGADH,MANDAL,16160,3278.570923,3086.18,1705.01,55.24661556,safe
TELANGANA,JAYASHANKAR BHUPALAPALLY,BHUPALPALLE,MANDAL,23072.89,4883.952267,4415.79,2550.5,57.75863436,safe
TELANGANA,JAYASHANKAR BHUPALAPALLY,CHITYAL,MANDAL,20278.1,5609.66855,5067.09,1475.48,29.11888283,safe
TELANGANA,JAYASHANKAR BHUPALAPALLY,GHANAPUR_MULUG,MANDAL,13755.4,4048.770284,3643.87,1297.24,35.60061144,safe
TELANGANA,JAYASHANKAR BHUPALAPALLY,KATARAM,MANDAL,18404.37,2687.130756,2459.26,1210.15,49.2078918,safe
TELANGANA,JAYASHANKAR BHUPALAPALLY,MAHADEVPUR,MANDAL,18236.5,2757.214919,2545.68,1394.28,54.77043462,safe
TELANGANA,JAYASHANKAR BHUPALAPALLY,MALHARRAO,MANDAL,25239,3090.341428,2797.87,1837.76,65.68425266,safe
TELANGANA,JAYASHANKAR BHUPALAPALLY,MOGULLAPALLE,MANDAL,11595.63,3370.060483,3093.5,1954.77,63.18959108,safe
TELANGANA,JAYASHANKAR BHUPALAPALLY,MUTHARAM_MAHADEVPUR,MANDAL,58156,6746.506666,6122.25,647.06,10.56899016,safe
TELANGANA,JAYASHANKAR BHUPALAPALLY,PALMELA,MANDAL,7574.23,1222.135049,1100.16,449.15,40.82587987,safe
TELANGANA,JAYASHANKAR BHUPALAPALLY,REGONDA,MANDAL,22986,7189.62253,6513.37,1125.63,17.28183721,safe
TELANGANA,JAYASHANKAR BHUPALAPALLY,TEKUMATLA,MANDAL,11222.11,3001.009678,2728.91,1675.04,61.3812841,safe
TELANGANA,JOGULAMBA GADWAL,AIZA,MANDAL,27602.38,6087.170362,5499.25,999.59,18.1768423,safe
TELANGANA,JOGULAMBA GADWAL,ALAMPUR,MANDAL,21104,3018.201163,2719.71,375.71,13.8143405,safe
TELANGANA,JOGULAMBA GADWAL,DHARUR,MANDAL,22705.37,6893.63103,6204.22,1427.15,23.00289158,safe
TELANGANA,JOGULAMBA GADWAL,GADWAL,MANDAL,30381.95,7134.603284,6429.61,919.94,14.30786626,safe
TELANGANA,JOGULAMBA GADWAL,GHATTU,MANDAL,26759.95,5870.047501,5294.23,1701.74,32.14329563,safe
TELANGANA,JOGULAMBA GADWAL,ITIKYAL,MANDAL,30414,4673.318551,4244.69,886.34,20.88114798,safe
TELANGANA,JOGULAMBA GADWAL,KALOOR_TIMMANADODDI,MANDAL,17624.1,1782.084791,1605.81,1258.24,78.35547169,Semi-Critical
TELANGANA,JOGULAMBA GADWAL,MALDAKAL,MANDAL,23650.15,5040.852809,4571.87,1640.92,35.89165921,safe
TELANGANA,JOGULAMBA GADWAL,MANOPAD,MANDAL,16538,2500.832906,2253.78,338.67,15.02675505,safe
TELANGANA,JOGULAMBA GADWAL,RAJOLI,MANDAL,13523,3485.128956,3136.61,498.37,15.88880989,safe
TELANGANA,JOGULAMBA GADWAL,UNDAVELLI,MANDAL,17088,2996.343368,2701.24,567.2,20.99776399,safe
TELANGANA,JOGULAMBA GADWAL,WADDEPALLE,MANDAL,12978,2425.855279,2183.51,749.56,34.32821466,safe
TELANGANA,KAMAREDDY,BANSWADA,MANDAL,13871.28745,5906.787336,5342.63,1357.6,25.41070596,safe
TELANGANA,KAMAREDDY,BHIKNUR,MANDAL,13936.08121,2837.243645,2554.63,1705.8,66.77287905,safe
TELANGANA,KAMAREDDY,BIBIPET,MANDAL,7647.116336,1539.873114,1386.61,1007.31,72.64551676,Semi-Critical
TELANGANA,KAMAREDDY,BICHKUNDA,MANDAL,19859.17297,3282.967682,2991.66,1635.26,54.6606232,safe
TELANGANA,KAMAREDDY,BIRKOOR,MANDAL,7875.690813,4085.51323,3676.94,1629.69,44.32190898,safe
TELANGANA,KAMAREDDY,DOMAKONDA,MANDAL,6571.858692,1184.746598,1066.53,779.28,73.06686169,Semi-Critical
TELANGANA,KAMAREDDY,DONGLI,MANDAL,8303.732921,975.9582458,886.05,565.67,63.84176965,safe
TELANGANA,KAMAREDDY,GANDHARI,MANDAL,31017.84681,5459.798123,4968.66,2190.51,44.0865344,safe
TELANGANA,KAMAREDDY,JUKKAL,MANDAL,20405.91947,2599.497674,2383.27,657.15,27.57345999,safe
TELANGANA,KAMAREDDY,KAMAREDDY,MANDAL,12796.57183,2204.190334,1983.79,1398.59,70.50090987,Semi-Critical
TELANGANA,KAMAREDDY,LINGAMPET,MANDAL,23936.2309,4677.653003,4252.58,2345.69,55.15922099,safe
TELANGANA,KAMAREDDY,MACHAREDDY,MANDAL,14038.97058,2242.052856,2017.84,1240.24,61.46374341,safe
TELANGANA,KAMAREDDY,MADNUR,MANDAL,14516.30232,1739.670994,1584.51,531.4,33.53718184,safe
TELANGANA,KAMAREDDY,NAGA_REDDIPET,MANDAL,12877.39705,2594.367936,2463.28,1292,52.45039135,safe
TELANGANA,KAMAREDDY,NASURULLABAD,MANDAL,9153.354512,4373.842846,3936.46,1194.82,30.35265188,safe
TELANGANA,KAMAREDDY,NIZAMSAGAR,MANDAL,15135.36914,3854.339615,3483.34,1168.86,33.55572525,safe
TELANGANA,KAMAREDDY,PALVANCHA,MANDAL,8338.843616,1414.159736,1272.74,923.47,72.55763157,Semi-Critical
TELANGANA,KAMAREDDY,PEDDA KODAPGAL,MANDAL,9061.936804,1458.398146,1320.93,594.21,44.98421567,safe
TELANGANA,KAMAREDDY,PITLAM,MANDAL,18010.05503,3603.311831,3248.32,1445.07,44.4866885,safe
TELANGANA,KAMAREDDY,RAJAMPET,MANDAL,11481.08069,1846.834008,1662.35,1072.63,64.52491954,safe
TELANGANA,KAMAREDDY,RAMAREDDY,MANDAL,15930.85876,2750.553977,2475.5,1435.37,57.98303373,safe
TELANGANA,KAMAREDDY,SADASIVANAGAR,MANDAL,18733.59624,3394.525775,3055.1,2003.47,65.57788616,safe
TELANGANA,KAMAREDDY,TADWAI,MANDAL,16628.71089,2539.20262,2285.28,1299.72,56.87355598,safe
TELANGANA,KAMAREDDY,YELLAREDDY,MANDAL,18703.62406,3784.520674,3507.54,1683.42,47.99432081,safe
TELANGANA,KARIMNAGAR,CHIGURUMAMIDI,MANDAL,14691.8,6885.569449,6201.82,1885.7,30.40559062,safe
TELANGANA,KARIMNAGAR,CHOPPADANDI,MANDAL,13688.3,4962.734909,4499.57,2146.64,47.70766984,safe
TELANGANA,KARIMNAGAR,ELLANDAKUNTA,MANDAL,9149.18,5257.721492,4733.85,1306.73,27.60395872,safe
TELANGANA,KARIMNAGAR,GANGADHARA,MANDAL,12975.9,3340.896423,3073.24,2066.67,67.24726998,safe
TELANGANA,KARIMNAGAR,GANNERVARAM,MANDAL,12908,4731.58,4388.54,1351.16,30.78837153,safe
TELANGANA,KARIMNAGAR,HUZURABAD,MANDAL,13108.98,7407.005544,6675.79,1972.05,29.54032407,safe
TELANGANA,KARIMNAGAR,JAMMIKUNTA,MANDAL,13005,7666.63749,6901.15,1491.73,21.61567275,safe
TELANGANA,KARIMNAGAR,KARIMNAGAR,MANDAL,3550.8,511.0925502,459.98,28.92,6.28722988,safe
TELANGANA,KARIMNAGAR,KARIMNAGAR_RURAL,MANDAL,11066.7,5289.100146,4765.17,1142.44,23.97480048,safe
TELANGANA,KARIMNAGAR,KOTHAPALLE,MANDAL,9686.3,2460.83926,2214.73,796.76,35.97549137,safe
TELANGANA,KARIMNAGAR,MANAKONDUR,MANDAL,20629,12064.37875,10865.76,2297.83,21.1474393,safe
TELANGANA,KARIMNAGAR,RAMADUGU,MANDAL,13266,2524.029939,2365.44,1733.43,73.28150365,Semi-Critical
TELANGANA,KARIMNAGAR,SHANKARAPATNAM,MANDAL,14365,8957.040857,8062.61,1834.3,22.75069735,safe
TELANGANA,KARIMNAGAR,THIMMAPUR,MANDAL,15783,6997.876303,6321.44,1023.43,16.18982384,safe
TELANGANA,KARIMNAGAR,V_SAIDAPUR,MANDAL,14099.16,6595.048532,5951.9,756.08,12.70317042,safe
TELANGANA,KARIMNAGAR,VEENAVANKA,MANDAL,14723,9175.411584,8261.84,1998.3,24.18710602,safe
TELANGANA,KHAMMAM,BONAKAL,MANDAL,15906.0274,6516.770931,5865.09,869.08,14.81784593,safe
TELANGANA,KHAMMAM,CHINTHAKANI,MANDAL,18127.3564,6921.332142,6229.96,1558.99,25.0240772,safe
TELANGANA,KHAMMAM,ENKURU,MANDAL,18654.0592,4637.271105,4179.2,1698.79,40.64868874,safe
TELANGANA,KHAMMAM,KALLURU,MANDAL,24042.7568,12259.46848,11037.75,1831.31,16.59133428,safe
TELANGANA,KHAMMAM,KAMEPALLE,MANDAL,18787.5898,2307.440866,2107.16,1169.99,55.52449743,safe
TELANGANA,KHAMMAM,KHAMMAM_RURAL,MANDAL,19220.0265,5459.199394,4936.97,2117.22,42.88500842,safe
TELANGANA,KHAMMAM,KHAMMAM_URBAN,MANDAL,9084.5356,2445.793836,2204.57,619.13,28.08393474,safe
TELANGANA,KHAMMAM,KONIJERLA,MANDAL,23964.7632,7745.285168,6970.77,1156.61,16.59228464,safe
TELANGANA,KHAMMAM,KUSUMANCHI,MANDAL,21101.038,7462.384472,6804.47,3978.11,58.4631867,safe
TELANGANA,KHAMMAM,MADHIRA,MANDAL,20404.0106,7269.803419,6566.36,1521.97,23.17829056,safe
TELANGANA,KHAMMAM,MUDIGONDA,MANDAL,20170.7599,10692.60076,9623.34,2084.48,21.66067083,safe
TELANGANA,KHAMMAM,NELAKONDAPALLE,MANDAL,18035.7142,15232.43243,13709.18,1984.1,14.47278393,safe
TELANGANA,KHAMMAM,PENUBALLI,MANDAL,29281.6846,4417.983443,4048.4,2332.33,57.61115502,safe
TELANGANA,KHAMMAM,RAGHUNADHAPALEM,MANDAL,18971.7952,3339.566018,3046.88,2408.33,79.04249593,Semi-Critical
TELANGANA,KHAMMAM,SATHUPALLE,MANDAL,26373.8188,9168.265215,8293.23,3371.76,40.65677667,safe
TELANGANA,KHAMMAM,SINGARENI,MANDAL,22781.6778,2581.757475,2355.76,1528.81,64.89667878,safe
TELANGANA,KHAMMAM,THALLADA,MANDAL,20575.1742,9290.976283,8374.78,1499.38,17.90351508,safe
TELANGANA,KHAMMAM,THIRUMALAYAPALEM,MANDAL,23024.575,6102.064673,5598.34,3583.75,64.01451144,safe
TELANGANA,KHAMMAM,VEMSOOR,MANDAL,20584.068,4042.183707,3675.39,2506.43,68.19493986,safe
TELANGANA,KHAMMAM,WYRA,MANDAL,13354.7648,5368.73834,4835.22,775.3,16.0344307,safe
TELANGANA,KHAMMAM,YERRUPALEM,MANDAL,25712.4854,7378.11185,6667.89,2582.07,38.72394416,safe
TELANGANA,KOMARAMBHEEM ASIFABAD,ASIFABAD,MANDAL,32232,7726.136404,6999.12,802.71,11.4687275,safe
TELANGANA,KOMARAMBHEEM ASIFABAD,BEJJUR,MANDAL,25030,4120.963076,3708.87,294.58,7.942580894,safe
TELANGANA,KOMARAMBHEEM ASIFABAD,CHINTALAMANEPALLY,MANDAL,22824,2999.854788,2699.83,474.18,17.56332806,safe
TELANGANA,KOMARAMBHEEM ASIFABAD,DAHEGAON,MANDAL,25605,6347.517114,5713.96,956.7,16.74320436,safe
TELANGANA,KOMARAMBHEEM ASIFABAD,JAINOOR,MANDAL,20370,1809.812621,1629.68,220.56,13.53394531,safe
TELANGANA,KOMARAMBHEEM ASIFABAD,KAGAZNAGAR,MANDAL,20657,4680.835059,4213.06,978.83,23.2332319,safe
TELANGANA,KOMARAMBHEEM ASIFABAD,KERAMERI,MANDAL,26782,2607.56824,2349.46,559.17,23.79993701,safe
TELANGANA,KOMARAMBHEEM ASIFABAD,KOUTHALA,MANDAL,14679,2109.489671,1898.51,491.1,25.86765411,safe
TELANGANA,KOMARAMBHEEM ASIFABAD,LINGAPUR,MANDAL,15522,2819.576932,2566.74,159.16,6.200861794,safe
TELANGANA,KOMARAMBHEEM ASIFABAD,PENCHIKALPET,MANDAL,18418,3580.340449,3222.27,1143.46,35.48616348,safe
TELANGANA,KOMARAMBHEEM ASIFABAD,REBBANA,MANDAL,22290,5478.253949,4931.47,1176.49,23.85678104,safe
TELANGANA,KOMARAMBHEEM ASIFABAD,SIRPUR_T,MANDAL,29189,6001.55634,5401.37,634.95,11.75535096,safe
TELANGANA,KOMARAMBHEEM ASIFABAD,SIRPUR_U,MANDAL,19678,3242.807943,2948.54,216.02,7.326337781,safe
TELANGANA,KOMARAMBHEEM ASIFABAD,TIRYANI,MANDAL,50919,7168.410757,6475.98,338.44,5.226081612,safe
TELANGANA,KOMARAMBHEEM ASIFABAD,WANKDI,MANDAL,32621,5717.081795,5165.43,272,5.265776518,safe
TELANGANA,MAHABUBABAD,BAYYARAM,MANDAL,25367.8849,3634.859861,3271.35,1217.23,37.20879759,safe
TELANGANA,MAHABUBABAD,CHINNAGUDUR,MANDAL,6104.933815,1420.833085,1278.76,600.22,46.93765836,safe
TELANGANA,MAHABUBABAD,DANTHALAPALLE,MANDAL,10296.81743,2087.227066,1878.49,1402.64,74.66848373,Semi-Critical
TELANGANA,MAHABUBABAD,DORNAKAL,MANDAL,13945.43485,2295.857716,2066.27,1310.32,63.41475219,safe
TELANGANA,MAHABUBABAD,GANAGAVARAM,MANDAL,42963.70209,5437.897012,4894.06,984.55,20.11724417,safe
TELANGANA,MAHABUBABAD,GARLA,MANDAL,12647.36518,2188.957988,1970.04,1111.45,56.41763619,safe
TELANGANA,MAHABUBABAD,GUDUR,MANDAL,26521.08569,4094.742577,3685.25,1872.22,50.80306628,safe
TELANGANA,MAHABUBABAD,INUGURTHY,MANDAL,9645.378763,3025.890663,2723.3,1456.03,53.46564829,safe
TELANGANA,MAHABUBABAD,KESAMUDRAM,MANDAL,15053.60173,3576.965697,3219.28,2056.91,63.89347929,safe
TELANGANA,MAHABUBABAD,KOTHAGUDA,MANDAL,43973.23715,5680.282871,5112.19,1432.49,28.02106338,safe
TELANGANA,MAHABUBABAD,KURAVI,MANDAL,17542.36987,3641.501454,3277.35,2015.43,61.49572063,safe
TELANGANA,MAHABUBABAD,MAHABUBABAD,MANDAL,22952.19539,5279.486573,4751.53,2625.9,55.26430434,safe
TELANGANA,MAHABUBABAD,MARIPEDA,MANDAL,24299.94426,4189.838547,3770.87,2226.35,59.04075187,safe
TELANGANA,MAHABUBABAD,NARSIMHULAPET,MANDAL,9986.723008,1804.027293,1623.6,1043.54,64.27322,safe
TELANGANA,MAHABUBABAD,NELLIKUDUR,MANDAL,16031.96164,4791.040606,4311.94,2619.01,60.73855388,safe
TELANGANA,MAHABUBABAD,PEDDAVANGARA,MANDAL,10689.84408,4069.62516,3662.64,2174.16,59.36046131,safe
TELANGANA,MAHABUBABAD,SEEROLE,MANDAL,8310.850968,1428.450885,1285.59,730.3,56.80660242,safe
TELANGANA,MAHABUBABAD,THORRUR,MANDAL,18126.10058,4739.334946,4265.35,2276.95,53.38248913,safe
TELANGANA,MAHABUBNAGAR,ADDAKAL,MANDAL,12580.3883,1809.278101,1636.33,876.46,53.56254545,safe
TELANGANA,MAHABUBNAGAR,BALANAGAR,MANDAL,16879.5775,2238.816452,2014.89,1498.52,74.37229824,Semi-Critical
TELANGANA,MAHABUBNAGAR,BHOOTHPUR,MANDAL,17272.76406,2167.899733,1983.2,1174.76,59.23557886,safe
TELANGANA,MAHABUBNAGAR,CHINNA_CHINTHA_KUNTA,MANDAL,12801.70406,1753.361243,1578,643.01,40.74841572,safe
TELANGANA,MAHABUBNAGAR,DEVARKADARA,MANDAL,16873.81263,2522.608426,2279.44,1141.09,50.06010248,safe
TELANGANA,MAHABUBNAGAR,GANDEED,MANDAL,11297.54804,1629.939878,1466.95,923.74,62.97010805,safe
TELANGANA,MAHABUBNAGAR,HANWADA,MANDAL,16120.07576,2502.759545,2254.14,1623.48,72.02214592,Semi-Critical
TELANGANA,MAHABUBNAGAR,JADCHERLA,MANDAL,27156.19915,3777.851734,3407.17,1805.18,52.98180014,safe
TELANGANA,MAHABUBNAGAR,KOILKONDA,MANDAL,21459.59807,3299.218296,2976.08,1758.22,59.07838499,safe
TELANGANA,MAHABUBNAGAR,KOUKUNTLA,MANDAL,8144.093484,1221.046725,1102.19,433.2,39.30356835,safe
TELANGANA,MAHABUBNAGAR,MAHABUBNAGAR_RURAL,MANDAL,16577.09875,2485.643423,2250.32,1314.08,58.39525045,safe
TELANGANA,MAHABUBNAGAR,MAHABUBNAGAR_URBAN,MANDAL,10055.44314,1239.136484,1135.02,638.66,56.26861201,safe
TELANGANA,MAHABUBNAGAR,MIDJIL,MANDAL,16011.12788,2232.558986,2019.54,1410.82,69.85848262,safe
TELANGANA,MAHABUBNAGAR,MOHAMMADABAD,MANDAL,10513.75925,1406.130122,1265.54,788.15,62.27776285,safe
TELANGANA,MAHABUBNAGAR,MUSAPET,MANDAL,9503.435654,1372.7725,1243.94,809.83,65.10201457,safe
TELANGANA,MAHABUBNAGAR,NAWABPET,MANDAL,19322.07972,3501.680942,3169.86,1951.45,61.56265576,safe
TELANGANA,MAHABUBNAGAR,RAJAPUR,MANDAL,11694.72117,2041.72741,1846.86,993.13,53.77397312,safe
TELANGANA,MANCHERIAL,BELLAMPALLE,MANDAL,14853,3437.905599,3119.54,1217.17,39.01761157,safe
TELANGANA,MANCHERIAL,BHEEMINI,MANDAL,12762,3418.609949,3098.58,551.17,17.78782539,safe
TELANGANA,MANCHERIAL,BHIMARAM,MANDAL,21094,5105.713332,4598.25,850.51,18.49638449,safe
TELANGANA,MANCHERIAL,CHENNUR,MANDAL,34522,8353.050818,7522.85,2558.18,34.00546335,safe
TELANGANA,MANCHERIAL,DANDEPALLE,MANDAL,25736.136,9269.852708,8359.68,2046.66,24.48251608,safe
TELANGANA,MANCHERIAL,HAJIPUR,MANDAL,24833,5774.95025,5226.53,852.81,16.31694451,safe
TELANGANA,MANCHERIAL,JAIPUR,MANDAL,23824,9842.253354,8872.92,2239.77,25.24276112,safe
TELANGANA,MANCHERIAL,JANNARAM,MANDAL,34492,9291.677215,8377.33,1151.55,13.74602648,safe
TELANGANA,MANCHERIAL,KANNEPALLI,MANDAL,16005,4181.600545,3788.66,702.69,18.54719083,safe
TELANGANA,MANCHERIAL,KASIPET,MANDAL,34417,5441.208291,4945.42,688.74,13.92682522,safe
TELANGANA,MANCHERIAL,KOTAPALLE,MANDAL,39432,8047.136795,7248.17,1488,20.52931981,safe
TELANGANA,MANCHERIAL,LUXETTIPET,MANDAL,15546,5238.399517,4724.04,1184.61,25.07620596,safe
TELANGANA,MANCHERIAL,MANCHERIAL,MANDAL,3554,1043.206424,943.02,247.31,26.22531866,safe
TELANGANA,MANCHERIAL,MANDAMARRI,MANDAL,16223,3820.962266,3461.97,1717.3,49.60470484,safe
TELANGANA,MANCHERIAL,NASPUR,MANDAL,5273,2178.400014,1963.85,535.87,27.28670723,safe
TELANGANA,MANCHERIAL,NENNAL,MANDAL,33495,7213.193911,6500.18,1139.95,17.53720666,safe
TELANGANA,MANCHERIAL,TANDUR,MANDAL,17681,4736.282911,4292.92,645.62,15.03918079,safe
TELANGANA,MANCHERIAL,VEMANPALLE,MANDAL,24583,4709.473952,4242.08,1025.35,24.17092558,safe
TELANGANA,MEDAK,ALLADURG,MANDAL,11435.58998,1766.465174,1589.82,338.62,21.29926658,safe
TELANGANA,MEDAK,CHEGUNTA,MANDAL,12013.955,2149.085068,1940.39,1294.37,66.70669298,safe
TELANGANA,MEDAK,CHILIPCHED,MANDAL,7492.425,2676.667346,2421.91,614.48,25.37171076,safe
TELANGANA,MEDAK,HAVELIGHANPUR,MANDAL,16917,3958.616637,3573.13,1287.62,36.03619236,safe
TELANGANA,MEDAK,KOWDIPALLE,MANDAL,14418.19,3891.900084,3513.26,1568.23,44.63745923,safe
TELANGANA,MEDAK,KULCHARAM,MANDAL,15437.815,4778.697756,4317.51,1025,23.74053563,safe
TELANGANA,MEDAK,MANOHARABAD,MANDAL,8757.23,1557.75398,1401.96,1023.02,72.97069817,Semi-Critical
TELANGANA,MEDAK,MASAIPET,MANDAL,5577.645,1000.315525,904.16,555.56,61.44487701,safe
TELANGANA,MEDAK,MEDAK,MANDAL,12196.71,2473.006188,2225.7,1046.58,47.02250977,safe
TELANGANA,MEDAK,NARSAPUR,MANDAL,15936.47668,3137.869855,2825.27,2030.56,71.87136097,Semi-Critical
TELANGANA,MEDAK,NARSINGI,MANDAL,4517.64,893.4499716,804.1,447.12,55.60502425,safe
TELANGANA,MEDAK,NIZAMPET,MANDAL,9008,1615.55591,1455.19,980,67.34515768,safe
TELANGANA,MEDAK,PAPANNAPET,MANDAL,17314.87,3410.105754,3069.1,1235.2,40.24632628,safe
TELANGANA,MEDAK,RAMAYAMPET,MANDAL,13103.4,2593.880034,2335.48,1120.26,47.9670132,safe
TELANGANA,MEDAK,REGODE,MANDAL,8065.575,1284.613644,1156.16,417.92,36.14724606,safe
TELANGANA,MEDAK,SHANKARAMPET_A,MANDAL,12976.67,2066.809537,1860.15,735.27,39.52745746,safe
TELANGANA,MEDAK,SHANKARAMPET_R,MANDAL,12860.59,2555.326584,2299.78,1308.4,56.8923984,safe
TELANGANA,MEDAK,SHIVAMPET,MANDAL,18237.80668,3483.548654,3135.17,1468.03,46.82457411,safe
TELANGANA,MEDAK,TEKMAL,MANDAL,12992.44601,1963.655892,1767.28,690.25,39.05719524,safe
TELANGANA,MEDAK,TUPRAN,MANDAL,11021.0449,1960.313264,1764.27,1244.83,70.55779444,Semi-Critical
TELANGANA,MEDAK,YELDURTHY,MANDAL,14275.8,2811.063143,2529.93,1634.75,64.61641231,safe
TELANGANA,MEDCHAL MALKAJGIRI,ALWAL,MANDAL,2865.3,231.6132563,208.45,137.91,66.15975054,safe
TELANGANA,MEDCHAL MALKAJGIRI,BACHPALLE,MANDAL,1740.9,109.3457272,98.4,98.43,100.0304878,Over-Exploited
TELANGANA,MEDCHAL MALKAJGIRI,BALANAGAR,MANDAL,1666.7,104.6852338,94.22,175.69,186.4678412,Over-Exploited
TELANGANA,MEDCHAL MALKAJGIRI,DUNDIGAL_GANDIMAISAMMA,MANDAL,7945.3075,733.2444456,659.91,274.55,41.60415814,safe
TELANGANA,MEDCHAL MALKAJGIRI,GHATKESAR,MANDAL,11952.854,1144.302125,1031.33,427.62,41.4629653,safe
TELANGANA,MEDCHAL MALKAJGIRI,KAPRA,MANDAL,4647,454.0001494,408.61,106.73,26.12026137,safe
TELANGANA,MEDCHAL MALKAJGIRI,KEESARA,MANDAL,12140.551,1177.528494,1060.34,677.46,63.89082747,safe
TELANGANA,MEDCHAL MALKAJGIRI,KUKATPALLY,MANDAL,4025,252.8097835,227.52,191.73,84.26951477,Semi-Critical
TELANGANA,MEDCHAL MALKAJGIRI,MALKAJGIRI,MANDAL,28.9,2.823456922,2.54,1.35,53.1496063,safe
TELANGANA,MEDCHAL MALKAJGIRI,MEDCHEL,MANDAL,19675.15,2024.511314,1822.03,1262.68,69.30072502,safe
TELANGANA,MEDCHAL MALKAJGIRI,MEDIPALLY,MANDAL,3109.2,303.760978,273.39,139.33,50.96382457,safe
TELANGANA,MEDCHAL MALKAJGIRI,MUDUCHINTHALAPALLY,MANDAL,9440.4605,951.570945,857.37,704.92,82.21887866,Semi-Critical
TELANGANA,MEDCHAL MALKAJGIRI,QUTHBULLAPUR,MANDAL,4774.7,299.8983536,269.9,357.82,132.5750278,Over-Exploited
TELANGANA,MEDCHAL MALKAJGIRI,SHAMIRPET,MANDAL,15157.066,1618.484405,1457.4,482.99,33.14052422,safe
TELANGANA,MEDCHAL MALKAJGIRI,UPPAL,MANDAL,4637.8,453.1013327,407.8,256.92,63.00147131,safe
TELANGANA,MULUG,ETURUNAGARAM,MANDAL,56131.24835,6592.652997,5937.66,1221.52,20.57241405,safe
TELANGANA,MULUG,GOVINDARAOPET,MANDAL,14395.075,5993.014991,5393.7,1543.74,28.62116914,safe
TELANGANA,MULUG,KANNAIGUDEM,MANDAL,17107.46055,1970.559581,1773.51,315.05,17.7642077,safe
TELANGANA,MULUG,MANGAPET,MANDAL,31881.59,6349.477374,5717.46,3319.56,58.06004764,safe
TELANGANA,MULUG,MULUG,MANDAL,26823.79154,4078.133194,3687.35,2025.17,54.92209853,safe
TELANGANA,MULUG,TADVAI,MANDAL,24577.34341,3157.696398,2842.51,971.62,34.18176189,safe
TELANGANA,MULUG,VENKATAPUR,MANDAL,21785.86,7036.237184,6332.62,1069.88,16.89474499,safe
TELANGANA,MULUG,VENKATAPURAM,MANDAL,50780.45,8137.047486,7341.9,853.35,11.62301312,safe
TELANGANA,MULUG,WAZEED,MANDAL,40248.065,14504.14177,13061.22,818.08,6.263427153,safe
TELANGANA,NAGARKURNOOL,ACHAMPET,MANDAL,76007,10123.97333,9111.58,2425.2,26.616679,safe
TELANGANA,NAGARKURNOOL,AMRABAD,MANDAL,48926,3287.318251,2958.58,1049.03,35.45721258,safe
TELANGANA,NAGARKURNOOL,BALMOOR,MANDAL,21665.14473,5415.566327,4906.47,1542.95,31.4472523,safe
TELANGANA,NAGARKURNOOL,BIJINAPALLE,MANDAL,25811,4815.088581,4339.44,2265.4,52.2048928,safe
TELANGANA,NAGARKURNOOL,CHARAKONDA,MANDAL,15252,2333.530597,2102.76,1005.53,47.81953242,safe
TELANGANA,NAGARKURNOOL,KALWAKURTHY,MANDAL,27716.02272,5635.203873,5082.35,2673.3,52.59968322,safe
TELANGANA,NAGARKURNOOL,KODAIR,MANDAL,18959.8886,4850.376755,4370,1596.15,36.52517162,safe
TELANGANA,NAGARKURNOOL,KOLLAPUR,MANDAL,68555,7383.855768,6691.58,892,13.3301851,safe
TELANGANA,NAGARKURNOOL,LINGAL,MANDAL,18080.61,2879.093124,2615.89,1163.62,44.4827573,safe
TELANGANA,NAGARKURNOOL,NAGAR_KURNOOL,MANDAL,22876,4797.127557,4329.35,1786.05,41.25446083,safe
TELANGANA,NAGARKURNOOL,PADRA,MANDAL,79851,4929.893839,4436.91,725.08,16.34200378,safe
TELANGANA,NAGARKURNOOL,PEDDAKOTHAPALLE,MANDAL,39341,6176.739815,5595.07,1970.58,35.21993469,safe
TELANGANA,NAGARKURNOOL,PENTLAVELLI,MANDAL,8995,1861.996608,1681.08,343.38,20.42615461,safe
TELANGANA,NAGARKURNOOL,TADOOR,MANDAL,20865.71565,4538.365852,4085.86,2050.24,50.1789097,safe
TELANGANA,NAGARKURNOOL,TELKAPALLE,MANDAL,23008.10267,5635.067263,5093.03,1568.36,30.79424233,safe
TELANGANA,NAGARKURNOOL,THIMMAJIPETA,MANDAL,19129.7176,3363.63181,3027.26,1482.12,48.95912475,safe
TELANGANA,NAGARKURNOOL,UPPUNUTHALA,MANDAL,21682.95563,5437.500529,4899.74,2532.45,51.68539555,safe
TELANGANA,NAGARKURNOOL,URKONDA,MANDAL,14169.6756,2184.993446,1966.5,1352.98,68.80142385,safe
TELANGANA,NAGARKURNOOL,VANGOOR,MANDAL,23962.28262,6389.105053,5804.5,2862.74,49.31932122,safe
TELANGANA,NAGARKURNOOL,VELDANDA,MANDAL,22411.2206,3972.561621,3583.19,2741.28,76.50389737,Semi-Critical
TELANGANA,NALGONDA,ADAVI DEVULA PALLI,MANDAL,12746,4581.53715,4151.79,959.58,23.11244066,safe
TELANGANA,NALGONDA,ANUMULA_HALIYA,MANDAL,20363,5114.415156,4626.5,1646.53,35.58910624,safe
TELANGANA,NALGONDA,CHANDAMPET,MANDAL,33592,2089.06399,1883.28,1030.62,54.72473557,safe
TELANGANA,NALGONDA,CHANDUR,MANDAL,17510,1885.513649,1726.15,1323.62,76.68047389,Semi-Critical
TELANGANA,NALGONDA,CHINTHAPALLE,MANDAL,27378,2683.63455,2423.3,1923.66,79.38183469,Semi-Critical
TELANGANA,NALGONDA,CHITYALA,MANDAL,23869,2781.692044,2512.45,2221.4,88.41568986,Semi-Critical
TELANGANA,NALGONDA,DAMARACHERLA,MANDAL,22558,7511.989045,6794.16,1721.58,25.33911477,safe
TELANGANA,NALGONDA,DEVARAKONDA,MANDAL,22544,3283.557548,2966.38,1766.83,59.56182283,safe
TELANGANA,NALGONDA,GATTUPPAL,MANDAL,8068,890.933915,818.24,478.98,58.53783731,safe
TELANGANA,NALGONDA,GUNDLAPALLE,MANDAL,25675,7361.130958,6637.12,1566.93,23.60858324,safe
TELANGANA,NALGONDA,GURRAMPODE,MANDAL,30931,5774.348937,5213.49,1705.5,32.7132113,safe
TELANGANA,NALGONDA,KANGAL,MANDAL,21204,4974.668547,4484.31,2527.62,56.36586231,safe
TELANGANA,NALGONDA,KATTANGOOR,MANDAL,19167,4174.698286,3765.2,2596.49,68.9602146,safe
TELANGANA,NALGONDA,KETHEPALLE,MANDAL,15159,8868.695627,7984.61,1839.82,23.0420772,safe
TELANGANA,NALGONDA,KONDAMALLAPALLY,MANDAL,12392,1539.15026,1392.27,756.41,54.32926085,safe
TELANGANA,NALGONDA,MADUGULAPALLY,MANDAL,21999,6884.446864,6223.61,2224.49,35.74276023,safe
TELANGANA,NALGONDA,MARRIGUDA,MANDAL,18606,1859.706032,1692.08,1369.78,80.95243724,Semi-Critical
TELANGANA,NALGONDA,MIRYALAGUDA,MANDAL,25170,8531.225118,7725.05,3248.26,42.04840098,safe
TELANGANA,NALGONDA,MUNUGODE,MANDAL,21308,2487.483178,2251.29,1964.13,87.2446464,Semi-Critical
TELANGANA,NALGONDA,NAKREKAL,MANDAL,15582,5199.390608,4689.49,2477.19,52.82429433,safe
TELANGANA,NALGONDA,NALGONDA,MANDAL,38110,5763.315452,5247.46,3694.42,70.40396687,Semi-Critical
TELANGANA,NALGONDA,NAMPALLE,MANDAL,28951,3003.794333,2714.85,1921.89,70.79175645,Semi-Critical
TELANGANA,NALGONDA,NARKETPALLE,MANDAL,24348,4149.405756,3766.73,2026.13,53.79015751,safe
TELANGANA,NALGONDA,NEREDUGOMMU,MANDAL,16563,1261.203888,1135.08,611.02,53.83056701,safe
TELANGANA,NALGONDA,NIDAMANUR,MANDAL,21221,8535.333975,7785.19,1965.61,25.24806716,safe
TELANGANA,NALGONDA,PEDDA_ADISERLAPALLE,MANDAL,28663,8933.366728,8049.88,1972.22,24.49999255,safe
TELANGANA,NALGONDA,PEDDAVURA,MANDAL,36969,8762.818884,7901.59,1889.78,23.91645226,safe
TELANGANA,NALGONDA,SALIGOURARAM,MANDAL,22075,4068.007907,3661.18,1884.22,51.46482828,safe
TELANGANA,NALGONDA,THIPPARTHI,MANDAL,18488,3213.469556,2916.91,1917.39,65.73360165,safe
TELANGANA,NALGONDA,THRIPURARAM,MANDAL,16131,4833.016541,4365.13,1442.06,33.03590042,safe
TELANGANA,NALGONDA,TIRUMALAGIRI_SAGAR,MANDAL,25954,5809.169781,5245.79,1053.32,20.07933981,safe
TELANGANA,NALGONDA,VEMULAPALLE,MANDAL,11379,6810.145738,6139.7,1690.56,27.53489584,safe
TELANGANA,NARAYANPET,DAMARAGIDDA,MANDAL,19781.46499,1814.959229,1637.85,1090.9,66.60561101,safe
TELANGANA,NARAYANPET,DHANWADA,MANDAL,15000.00202,1303.391436,1176.39,806.22,68.53339454,safe
TELANGANA,NARAYANPET,GUNDUMAL,MANDAL,7681.074868,745.830223,680.07,443.28,65.18152543,safe
TELANGANA,NARAYANPET,KOSGI,MANDAL,11057.46661,1162.07859,1068.5,736.04,68.8853533,safe
TELANGANA,NARAYANPET,KOTHAPALLE,MANDAL,6726,598.7729439,540.56,371.07,68.64547876,safe
TELANGANA,NARAYANPET,KRISHNA,MANDAL,17428.57143,5833.521245,5250.68,559.33,10.65252501,safe
TELANGANA,NARAYANPET,MADDUR,MANDAL,14705.96601,1312.4564,1185.19,710.31,59.93216278,safe
TELANGANA,NARAYANPET,MAGANOOR,MANDAL,17792.33387,2665.753159,2399.88,661.4,27.55971132,safe
TELANGANA,NARAYANPET,MAKTHAL,MANDAL,35505.4573,5791.602951,5216.49,1654.47,31.71615397,safe
TELANGANA,NARAYANPET,MARIKAL,MANDAL,15909.34844,1371.984091,1238.22,655.44,52.93405049,safe
TELANGANA,NARAYANPET,NARAYANPET,MANDAL,24859.18575,2353.476869,2122.65,1026.19,48.34475773,safe
TELANGANA,NARAYANPET,NARVA,MANDAL,19744.02185,4525.888434,4078.42,1488.92,36.50727488,safe
TELANGANA,NARAYANPET,UTKOOR,MANDAL,25620.08925,2416.357203,2178.2,1139.78,52.32669176,safe
TELANGANA,NIRMAL,BASAR,MANDAL,12856.8,1900.65988,1779.57,490.23,27.54766601,safe
TELANGANA,NIRMAL,BHAINSA,MANDAL,20280.88,3076.744256,2790.45,1613.63,57.8268738,safe
TELANGANA,NIRMAL,DASTUARABAD,MANDAL,6385.75,2117.795669,1906,269.77,14.15372508,safe
TELANGANA,NIRMAL,DILAWARPUR,MANDAL,12809.992,2423.029084,2196.61,892.72,40.64080561,safe
TELANGANA,NIRMAL,KADDAMPEDDUR,MANDAL,38399.828,7433.870807,6690.44,1405.92,21.01386456,safe
TELANGANA,NIRMAL,KHANPUR,MANDAL,25517.052,6380.504564,5742.48,986.14,17.1727198,safe
TELANGANA,NIRMAL,KUBEER,MANDAL,25633.552,3424.917161,3148.39,1216.6,38.64197256,safe
TELANGANA,NIRMAL,KUNTALA,MANDAL,11729.856,2207.426354,1994.52,934.06,46.83131781,safe
TELANGANA,NIRMAL,LAXMANCHANDA,MANDAL,9923.74,3732.458539,3359.2,1356.65,40.38610383,safe
TELANGANA,NIRMAL,LOKESWARAM,MANDAL,16194.72,4449.269414,4055.02,1590.87,39.2321123,safe
TELANGANA,NIRMAL,MAMDA,MANDAL,28886.818,7579.368869,6821.38,1600.33,23.46050213,safe
TELANGANA,NIRMAL,MUDHOLE,MANDAL,12815.8,2629.14674,2397.86,1153.4,48.10122359,safe
TELANGANA,NIRMAL,NARSAPUR_G,MANDAL,12708.392,2507.271143,2283.97,943.75,41.32059528,safe
TELANGANA,NIRMAL,NIRMAL,MANDAL,2040,430.6461091,396.59,230.76,58.18603596,safe
TELANGANA,NIRMAL,NIRMAL_RURAL,MANDAL,11694.508,2545.153652,2318.27,1123.8,48.47580308,safe
TELANGANA,NIRMAL,PEMBI,MANDAL,27789.496,3518.74888,3166.86,402.88,12.72174962,safe
TELANGANA,NIRMAL,SARANGAPUR,MANDAL,22223.28,5792.399152,5278.9,1314.27,24.89666408,safe
TELANGANA,NIRMAL,SOAN,MANDAL,8151.544,2179.754309,1972.31,880.37,44.63649223,safe
TELANGANA,NIRMAL,TANUR,MANDAL,20395.2,2939.595418,2714.79,1017.17,37.4677231,safe
TELANGANA,NIZAMABAD,ALOOR,MANDAL,8487,2656.726349,2412.65,1880.7,77.95162995,Semi-Critical
TELANGANA,NIZAMABAD,ARMUR,MANDAL,17153.14,4847.528303,4408.55,3800.59,86.20952467,Semi-Critical
TELANGANA,NIZAMABAD,BALKONDA,MANDAL,10058,3198.262357,2922.93,1187.05,40.61164653,safe
TELANGANA,NIZAMABAD,BHEEMGAL,MANDAL,23410.17,4053.811553,3663.77,3043.1,83.05925317,Semi-Critical
TELANGANA,NIZAMABAD,BODHAN,MANDAL,19495.07,5478.11149,4959.86,2793.52,56.32255749,safe
TELANGANA,NIZAMABAD,CHANDUR,MANDAL,5048,1457.189603,1327.01,738.11,55.62203751,safe
TELANGANA,NIZAMABAD,DHARPALLE,MANDAL,17271,3071.563291,2782.44,1378.02,49.52559624,safe
TELANGANA,NIZAMABAD,DICHPALLE,MANDAL,15616.2,3809.036708,3471.95,1806.47,52.03041518,safe
TELANGANA,NIZAMABAD,DONKESHWAR,MANDAL,10729,2171.488184,2004.34,1076.83,53.72491693,safe
TELANGANA,NIZAMABAD,INDALWAI,MANDAL,18225,3981.402671,3613.38,1180.23,32.66277004,safe
TELANGANA,NIZAMABAD,JAKRANPALLE,MANDAL,14282,2949.102618,2659.31,2129.35,80.07152231,Semi-Critical
TELANGANA,NIZAMABAD,KAMMARPALLE,MANDAL,22546.85,3654.454706,3305.33,2054.17,62.14719862,safe
TELANGANA,NIZAMABAD,KOTGIRI,MANDAL,8032,2387.000678,2167.62,1276.58,58.89316393,safe
TELANGANA,NIZAMABAD,MAKLOOR,MANDAL,14531.65,5651.753069,5134.92,1922.81,37.44576352,safe
TELANGANA,NIZAMABAD,MENDORA,MANDAL,6557,2046.426108,1862.14,356.55,19.14732512,safe
TELANGANA,NIZAMABAD,MORTAD,MANDAL,10533,2156.842916,1960.18,1317.06,67.19076819,safe
TELANGANA,NIZAMABAD,MOSRA,MANDAL,5620,1896.025224,1721.39,822.93,47.80613342,safe
TELANGANA,NIZAMABAD,MUGPAL,MANDAL,18550,3350.35924,3086.61,1627.69,52.73390548,safe
TELANGANA,NIZAMABAD,MUPKAL,MANDAL,4945,1526.677214,1399.32,977.99,69.89037533,safe
TELANGANA,NIZAMABAD,NANDIPET,MANDAL,18466,5481.376596,4986.95,2280.74,45.73416617,safe
TELANGANA,NIZAMABAD,NAVIPET,MANDAL,18915.65,7164.62654,6467.75,2793.75,43.1950833,safe
TELANGANA,NIZAMABAD,NIZAMABAD_NORTH,MANDAL,3815.95,1370.032241,1252.65,348.56,27.82580928,safe
TELANGANA,NIZAMABAD,NIZAMABAD_RURAL,MANDAL,14226.63,4876.724125,4433.25,2012.42,45.3937856,safe
TELANGANA,NIZAMABAD,NIZAMABAD_SOUTH,MANDAL,272,104.7348459,95.71,149.89,156.6085049,Over-Exploited
TELANGANA,NIZAMABAD,POTHANGAL,MANDAL,9176.35,2399.999429,2177.17,1128.03,51.81175563,safe
TELANGANA,NIZAMABAD,RANJAL,MANDAL,11219,2912.152125,2640.32,747.48,28.31020482,safe
TELANGANA,NIZAMABAD,RUDRUR,MANDAL,4680.96,1998.383345,1814.7,1339.98,73.84030418,Semi-Critical
TELANGANA,NIZAMABAD,SALOORA,MANDAL,7405.41,1820.426267,1650.11,965.99,58.54094576,safe
TELANGANA,NIZAMABAD,SIRKONDA,MANDAL,27492,4131.686043,3729.56,2631.45,70.5565804,Semi-Critical
TELANGANA,NIZAMABAD,VAILPUR,MANDAL,15114,3994.32434,3638.39,2359.85,64.85973191,safe
TELANGANA,NIZAMABAD,VARNI,MANDAL,13941,5266.277244,4786.17,2740.47,57.2580999,safe
TELANGANA,NIZAMABAD,YEDA_PALLE,MANDAL,10292,2952.458729,2675.11,1310.29,48.98078958,safe
TELANGANA,NIZAMABAD,YERGATLA,MANDAL,6884,1887.518213,1718.08,1030.21,59.96286552,safe
TELANGANA,PEDDAPALLE,ANTARGOAN,MANDAL,11943,3279.510501,2956.85,856.92,28.9808411,safe
TELANGANA,PEDDAPALLE,DHARMARAM,MANDAL,19933.9,9295.444123,8377.2,1765.68,21.07720957,safe
TELANGANA,PEDDAPALLE,ELGAID,MANDAL,7369.3,4411.718778,3970.69,995.06,25.06012809,safe
TELANGANA,PEDDAPALLE,JULAPALLE,MANDAL,9161,5542.643692,4988.37,908.47,18.21176056,safe
TELANGANA,PEDDAPALLE,KAMANPUR,MANDAL,5323.64,3619.800481,3261.64,947.91,29.06237353,safe
TELANGANA,PEDDAPALLE,MANTHANI,MANDAL,22365.53,6647.223346,6005.64,2623.37,43.68177247,safe
TELANGANA,PEDDAPALLE,MUTHARAM_MANTHANI,MANDAL,12589,3858.42535,3528.88,1171.39,33.19438462,safe
TELANGANA,PEDDAPALLE,ODELA,MANDAL,14409,8439.119429,7596.14,1889.93,24.88013649,safe
TELANGANA,PEDDAPALLE,PALAKURTHY,MANDAL,10562.97,4335.300064,3934.24,741.39,18.84455448,safe
TELANGANA,PEDDAPALLE,PEDDAPALLE,MANDAL,22092.2,12130.19822,10934.84,2642.17,24.16285926,safe
TELANGANA,PEDDAPALLE,RAMAGIRI,MANDAL,13715.65,5961.304587,5383.46,1398.06,25.96954375,safe
TELANGANA,PEDDAPALLE,RAMAGUNDAM,MANDAL,11321,1202.831229,1090.77,437.45,40.10469668,safe
TELANGANA,PEDDAPALLE,SRIRAMPUR,MANDAL,17402,1998.727855,1817.08,1009.67,55.56552271,safe
TELANGANA,PEDDAPALLE,SULTANABAD,MANDAL,15876,9264.922341,8339.75,1854.53,22.23723733,safe
TELANGANA,RAJANNA SIRICILLA,BOINPALLE,MANDAL,13352.62,3635.212221,3308.22,1874.76,56.6697499,safe
TELANGANA,RAJANNA SIRICILLA,CHANDURTHI,MANDAL,13591,3104.568934,2815.81,2103.68,74.70958623,Semi-Critical
TELANGANA,RAJANNA SIRICILLA,ELLANTHAKUNTA,MANDAL,21254.35,5501.918634,4955.54,3130.43,63.1703104,safe
TELANGANA,RAJANNA SIRICILLA,GAMBHIRAOPETA,MANDAL,15091,3983.655271,3624.8,2327.95,64.22285367,safe
TELANGANA,RAJANNA SIRICILLA,KONARAOPETA,MANDAL,17249.47,4831.237114,4392.67,3272.03,74.4884091,Semi-Critical
TELANGANA,RAJANNA SIRICILLA,MUSTABAD,MANDAL,13612,3958.113312,3562.29,2286.06,64.17388814,safe
TELANGANA,RAJANNA SIRICILLA,RUDRANGI,MANDAL,9334,2130.703832,1937.04,1508.84,77.89410647,Semi-Critical
TELANGANA,RAJANNA SIRICILLA,SIRSILLA,MANDAL,6192.39,1797.08245,1657.26,1157.89,69.86773349,safe
TELANGANA,RAJANNA SIRICILLA,THANGALLAPALLE,MANDAL,17911.83,6056.767268,5492.05,3680.69,67.01850857,safe
TELANGANA,RAJANNA SIRICILLA,VEERNAPALLE,MANDAL,8206,2471.562125,2241.31,1349.62,60.21567744,safe
TELANGANA,RAJANNA SIRICILLA,VEMULAWADA,MANDAL,8516.7,2321.851843,2117.97,1374.98,64.91971086,safe
TELANGANA,RAJANNA SIRICILLA,VEMULAWADA_RURAL,MANDAL,11507.44,2993.554657,2730.98,1586.98,58.11027543,safe
TELANGANA,RAJANNA SIRICILLA,YELLAREDDYPETA,MANDAL,17320.43,3992.81234,3652.91,2528.15,69.20920581,safe
TELANGANA,RANGAREDDY,ABDULLAPURMET,MANDAL,22876.09021,3573.481175,3242.93,728.28,22.45746902,safe
TELANGANA,RANGAREDDY,AMANGAL,MANDAL,12119.78629,1563.763166,1430.69,858.29,59.99133285,safe
TELANGANA,RANGAREDDY,BALAPUR,MANDAL,9325.790742,1372.317061,1242.36,412.83,33.2294987,safe
TELANGANA,RANGAREDDY,CHEVELLA,MANDAL,27420.3093,2498.953785,2249.38,1270.93,56.50134704,safe
TELANGANA,RANGAREDDY,CHOWDERGUDEM,MANDAL,10686.4837,1373.637902,1246.17,898.07,72.06641148,Semi-Critical
TELANGANA,RANGAREDDY,FAROOQNAGAR,MANDAL,27794.23917,4184.065857,3792.94,2218.72,58.49604792,safe
TELANGANA,RANGAREDDY,GANDIPET,MANDAL,12300.43097,1642.358815,1478.13,459.72,31.10145928,safe
TELANGANA,RANGAREDDY,HAYATHNAGAR,MANDAL,2606.232295,453.1400604,412.89,209.51,50.74232847,safe
TELANGANA,RANGAREDDY,IBRAHIMPATNAM,MANDAL,25973.14996,5150.305375,4637.41,2291.61,49.4157299,safe
TELANGANA,RANGAREDDY,KADTHAL,MANDAL,18915.05151,2665.617221,2409.54,1529.85,63.4913718,safe
TELANGANA,RANGAREDDY,KANDUKUR,MANDAL,30387.86756,5914.233683,5325,2532.86,47.56544601,safe
TELANGANA,RANGAREDDY,KESHAMPETA,MANDAL,21519.98742,2539.553751,2303.4,1149.42,49.90101589,safe
TELANGANA,RANGAREDDY,KONDURG,MANDAL,12718.87629,1653.777791,1497.35,1100.72,73.51120313,Semi-Critical
TELANGANA,RANGAREDDY,KOTHUR,MANDAL,7440.961482,1314.301609,1190.21,813.26,68.32911839,safe
TELANGANA,RANGAREDDY,MADGUL,MANDAL,27407.76404,3195.842034,2893.97,1948.51,67.32999997,safe
TELANGANA,RANGAREDDY,MAHESHWARAM,MANDAL,25941.5958,4428.792786,3997.99,2196.65,54.94385929,safe
TELANGANA,RANGAREDDY,MANCHAL,MANDAL,22096.75285,4517.782452,4071.01,2012.92,49.44522367,safe
TELANGANA,RANGAREDDY,MOINABAD,MANDAL,20960.4761,2187.853011,1969.04,1144.64,58.13188153,safe
TELANGANA,RANGAREDDY,NANDIGAM,MANDAL,10710.72921,1982.023617,1792.98,620.43,34.60328615,safe
TELANGANA,RANGAREDDY,RAJENDRANAGAR,MANDAL,5422.692108,766.0749873,692.31,546.63,78.95740348,Semi-Critical
TELANGANA,RANGAREDDY,SAROORNAGAR,MANDAL,2982.53582,386.0613547,347.49,215.86,62.11977323,safe
TELANGANA,RANGAREDDY,SERILINGAMPALLY,MANDAL,8869.343618,1352.857808,1217.54,1033.18,84.85799235,Semi-Critical
TELANGANA,RANGAREDDY,SHABAD,MANDAL,22895.51514,2888.634832,2619.73,1217.44,46.47196467,safe
TELANGANA,RANGAREDDY,SHAMSHABAD,MANDAL,19601.76601,2950.878794,2674.55,1520.72,56.85891084,safe
TELANGANA,RANGAREDDY,SHANKARPALLE,MANDAL,20179.91134,2471.557903,2224.38,1432.17,64.38513204,safe
TELANGANA,RANGAREDDY,TALAKONDAPALLE,MANDAL,23137.01963,3119.548502,2829.49,1535.05,54.2518263,safe
TELANGANA,RANGAREDDY,YACHARAM,MANDAL,30406.4873,5584.364668,5079.16,2108.19,41.50666646,safe
TELANGANA,SANGAREDDY,AMEENAPUR,MANDAL,3465.91,389.1864876,350.25,264.59,75.54318344,Semi-Critical
TELANGANA,SANGAREDDY,ANDHOLE,MANDAL,17096.745,2234.595194,2018.61,877.55,43.47298388,safe
TELANGANA,SANGAREDDY,CHOUTKUR,MANDAL,9837.73,1136.428284,1027.04,390.12,37.98488861,safe
TELANGANA,SANGAREDDY,GUMMADIDALA,MANDAL,8306.425,1008.969314,908.05,616.79,67.92467375,safe
TELANGANA,SANGAREDDY,HATHANOORA,MANDAL,20457.67,2658.176315,2392.38,1415.58,59.17036591,safe
TELANGANA,SANGAREDDY,JHARASANGAM,MANDAL,18604.307,1604.781783,1460.35,873.6,59.82127572,safe
TELANGANA,SANGAREDDY,JINNARAM,MANDAL,10355.59,1275.611703,1148.02,585.49,50.99998258,safe
TELANGANA,SANGAREDDY,KALHER,MANDAL,7597.367,1363.541128,1249.54,476.66,38.14683804,safe
TELANGANA,SANGAREDDY,KANDI,MANDAL,13211.595,1515.276644,1367.96,991.31,72.46630018,Semi-Critical
TELANGANA,SANGAREDDY,KANGTI,MANDAL,18827.32473,2306.341584,2088.49,210.37,10.07282774,safe
TELANGANA,SANGAREDDY,KOHIR,MANDAL,22142.33,1878.652244,1699.64,988.55,58.16231673,safe
TELANGANA,SANGAREDDY,KONDAPUR,MANDAL,14228.53,1638.916198,1489.53,898.17,60.29888623,safe
TELANGANA,SANGAREDDY,MANOOR,MANDAL,12691.46,1414.351464,1315.68,324.43,24.65873161,safe
TELANGANA,SANGAREDDY,MOGDAMPALLE,MANDAL,15768.46,1252.783101,1130.6,669.02,59.17388997,safe
TELANGANA,SANGAREDDY,MUNIPALLI,MANDAL,20556.04666,1797.76456,1641.24,338.67,20.63500768,safe
TELANGANA,SANGAREDDY,NAGALGIDDA,MANDAL,12889.45,1398.614304,1303.12,219.02,16.80735466,safe
TELANGANA,SANGAREDDY,NARAYANKHED,MANDAL,17386.17,2237.130614,2033.44,639.92,31.46982453,safe
TELANGANA,SANGAREDDY,NAYKAL,MANDAL,20975.8031,1934.241792,1785.49,1122.31,62.85725487,safe
TELANGANA,SANGAREDDY,NIZAMPET,MANDAL,10480.746,1388.512796,1258.96,529.62,42.06805617,safe
TELANGANA,SANGAREDDY,PATANCHERUVU,MANDAL,17489.83,1958.895226,1763.01,1719.57,97.53603213,Critical
TELANGANA,SANGAREDDY,PULKAL,MANDAL,13481.68,1325.77858,1197.82,735.4,61.39486734,safe
TELANGANA,SANGAREDDY,RAIKODE,MANDAL,19735.2251,1909.579855,1747.08,350.87,20.08322458,safe
TELANGANA,SANGAREDDY,RAMACHANDRAPURAM,MANDAL,7011.5223,753.0264228,677.75,378.16,55.7963851,safe
TELANGANA,SANGAREDDY,SADASIVPET,MANDAL,22569.93,2576.724941,2327.86,972.07,41.75809542,safe
TELANGANA,SANGAREDDY,SANGAREDDY,MANDAL,8103.29,919.8649063,833.22,648.59,77.84138643,Semi-Critical
TELANGANA,SANGAREDDY,SIRGAPOOR,MANDAL,11437,1481.605902,1370.06,260.48,19.01230603,safe
TELANGANA,SANGAREDDY,WATPALLE,MANDAL,13151.7474,1504.131769,1392.71,304.95,21.89615929,safe
TELANGANA,SANGAREDDY,ZAHIRABAD,MANDAL,23200.903,1979.236886,1791,1533.45,85.61976549,Semi-Critical
TELANGANA,SIDDIPET,AKBARPET-BHOOMPALLY,MANDAL,10248.26784,2361.288278,2143.94,1496.49,69.80092726,safe
TELANGANA,SIDDIPET,AKKANNAPETA,MANDAL,17126.15643,3455.405512,3172.34,1785.86,56.29472251,safe
TELANGANA,SIDDIPET,BEJJANKI,MANDAL,14535.54833,2573.934048,2316.51,1279.79,55.24646991,safe
TELANGANA,SIDDIPET,CHERIYAL,MANDAL,19501.1549,3379.5016,3043.21,1954.92,64.2387479,safe
TELANGANA,SIDDIPET,CHINNAKODUR,MANDAL,19937.49939,4048.30768,3712.29,2164.12,58.29609217,safe
TELANGANA,SIDDIPET,DHOOLMITTA,MANDAL,7030.86442,1219.086814,1097.36,690.48,62.9219217,safe
TELANGANA,SIDDIPET,DOULTABAD,MANDAL,14332.08818,3292.417043,2990.08,1585.68,53.03135702,safe
TELANGANA,SIDDIPET,DUBBAK,MANDAL,16967.69032,3270.782656,2943.68,2684.04,91.1797478,Critical
TELANGANA,SIDDIPET,GAJWEL,MANDAL,20150.04815,4366.86554,3931.99,2241.27,57.00090794,safe
TELANGANA,SIDDIPET,HUSNABAD,MANDAL,10570.94834,2177.46572,1992.6,1091.14,54.75961056,safe
TELANGANA,SIDDIPET,JAGADEVPUR,MANDAL,15279.25667,3093.408516,2798.01,1757.57,62.81500066,safe
TELANGANA,SIDDIPET,KOHEDA,MANDAL,18996.19114,2898.084719,2628.85,1944.65,73.97341043,Semi-Critical
TELANGANA,SIDDIPET,KOMARAVELLY,MANDAL,7456.33955,1475.616342,1328.67,981.79,73.89268968,Semi-Critical
TELANGANA,SIDDIPET,KONDAPAK,MANDAL,14651.45206,2417.017858,2241,1570.69,70.08879964,Semi-Critical
TELANGANA,SIDDIPET,KUKUNOORPALLY,MANDAL,9356.285222,1986.526649,1792.43,1132.83,63.20079445,safe
TELANGANA,SIDDIPET,MADDUR,MANDAL,9986.900751,1728.285243,1555.44,943.64,60.66707813,safe
TELANGANA,SIDDIPET,MARKOOK,MANDAL,8671.067574,1827.634046,1646.89,1056.95,64.17854259,safe
TELANGANA,SIDDIPET,MIRDODDI,MANDAL,9648.585644,2113.680874,1913.66,1563.69,81.71200736,Semi-Critical
TELANGANA,SIDDIPET,MULUG,MANDAL,13044.12336,2459.5296,2224.98,1349.09,60.63380345,safe
TELANGANA,SIDDIPET,NANGANUR,MANDAL,16800.07361,3734.203693,3373.22,1947.92,57.74660413,safe
TELANGANA,SIDDIPET,NARAYANRAOPET,MANDAL,5697.835958,1071.143939,964.04,722.59,74.95435874,Semi-Critical
TELANGANA,SIDDIPET,RAYAPOLE,MANDAL,9366.902654,1968.212944,1776.25,729.42,41.06516538,safe
TELANGANA,SIDDIPET,SIDDIPET_RURAL,MANDAL,10320.58814,1967.594208,1772.53,1075.36,60.6680846,safe
TELANGANA,SIDDIPET,SIDDIPET_URBAN,MANDAL,13014.60777,2788.110975,2536.76,1636.21,64.49999212,safe
TELANGANA,SIDDIPET,THOGUTA,MANDAL,15531.92559,3230.471874,2920.35,1258.37,43.08969815,safe
TELANGANA,SIDDIPET,WARGAL,MANDAL,12504.95975,2418.553625,2196.73,1611.97,73.38043364,Semi-Critical
TELANGANA,SURYAPET,ANANTHAGIRI,MANDAL,11073,10860.63479,9774.56,1118.26,11.44051497,safe
TELANGANA,SURYAPET,ATMAKUR_S,MANDAL,20910,4053.10265,3667.24,1808.79,49.32292405,safe
TELANGANA,SURYAPET,CHILKUR,MANDAL,11897,10558.43283,9502.6,1032.69,10.8674468,safe
TELANGANA,SURYAPET,CHINTHALA PALEM,MANDAL,20659,8968.146654,8071.33,586.78,7.269929491,safe
TELANGANA,SURYAPET,CHIVVEMLA,MANDAL,15163,2775.75639,2498.17,1055.62,42.2557312,safe
TELANGANA,SURYAPET,GARIDEPALLE,MANDAL,20301,17670.91456,15903.83,1656.08,10.41308917,safe
TELANGANA,SURYAPET,HUZUR NAGAR,MANDAL,12892,11265.79901,10139.21,1487.92,14.67491057,safe
TELANGANA,SURYAPET,JAJIREDDIGUDEM,MANDAL,13918,1890.973719,1712.23,718.01,41.93420276,safe
TELANGANA,SURYAPET,KODAD,MANDAL,16650,15773.46733,14196.13,1646.05,11.59506147,safe
TELANGANA,SURYAPET,MADDIRALA,MANDAL,13892,1978.879338,1780.97,1123.42,63.07910858,safe
TELANGANA,SURYAPET,MATTAMPALLE,MANDAL,21024,8458.343227,7612.51,1571.91,20.64903691,safe
TELANGANA,SURYAPET,MELLACHERVU,MANDAL,15521,8368.37425,7531.54,430.95,5.721937346,safe
TELANGANA,SURYAPET,MOTHEY,MANDAL,18652,3658.417749,3313.89,1477.05,44.57148547,safe
TELANGANA,SURYAPET,MUNAGALA,MANDAL,16241,6112.85844,5501.59,1547.77,28.13313969,safe
TELANGANA,SURYAPET,NADIGUDEM,MANDAL,11745,7268.997315,6545.77,974.71,14.89068513,safe
TELANGANA,SURYAPET,NAGARAM,MANDAL,13401,1220.22749,1105.75,609.04,55.0793579,safe
TELANGANA,SURYAPET,NEREDCHERLA,MANDAL,12995,9930.503663,8937.43,487.46,5.45414062,safe
TELANGANA,SURYAPET,NOOTHANKAL,MANDAL,11411,1907.017009,1720.5,977.13,56.79337402,safe
TELANGANA,SURYAPET,PALAKEEDU,MANDAL,14407,10384.32814,9345.9,577.1,6.174900224,safe
TELANGANA,SURYAPET,PENPAHAD,MANDAL,19538,3550.652854,3195.58,1599.1,50.04099412,safe
TELANGANA,SURYAPET,SURYAPET,MANDAL,21445,7171.060481,6456.43,1402.23,21.71834899,safe
TELANGANA,SURYAPET,THIRUMALAGIRI,MANDAL,13232,1255.162117,1135.91,736.44,64.83260117,safe
TELANGANA,SURYAPET,THUNGATHURTHI,MANDAL,13783,1333.179997,1199.84,680.93,56.75173356,safe
TELANGANA,VIKARABAD,BANTWARAM,MANDAL,9422.8,1168.137159,1051.33,501.93,47.74238346,safe
TELANGANA,VIKARABAD,BASHEERABAD,MANDAL,20412,1860.984883,1674.84,878.1,52.42888873,safe
TELANGANA,VIKARABAD,BOMRASPETA,MANDAL,13730.7,1232.787397,1109.48,563.13,50.75621012,safe
TELANGANA,VIKARABAD,CHOWDAPUR,MANDAL,10933.076,1787.861329,1609.06,670.86,41.69266528,safe
TELANGANA,VIKARABAD,DHARUR,MANDAL,20433.5,2746.028616,2471.4,838.71,33.93663511,safe
TELANGANA,VIKARABAD,DOMA,MANDAL,17222.118,2675.575524,2408.01,1392.93,57.84569001,safe
TELANGANA,VIKARABAD,DOULATABAD,MANDAL,19338,3524.278698,3171.85,647.97,20.42877185,safe
TELANGANA,VIKARABAD,DUDYAL,MANDAL,11233.14569,1865.116841,1678.59,493.71,29.41218523,safe
TELANGANA,VIKARABAD,KODANGAL,MANDAL,22274,2192.8024,1973.53,777.6,39.40147857,safe
TELANGANA,VIKARABAD,KOTEPALLY,MANDAL,11175.1,1472.342756,1325.1,562.04,42.41491208,safe
TELANGANA,VIKARABAD,KULKACHARLA,MANDAL,16099.0225,2164.258941,1947.85,792.11,40.66586236,safe
TELANGANA,VIKARABAD,MARPALLE,MANDAL,22635,8259.952336,7433.94,818.94,11.01623096,safe
TELANGANA,VIKARABAD,MOMINPET,MANDAL,18537.477,5856.594437,5270.93,931.24,17.66747045,safe
TELANGANA,VIKARABAD,NAWABPET,MANDAL,16384.9815,1871.887381,1684.7,935.01,55.50008904,safe
TELANGANA,VIKARABAD,PARGI,MANDAL,22275,2900.508038,2610.45,1420.49,54.41552223,safe
TELANGANA,VIKARABAD,PEDDEMUL,MANDAL,24427.9,2120.801407,1908.71,1047.86,54.89885839,safe
TELANGANA,VIKARABAD,PUDUR,MANDAL,20139,1740.574689,1566.5,905.75,57.81998085,safe
TELANGANA,VIKARABAD,TANDUR,MANDAL,23370.3,2186.268588,1967.66,1038.32,52.76927925,safe
TELANGANA,VIKARABAD,VIKARABAD,MANDAL,24800.1,2780.762875,2502.66,1062.03,42.43604804,safe
TELANGANA,VIKARABAD,YELAL,MANDAL,22453,3176.716048,2859.03,1633.63,57.13930949,safe
TELANGANA,WANAPARTHY,AMARCHINTA,MANDAL,9907,4345.599253,3916.38,1262.13,32.22695448,safe
TELANGANA,WANAPARTHY,ATMAKUR,MANDAL,12278,6232.761656,5612.17,710.04,12.65179066,safe
TELANGANA,WANAPARTHY,CHINNAMBAVI,MANDAL,21816.2,5573.656067,5055.55,1451.82,28.71735024,safe
TELANGANA,WANAPARTHY,GHANPUR,MANDAL,15517,4671.82479,4225.67,1958.19,46.34034366,safe
TELANGANA,WANAPARTHY,GOPALPETA,MANDAL,14461,4365.927547,3930.91,2266.11,57.64848343,safe
TELANGANA,WANAPARTHY,KOTHAKOTA,MANDAL,17293.7,5869.533543,5307.73,1387.24,26.13622019,safe
TELANGANA,WANAPARTHY,MADANAPUR,MANDAL,10909,3792.088205,3431.21,779.64,22.72201352,safe
TELANGANA,WANAPARTHY,PANGAL,MANDAL,19368,6287.960471,5695.67,2035.82,35.74329271,safe
TELANGANA,WANAPARTHY,PEBBAIR,MANDAL,19003.7,7659.690541,6900.26,1693.75,24.54617652,safe
TELANGANA,WANAPARTHY,PEDDAMANDADI,MANDAL,17547,5344.322792,4829.52,1811.7,37.51304477,safe
TELANGANA,WANAPARTHY,REVELLY,MANDAL,10224,2759.997215,2483.99,897.43,36.12856735,safe
TELANGANA,WANAPARTHY,SRIRANGAPUR,MANDAL,7842,3310.064394,2983.27,981.29,32.89310052,safe
TELANGANA,WANAPARTHY,VEEPANGANDLA,MANDAL,13988.6,3926.836639,3564.35,1964.07,55.10317449,safe
TELANGANA,WANAPARTHY,WANAPARTHY,MANDAL,18015,5837.156887,5278.21,2121.34,40.19051913,safe
TELANGANA,WARANGAL,CHENNARAOPETA,MANDAL,12365.19692,3888.440059,3506.94,2053.88,58.56615739,safe
TELANGANA,WARANGAL,DUGGONDI,MANDAL,11341.63271,3529.608174,3177.2,2076.81,65.36604557,safe
TELANGANA,WARANGAL,GEESUGONDA,MANDAL,12889.08723,3449.937002,3117.35,1777.74,57.02728279,safe
TELANGANA,WARANGAL,KHANAPUR,MANDAL,11544.01618,4408.606811,3969.36,1136.05,28.6204829,safe
TELANGANA,WARANGAL,KHILLA_WARANGAL,MANDAL,7945,878.31,802.07,556.14,69.3380877,safe
TELANGANA,WARANGAL,NALLABELLY,MANDAL,14021.01197,4019.674436,3621.22,1975.21,54.54542944,safe
TELANGANA,WARANGAL,NARSAMPET,MANDAL,13018.30301,4490.155353,4044.81,2461.1,60.8458741,safe
TELANGANA,WARANGAL,NEKKONDA,MANDAL,16880.3717,4266.556925,3860.73,2521.79,65.31899408,safe
TELANGANA,WARANGAL,PARVATHAGIRI,MANDAL,15656.99728,5474.5883,4946.78,2636.6,53.29931794,safe
TELANGANA,WARANGAL,RAIPARTHY,MANDAL,21127.66053,7634.648294,6934.38,4616.37,66.57220977,safe
TELANGANA,WARANGAL,SANGEM,MANDAL,15388.17301,4191.340733,3828.79,1904.07,49.73033256,safe
TELANGANA,WARANGAL,WARANGAL,MANDAL,3672,676.3618107,619.48,303.56,49.0023891,safe
TELANGANA,WARANGAL,WARDHANNAPET,MANDAL,15487.99213,5605.6621,5075.91,2989.88,58.90332965,safe
TELANGANA,YADADRI BHUVANAGIRI,ADDAGUDUR,MANDAL,14528.2274,4794.271603,4331.3,2218.74,51.225729,safe
TELANGANA,YADADRI BHUVANAGIRI,ALAIR,MANDAL,18544.33127,3988.74602,3611.08,2551.07,70.64562402,Semi-Critical
TELANGANA,YADADRI BHUVANAGIRI,ATMAKUR_M,MANDAL,16144.94797,5160.334486,4661.18,3154.5,67.67599621,safe
TELANGANA,YADADRI BHUVANAGIRI,BHONGIRI,MANDAL,29589.02158,7409.549368,6742.17,3114.37,46.192398,safe
TELANGANA,YADADRI BHUVANAGIRI,BIBINAGAR,MANDAL,16822.0002,6268.917889,5663.27,2004.38,35.39262652,safe
TELANGANA,YADADRI BHUVANAGIRI,BOMMALARAMARAM,MANDAL,16100.31248,4654.194207,4210.27,2054.25,48.79140768,safe
TELANGANA,YADADRI BHUVANAGIRI,CHOUTUPPAL,MANDAL,26883.69567,11093.88148,9999.32,4068.02,40.68296644,safe
TELANGANA,YADADRI BHUVANAGIRI,GUNDALA,MANDAL,17337.55761,3342.556857,3014.13,1882.94,62.47043094,safe
TELANGANA,YADADRI BHUVANAGIRI,MOOTAKONDUR,MANDAL,16458.57962,3297.33906,2973.33,1582.88,53.23593412,safe
TELANGANA,YADADRI BHUVANAGIRI,MOTHKUR,MANDAL,14522.5618,5568.247585,5037.49,2806.32,55.7086962,safe
TELANGANA,YADADRI BHUVANAGIRI,NARAYANAPUR,MANDAL,25772.8326,3773.783105,3419.84,1918.6,56.10203986,safe
TELANGANA,YADADRI BHUVANAGIRI,POCHAMPALLE,MANDAL,19369.08133,8793.805699,7917.1,2311.47,29.1959177,safe
TELANGANA,YADADRI BHUVANAGIRI,RAJAPET,MANDAL,18652.38243,2461.334745,2215.52,1291.24,58.28157724,safe
TELANGANA,YADADRI BHUVANAGIRI,RAMANNAPETA,MANDAL,22933.85487,6321.706664,5710.88,1666.27,29.17711456,safe
TELANGANA,YADADRI BHUVANAGIRI,TURKAPALLE_M,MANDAL,19447.18573,3797.328278,3429.85,2171.71,63.31792936,safe
TELANGANA,YADADRI BHUVANAGIRI,VALIGONDA,MANDAL,30994.51964,8587.327324,7813.27,3373.55,43.17718446,safe
TELANGANA,YADADRI BHUVANAGIRI,YADAGIRIGUTTA,MANDAL,19180.90234,3256.604846,2942.14,1551.33,52.72794632,safe
TRIPURA,DHALAI,AMBASA,BLOCK,13279,3123.75,2669.84,114.69,4.295763042,safe
TRIPURA,DHALAI,CHAWMANU,BLOCK,16183,2844.75,2090.1,85.02,4.067747955,safe
TRIPURA,DHALAI,DUMBURNAGAR,BLOCK,12307,2017.72,1510.17,95.19,6.303263871,safe
TRIPURA,DHALAI,DURGACHOWMOHANI,BLOCK,5902,1661.62,1115.72,175.79,15.75574517,safe
TRIPURA,DHALAI,GANGANAGAR,BLOCK,4538,839.07,687.09,80.58,11.72772126,safe
TRIPURA,DHALAI,MANU,BLOCK,26331,4740.98,3382.05,232.04,6.860927544,safe
TRIPURA,DHALAI,RAISHYABARI,BLOCK,7908,1282.65,1189.41,58.17,4.890660075,safe
TRIPURA,DHALAI,SALEMA,BLOCK,13133,3174.25,2743.68,233.74,8.519215069,safe
TRIPURA,GOMATI,AMARPUR,BLOCK,26791,6205.29,5027.23,157.77,3.13830877,safe
TRIPURA,GOMATI,KAKRABAN,BLOCK,7378,1617.05,1437.35,196.19,13.64942429,safe
TRIPURA,GOMATI,KARBOOK,BLOCK,15385,1899.6,1669.3,66.48,3.982507638,safe
TRIPURA,GOMATI,KILLA,BLOCK,16297,3183.6,2442.62,165.08,6.758316889,safe
TRIPURA,GOMATI,MATABARI,BLOCK,17858,4327.44,3188.6,248.2,7.78398043,safe
TRIPURA,GOMATI,OMPI,BLOCK,15466,2941.65,2613.53,97.59,3.73403022,safe
TRIPURA,GOMATI,SILACHHARI,BLOCK,4475,508.58,441.06,44.23,10.02811409,safe
TRIPURA,GOMATI,TEPANIA,BLOCK,6178,1277.68,1064.18,82.87,7.787216448,safe
TRIPURA,KHOWAI,KALYANPUR,BLOCK,7253,2016.28,1814.65,227.49,12.53630177,safe
TRIPURA,KHOWAI,KHOWAI,BLOCK,9985,2969.88,2461.42,205.08,8.331775967,safe
TRIPURA,KHOWAI,MUNGIAKAMI,BLOCK,11183,1948.34,1749.51,80.24,4.586427057,safe
TRIPURA,KHOWAI,PADMABIL,BLOCK,6529,1349.31,1204.64,90.83,7.540011954,safe
TRIPURA,KHOWAI,TELIAMURA,BLOCK,6149,1480.44,1295.98,269.95,20.82979676,safe
TRIPURA,KHOWAI,TULASIKHAR,BLOCK,8461,1763.11,1557.58,110,7.062237574,safe
TRIPURA,NORTH TRIPURA,DAMCHHERA,BLOCK,1410,373.1,310.97,68.31,21.9667492,safe
TRIPURA,NORTH TRIPURA,DASDA,BLOCK,10399,2196.08,1175.84,132.47,11.26598857,safe
TRIPURA,NORTH TRIPURA,JAMPUI HILL,BLOCK,4455,860.16,707.78,28.48,4.023849219,safe
TRIPURA,NORTH TRIPURA,JUBARAJNAGAR,BLOCK,8751,2062.78,1567.68,162.3,10.35287814,safe
TRIPURA,NORTH TRIPURA,KADAMTALA,BLOCK,9498,2110.44,1344.62,243.41,18.10251223,safe
TRIPURA,NORTH TRIPURA,KALACHERRA,BLOCK,7644,1606.26,1033.78,173.27,16.76081952,safe
TRIPURA,NORTH TRIPURA,LALJURI,BLOCK,7144,1554.28,1204.15,111.25,9.238882199,safe
TRIPURA,NORTH TRIPURA,PANISAGAR,BLOCK,5081,1374.19,1153.85,110.09,9.54110153,safe
TRIPURA,SEPAHIJALA,BISHALGARH,BLOCK,13732,3290.48,2668.13,422.09,15.81969394,safe
TRIPURA,SEPAHIJALA,BOXANAGAR,BLOCK,11052,2108.91,1502.66,195.6,13.01691667,safe
TRIPURA,SEPAHIJALA,CHARILAM,BLOCK,11473,2218.82,1718.28,264.27,15.3799148,safe
TRIPURA,SEPAHIJALA,JAMPUIJALA,BLOCK,25577,4374.53,3314.08,150.79,4.549980688,safe
TRIPURA,SEPAHIJALA,KANTHALIA,BLOCK,11830,3043.46,2641.51,453.63,17.17313203,safe
TRIPURA,SEPAHIJALA,MOHANBHOG,BLOCK,6123,1836.11,1641.4,109.37,6.663214329,safe
TRIPURA,SEPAHIJALA,NALCHAR,BLOCK,7383,2097.63,1671.15,182.72,10.93378811,safe
TRIPURA,SOUTH TRIPURA,BAGAFA,BLOCK,19010,4855.18,3523.18,206.32,5.856073207,safe
TRIPURA,SOUTH TRIPURA,BHARAT CH NAGAR,BLOCK,8527,2314.99,1579.68,101.9,6.450673554,safe
TRIPURA,SOUTH TRIPURA,HRISHYAMUKH,BLOCK,12010,3261.28,2407.08,178.89,7.431826113,safe
TRIPURA,SOUTH TRIPURA,JOLAIBARI,BLOCK,12660,3158.14,2646.65,148.45,5.608977387,safe
TRIPURA,SOUTH TRIPURA,POANGBARI,BLOCK,4265,976.44,774.01,64.72,8.361649074,safe
TRIPURA,SOUTH TRIPURA,RAJNAGAR,BLOCK,16182,3185.54,2686.71,267.48,9.95567069,safe
TRIPURA,SOUTH TRIPURA,RUPAICHARI,BLOCK,8360,2127.49,1790.67,120.6,6.73490928,safe
TRIPURA,SOUTH TRIPURA,SATCHAND,BLOCK,17089,5312.23,4606.08,153.84,3.339933306,safe
TRIPURA,UNAKOTI,CHANDIPUR,BLOCK,8226,1873.62,1453.93,154.65,10.63668815,safe
TRIPURA,UNAKOTI,GOURNAGAR,BLOCK,8764,2017.29,1675.17,175.22,10.45983393,safe
TRIPURA,UNAKOTI,KUMARGHAT,BLOCK,17522,3952.52,3416.81,245.86,7.195600575,safe
TRIPURA,UNAKOTI,PENCHARTHAL,BLOCK,8366,1888.78,1684.55,104.23,6.1874091,safe
TRIPURA,WEST TRIPURA,AMC,BLOCK,7650,1884,1789.8,1077.17,60.18381942,safe
TRIPURA,WEST TRIPURA,BAMUTIA,BLOCK,5471,1064.67,855.5,161.78,18.91057861,safe
TRIPURA,WEST TRIPURA,BELBARI,BLOCK,6911,1562.16,1230.11,192.99,15.68884084,safe
TRIPURA,WEST TRIPURA,DUKLI,BLOCK,9948,2267.89,2085.9,476.53,22.8452946,safe
TRIPURA,WEST TRIPURA,HEZAMARA,BLOCK,10866,2035.6,1796.84,100.31,5.582578304,safe
TRIPURA,WEST TRIPURA,JIRANIA,BLOCK,4677,1184.24,976.33,195.87,20.06186433,safe
TRIPURA,WEST TRIPURA,LEFUNGA,BLOCK,3526,794.3,696.34,127.2,18.26693856,safe
TRIPURA,WEST TRIPURA,MANDWI,BLOCK,11823,2116.01,1739.39,103.47,5.948637166,safe
TRIPURA,WEST TRIPURA,MOHANPUR,BLOCK,10886,2377.86,1967.21,355.72,18.08246196,safe
TRIPURA,WEST TRIPURA,OLD AGARTALA,BLOCK,6524,1309.11,1011.74,210.28,20.78399589,safe
JAMMU AND KASHMIR,ANANTNAG,ANANTNAG,DISTRICT,65711,27629.66,24866.7,5553.95,22.33,SAFE
JAMMU AND KASHMIR,BANDIPORA,BANDIPORA,DISTRICT,14400,1308.19,1177.37,369.81,31.41,SAFE
JAMMU AND KASHMIR,BARAMULLA,BARAMULLA,DISTRICT,57500,64372.73,57935.46,8031.05,13.86,SAFE
JAMMU AND KASHMIR,BUDGAM,BUDGAM,DISTRICT,23400,31439.78,28295.8,5905.25,20.87,SAFE
JAMMU AND KASHMIR,DODA,DODA,DISTRICT,87500,1105.72,995.14,471.36,47.37,SAFE
JAMMU AND KASHMIR,GANDERBAL,GANDERBAL,DISTRICT,2400,1197.83,1078.04,557.06,51.67,SAFE
JAMMU AND KASHMIR,JAMMU,JAMMU,DISTRICT,58000,102108.16,93698.89,32440.72,34.62,SAFE
JAMMU AND KASHMIR,KATHUA,KATHUA,DISTRICT,112500,47880.23,43092.19,13153.11,30.52,SAFE
JAMMU AND KASHMIR,KISHTWAR,KISHTWAR,DISTRICT,3328,1690.63,1521.56,230.81,15.17,SAFE
JAMMU AND KASHMIR,KULGAM,KULGAM,DISTRICT,60000,13821.58,12439.42,1953.25,15.7,SAFE
JAMMU AND KASHMIR,KUPWARA,KUPWARA,DISTRICT,165211,36982.73,33284.46,6005.81,18.04,SAFE
JAMMU AND KASHMIR,POONCH,POONCH,DISTRICT,44789,20112.6,18101.34,2674.26,14.77,SAFE
JAMMU AND KASHMIR,PULWAMA,PULWAMA,DISTRICT,21847,27532.4,24779.16,6738.79,27.2,SAFE
JAMMU AND KASHMIR,RAJOURI,RAJOURI,DISTRICT,7000,37135.88,33422.29,4148.85,12.41,SAFE
JAMMU AND KASHMIR,RAMBAN,RAMBAN,DISTRICT,77500,1559.07,1403.17,458.08,32.65,SAFE
JAMMU AND KASHMIR,REASI,REASI,DISTRICT,2245,7098.95,6389.05,1399.6,21.91,SAFE
JAMMU AND KASHMIR,SAMBA,SAMBA,DISTRICT,2000,23404.05,21063.65,3495.05,16.59,SAFE
JAMMU AND KASHMIR,SHOPIAN,SHOPIAN,DISTRICT,1831,18074.02,16266.62,2423.66,14.9,SAFE
JAMMU AND KASHMIR,SRINAGAR URBAN,SRINAGAR URBAN,DISTRICT,35000,11594.36,10434.92,8161.56,78.21,Semi-Critical
JAMMU AND KASHMIR,UDHAMPUR,UDHAMPUR,DISTRICT,24263,17723.61,16081.26,3851.91,23.95,SAFE
UTTAR PRADESH,AGRA,ACHHNERA,BLOCK,28212,11828.57,11237.14,9165.96,81.56844179,Semi-Critical
UTTAR PRADESH,AGRA,AGRA CITY,BLOCK,14197,3944.31,3549.88,4044.87,113.9438516,Over-Exploited
UTTAR PRADESH,AGRA,AKOLA,BLOCK,17126,5312.2,4780.98,5226.42,109.3169183,Over-Exploited
UTTAR PRADESH,AGRA,BAH,BLOCK,27946,5422.36,4880.13,4815.41,98.67380582,Critical
UTTAR PRADESH,AGRA,BARAULI AHIR,BLOCK,23894,5742.46,5168.21,8987.33,173.896378,Over-Exploited
UTTAR PRADESH,AGRA,BICHPURI,BLOCK,12074,3241.91,2917.72,4972.13,170.4114857,Over-Exploited
UTTAR PRADESH,AGRA,ETMADPUR,BLOCK,21902,4771.54,4294.38,5926.46,138.0050205,Over-Exploited
UTTAR PRADESH,AGRA,FATEHABAD,BLOCK,34935,4733.86,4260.47,7252.86,170.2361477,Over-Exploited
UTTAR PRADESH,AGRA,FATEHPUR SIKRI,BLOCK,29132,10054.49,9049.04,10437.82,115.3472634,Over-Exploited
UTTAR PRADESH,AGRA,JAGNER,BLOCK,30393,3891.25,3502.12,3007.58,85.8788391,Semi-Critical
UTTAR PRADESH,AGRA,JAITPUR KALAN,BLOCK,30063,5103.54,4593.18,4038.73,87.92884233,Semi-Critical
UTTAR PRADESH,AGRA,KHANDAULI,BLOCK,21522,3765.23,3388.71,4836.57,142.7259931,Over-Exploited
UTTAR PRADESH,AGRA,KHERAGARH,BLOCK,24420,6670.94,6003.85,5281.7,87.97188471,Semi-Critical
UTTAR PRADESH,AGRA,PINAHAT,BLOCK,29638,5119.03,4607.12,3410.58,74.0284603,Semi-Critical
UTTAR PRADESH,AGRA,SAIYANA,BLOCK,22849,5551.1,4995.99,5625.1,112.592299,Over-Exploited
UTTAR PRADESH,AGRA,SHAMSABAD,BLOCK,26414,4139.53,3725.57,7185.26,192.8633739,Over-Exploited
UTTAR PRADESH,ALIGARH,AKRABAD,BLOCK,28675,9417.45,8946.58,5851.15,65.40096886,safe
UTTAR PRADESH,ALIGARH,ALIGARH CITY,BLOCK,15797,2006.66,1805.99,4512.1,249.8408075,Over-Exploited
UTTAR PRADESH,ALIGARH,ATRAULI,BLOCK,27460,7711.47,7325.9,4998.29,68.22765804,safe
UTTAR PRADESH,ALIGARH,BIJAULI,BLOCK,25494,7157.56,6441.81,4235.11,65.74409987,safe
UTTAR PRADESH,ALIGARH,CHANDAUS,BLOCK,32089,7201.35,6841.28,5822.04,85.10161841,Semi-Critical
UTTAR PRADESH,ALIGARH,DHANIPUR,BLOCK,28332,9634.79,8671.31,5949.73,68.61396952,safe
UTTAR PRADESH,ALIGARH,GANGIRI,BLOCK,34304,8733.31,7859.98,6847.99,87.1247764,Semi-Critical
UTTAR PRADESH,ALIGARH,GONDA,BLOCK,29051,8387.25,7548.53,5455.91,72.27778124,Semi-Critical
UTTAR PRADESH,ALIGARH,IGLAS,BLOCK,24637,6324.6,5692.14,5611.95,98.59121525,Critical
UTTAR PRADESH,ALIGARH,JAWA SIKANDAIRPUR,BLOCK,30059,7662.88,6896.59,6174.91,89.53569808,Semi-Critical
UTTAR PRADESH,ALIGARH,KHAIR,BLOCK,34345,9794.42,8814.98,7327.58,83.12645066,Semi-Critical
UTTAR PRADESH,ALIGARH,LODHA,BLOCK,33381,6239.94,5615.94,4925.13,87.69912072,Semi-Critical
UTTAR PRADESH,ALIGARH,TAPPAL,BLOCK,37219,8172.74,7764.1,4841.35,62.35558532,safe
UTTAR PRADESH,AMBEDKAR NAGAR,AKBARPUR,BLOCK,41216,11825.99,10643.39,6546.54,61.50803456,safe
UTTAR PRADESH,AMBEDKAR NAGAR,BASKHARI,BLOCK,20457,6879.27,6535.31,4488.12,68.67493661,safe
UTTAR PRADESH,AMBEDKAR NAGAR,BHITI,BLOCK,20976,5783.55,5205.19,3537.96,67.96985317,safe
UTTAR PRADESH,AMBEDKAR NAGAR,BHIYAON,BLOCK,21189,6767.29,6090.56,3755.52,61.66132507,safe
UTTAR PRADESH,AMBEDKAR NAGAR,JAHANGIRGANI,BLOCK,21944,7275.57,6548.02,4096.22,62.55662017,safe
UTTAR PRADESH,AMBEDKAR NAGAR,JALALPUR,BLOCK,30031,9004.06,8103.65,6140,75.76832662,Semi-Critical
UTTAR PRADESH,AMBEDKAR NAGAR,KATEHARI,BLOCK,25333,7737.16,6963.45,4364,62.67008451,safe
UTTAR PRADESH,AMBEDKAR NAGAR,RAMNAGAR,BLOCK,32280,11047.01,9942.3,5685.61,57.18606359,safe
UTTAR PRADESH,AMBEDKAR NAGAR,TANDA,BLOCK,32472,13070.14,11763.13,6605.36,56.15308171,safe
UTTAR PRADESH,AMETHI,AMETHI,BLOCK,16236,5756.97,5181.28,3599.55,69.47221536,safe
UTTAR PRADESH,AMETHI,BAHADURPUR,BLOCK,15554,6245.79,5621.21,3809.23,67.7653032,safe
UTTAR PRADESH,AMETHI,BHADAR,BLOCK,15921,6270.16,5956.65,4123.58,69.22649476,safe
UTTAR PRADESH,AMETHI,BHETUA,BLOCK,16495,5787.82,5498.43,3119,56.7252834,safe
UTTAR PRADESH,AMETHI,GAURIGANJ,BLOCK,20791,7995.14,7195.63,4768.07,66.26341265,safe
UTTAR PRADESH,AMETHI,JAGDISHPUR,BLOCK,21476,8573.24,7715.92,5157.31,66.83985837,safe
UTTAR PRADESH,AMETHI,JAMO,BLOCK,23553,10869.93,10326.43,6276.55,60.78141236,safe
UTTAR PRADESH,AMETHI,MUSAFIRKHANA,BLOCK,18206,7386.36,6647.73,4009.07,60.30735304,safe
UTTAR PRADESH,AMETHI,SANGRAMPUR,BLOCK,10176,3811.59,3430.43,2652.03,77.3089671,Semi-Critical
UTTAR PRADESH,AMETHI,SHAHGARH,BLOCK,12774,4159.75,3743.78,2137.94,57.1064539,safe
UTTAR PRADESH,AMETHI,SHUKUL BAZAR,BLOCK,19176,5284.96,4756.46,3277.17,68.89934952,safe
UTTAR PRADESH,AMETHI,SINGHPUR,BLOCK,21261,7618.88,6856.99,4048.97,59.04879546,safe
UTTAR PRADESH,AMETHI,TILOI,BLOCK,21373,7655.95,6890.35,4596.53,66.70967367,safe
UTTAR PRADESH,AMROHA,AMROHA,BLOCK,33284,15300.66,13770.59,12214.41,88.69924963,Semi-Critical
UTTAR PRADESH,AMROHA,DHANAURA,BLOCK,40966,13546.67,12192,11334.83,92.96940617,Critical
UTTAR PRADESH,AMROHA,GAJRAULA,BLOCK,31099,12436.66,11192.99,10545.94,94.21914966,Critical
UTTAR PRADESH,AMROHA,GANGESHWARI,BLOCK,40193,12400.54,11160.48,7813.49,70.01034006,Semi-Critical
UTTAR PRADESH,AMROHA,HASANPUR,BLOCK,34389,15159.33,14401.36,11217.51,77.89201853,Semi-Critical
UTTAR PRADESH,AMROHA,JOYA,BLOCK,34972,11832.31,10649.08,14183.92,133.1938534,Over-Exploited
UTTAR PRADESH,AURAIYA,ACHHALDA,BLOCK,28192,11567.2,10410.48,5293.46,50.8474153,safe
UTTAR PRADESH,AURAIYA,AJITMAL,BLOCK,22120,7279.97,6551.97,3644.89,55.63044397,safe
UTTAR PRADESH,AURAIYA,AURRAIYA,BLOCK,44465,13655.92,12290.33,6384.79,51.94970355,safe
UTTAR PRADESH,AURAIYA,BHAGYANAGAR,BLOCK,26802,10018.23,9016.4,5068.9,56.2186682,safe
UTTAR PRADESH,AURAIYA,BIDHUNA,BLOCK,33971,7608.6,6847.74,4148.28,60.57881871,safe
UTTAR PRADESH,AURAIYA,ERWA KATRA,BLOCK,23958,7160.89,6444.8,4090.52,63.47008441,safe
UTTAR PRADESH,AURAIYA,SAHAR,BLOCK,29919,9137.37,8223.64,4922.67,59.85998901,safe
UTTAR PRADESH,AYODHYA,AMANIGANJ,BLOCK,24750,10315.94,9284.34,5391.03,58.0658399,safe
UTTAR PRADESH,AYODHYA,BIKAPUR,BLOCK,20497,4933.07,4439.76,2957.44,66.61260969,safe
UTTAR PRADESH,AYODHYA,HARRINGTANGANJ,BLOCK,21890,5770.02,5193.02,3382.14,65.12857644,safe
UTTAR PRADESH,AYODHYA,MASODHA,BLOCK,20718,8587.93,7729.14,5277.9,68.28573425,safe
UTTAR PRADESH,AYODHYA,MAWAI,BLOCK,23860,8670.98,7803.88,4694.93,60.16148377,safe
UTTAR PRADESH,AYODHYA,MAYA BAZAR,BLOCK,21659,7147.37,6432.63,4128.2,64.17592804,safe
UTTAR PRADESH,AYODHYA,MILKIPUR,BLOCK,21969,6728.05,6055.24,4069,67.19799711,safe
UTTAR PRADESH,AYODHYA,PURA BAZAR,BLOCK,23043,8807.13,7926.42,4873.42,61.48324212,safe
UTTAR PRADESH,AYODHYA,RUDAULI,BLOCK,26890,11660.12,10494.11,6545.87,62.37660936,safe
UTTAR PRADESH,AYODHYA,SOHAWAL,BLOCK,19822,12072.55,10865.29,6135.8,56.4715714,safe
UTTAR PRADESH,AYODHYA,TARUN,BLOCK,27103,9118.19,8206.37,5372.12,65.46280511,safe
UTTAR PRADESH,AZAMGARH,AHIRAULA,BLOCK,19602,6429.41,5786.47,3663.55,63.3123476,safe
UTTAR PRADESH,AZAMGARH,ATRAULIA,BLOCK,13502,3704.15,3333.74,2246.92,67.39937728,safe
UTTAR PRADESH,AZAMGARH,AZAMATGARH,BLOCK,20535,6662.28,5996.06,3654.54,60.94902319,safe
UTTAR PRADESH,AZAMGARH,BILHARIYAGANJ,BLOCK,19927,5723.35,5151.02,3040.82,59.0333565,safe
UTTAR PRADESH,AZAMGARH,HARAIYA,BLOCK,26391,6699.69,6029.72,3554.09,58.94286965,safe
UTTAR PRADESH,AZAMGARH,JAHANGANJ,BLOCK,18089,6186.95,5568.26,3439.8,61.77513263,safe
UTTAR PRADESH,AZAMGARH,KOILSA,BLOCK,16539,5638.92,5075.03,3296.96,64.96434504,safe
UTTAR PRADESH,AZAMGARH,LALGANJ,BLOCK,21299,6599.18,6269.22,3437.64,54.83361567,safe
UTTAR PRADESH,AZAMGARH,MAHARAJGANJ,BLOCK,24006,7104.64,6394.17,4095.3,64.04740568,safe
UTTAR PRADESH,AZAMGARH,MARTINGANJ,BLOCK,23235,8714.64,7843.17,4780.25,60.94793304,safe
UTTAR PRADESH,AZAMGARH,MEHNAGAR,BLOCK,18719,7668.8,7285.36,4097.96,56.24924506,safe
UTTAR PRADESH,AZAMGARH,MIRZAPUR,BLOCK,16556,4990.24,4491.21,2828.23,62.97256196,safe
UTTAR PRADESH,AZAMGARH,MOHAMMADPUR,BLOCK,19192,6736.66,6062.99,3351.26,55.27404795,safe
UTTAR PRADESH,AZAMGARH,PALHANA,BLOCK,14289,4579.87,4121.88,2696.65,65.42281677,safe
UTTAR PRADESH,AZAMGARH,PALHANI,BLOCK,12728,3871.62,3678.04,2371.8,64.48543246,safe
UTTAR PRADESH,AZAMGARH,PAWAI,BLOCK,20699,7322.35,6590.11,3732.94,56.64457801,safe
UTTAR PRADESH,AZAMGARH,PHULPUR,BLOCK,19120,6052.96,5750.32,3277.61,56.99874094,safe
UTTAR PRADESH,AZAMGARH,RANI KI SARAI,BLOCK,13901,5620.73,5339.69,3319.2,62.16091196,safe
UTTAR PRADESH,AZAMGARH,SATHIYAON,BLOCK,16416,3877.82,3490.04,2435.76,69.79175024,safe
UTTAR PRADESH,AZAMGARH,TAHBARPUR,BLOCK,17626,5784.93,5495.68,3374.49,61.40259258,safe
UTTAR PRADESH,AZAMGARH,TARWA,BLOCK,21980,7058.24,6352.41,4387.13,69.06245031,safe
UTTAR PRADESH,AZAMGARH,THEKMA,BLOCK,22768,7293.08,6928.43,4145.43,59.83216977,safe
UTTAR PRADESH,BAGPAT,BAGHPAT,BLOCK,21063.32,5559.59,5003.63,4420.1,88.33786671,Semi-Critical
UTTAR PRADESH,BAGPAT,BARAUT,BLOCK,27686.1,8758.99,7883.09,6157.34,78.10820376,Semi-Critical
UTTAR PRADESH,BAGPAT,BINAULI,BLOCK,29106,6928.79,6235.91,7064.32,113.2845086,Over-Exploited
UTTAR PRADESH,BAGPAT,CHHAPRAULI,BLOCK,20532.13,7000.85,6300.77,4688.41,74.41011178,Semi-Critical
UTTAR PRADESH,BAGPAT,KHEKRA,BLOCK,16037.41,4180.33,3762.3,4554.84,121.0653058,Over-Exploited
UTTAR PRADESH,BAGPAT,PILANA,BLOCK,20714,4849.87,4364.88,5700.2,130.5923645,Over-Exploited
UTTAR PRADESH,BAHRAICH,BALHA,BLOCK,30089,11982.64,11383.51,5338.56,46.89731023,safe
UTTAR PRADESH,BAHRAICH,BISHESHWARGANJ,BLOCK,25595,11766.08,10589.47,6782.74,64.05174197,safe
UTTAR PRADESH,BAHRAICH,CHITTAURA,BLOCK,31701,14100.57,13395.55,8636.96,64.47633729,safe
UTTAR PRADESH,BAHRAICH,FAKHARPUR,BLOCK,34530,9725.69,9239.41,4889.64,52.92156101,safe
UTTAR PRADESH,BAHRAICH,HUZURPUR,BLOCK,24208,9062.24,8609.13,5499.81,63.88345861,safe
UTTAR PRADESH,BAHRAICH,JARWAL,BLOCK,28197,8013.74,7613.05,4309.45,56.60609086,safe
UTTAR PRADESH,BAHRAICH,KAISARGANJ,BLOCK,24103,6796.03,6456.23,3605.27,55.84172187,safe
UTTAR PRADESH,BAHRAICH,MAHASI,BLOCK,37660,9127.35,8670.98,5231.61,60.33470265,safe
UTTAR PRADESH,BAHRAICH,MIHIPURWA,BLOCK,59547,13590.03,12231.03,7623.76,62.33129998,safe
UTTAR PRADESH,BAHRAICH,NAWABGANJ,BLOCK,24421,9455.57,8510.01,5004.47,58.80686392,safe
UTTAR PRADESH,BAHRAICH,PAYAGPUR,BLOCK,27158,11899.69,10709.72,6712.91,62.68053693,safe
UTTAR PRADESH,BAHRAICH,RISIYA,BLOCK,26877,10690.6,10156.07,6204.34,61.08996886,safe
UTTAR PRADESH,BAHRAICH,SHIVPUR,BLOCK,38005,9526.81,9050.47,5727.41,63.28301182,safe
UTTAR PRADESH,BAHRAICH,TEJWAPUR,BLOCK,26634,8044.98,7642.73,4980.48,65.16624295,safe
UTTAR PRADESH,BALLIA,BAIRIA KHERA,BLOCK,15937,3688.09,3319.28,2144.3,64.60135933,safe
UTTAR PRADESH,BALLIA,BANSDIH,BLOCK,17170,5154.85,4897.11,2781.37,56.7961512,safe
UTTAR PRADESH,BALLIA,BELHARI,BLOCK,15787,3664.77,3298.29,2079.27,63.04084844,safe
UTTAR PRADESH,BALLIA,BERUAR,BLOCK,16056,4505.61,4055.05,2596.86,64.04014747,safe
UTTAR PRADESH,BALLIA,CHILKAHAR,BLOCK,18870,7186.69,6827.36,4465.49,65.40580839,safe
UTTAR PRADESH,BALLIA,DUBAHAND,BLOCK,15938,4142.47,3728.22,2397.34,64.30253579,safe
UTTAR PRADESH,BALLIA,GARWAR,BLOCK,16136,5612.47,5051.22,3250.61,64.35296819,safe
UTTAR PRADESH,BALLIA,HANUMANGANJ BRAHMIN,BLOCK,15154,4593.1,4133.79,2579.43,62.39867047,safe
UTTAR PRADESH,BALLIA,MANIYAR,BLOCK,17036,6126.8,5820.46,3835.83,65.90252317,safe
UTTAR PRADESH,BALLIA,MURLI CHHAPRA,BLOCK,14332,4272.39,3845.15,2170.02,56.4352496,safe
UTTAR PRADESH,BALLIA,NAWA NAGAR,BLOCK,18203,6213.61,5592.25,3456.36,61.80624972,safe
UTTAR PRADESH,BALLIA,NEGARA,BLOCK,21378,9695.37,9210.6,6199.78,67.31135865,safe
UTTAR PRADESH,BALLIA,PANDAH,BLOCK,17247,5744.79,5170.31,3170.09,61.31334485,safe
UTTAR PRADESH,BALLIA,RASRA,BLOCK,20493,4521.99,4295.89,2954.81,68.78225467,safe
UTTAR PRADESH,BALLIA,REOTI,BLOCK,15123,3338,3004.19,1850.28,61.58997933,safe
UTTAR PRADESH,BALLIA,SIAR,BLOCK,22302,7398.72,7028.78,4526.67,64.40193035,safe
UTTAR PRADESH,BALLIA,SOHAON,BLOCK,15538,4704.86,4234.38,2747.12,64.87655808,safe
UTTAR PRADESH,BALRAMPUR,BALRAMPUR,BLOCK,48684,15773.36,14196.03,9085.59,64.00092138,safe
UTTAR PRADESH,BALRAMPUR,GAINDAS BUZURG,BLOCK,54500,11197.57,10637.69,6051.55,56.88782057,safe
UTTAR PRADESH,BALRAMPUR,GAINSARA,BLOCK,16782,6161.58,5545.42,3623.28,65.33824309,safe
UTTAR PRADESH,BALRAMPUR,HARRAIYA SATGHARWA,BLOCK,59923,13315.16,12649.4,6736.62,53.25643904,safe
UTTAR PRADESH,BALRAMPUR,PACHPERWA,BLOCK,48284,11074.41,9966.96,5924.67,59.4431,safe
UTTAR PRADESH,BALRAMPUR,REHRA BAZAR,BLOCK,23709,6977.63,6279.86,4228.3,67.33111885,safe
UTTAR PRADESH,BALRAMPUR,SHRI DATT GANJ,BLOCK,19147,8038.22,7234.4,4249.95,58.74640606,safe
UTTAR PRADESH,BALRAMPUR,TULSIPUR,BLOCK,47761,12765.03,12126.78,6749.68,55.6592929,safe
UTTAR PRADESH,BALRAMPUR,UTRAULA,BLOCK,16067,5763.56,5475.38,3467.37,63.32656364,safe
UTTAR PRADESH,BANDA,BABERU,BLOCK,59041,12056.62,11453.79,8341.83,72.83030333,Semi-Critical
UTTAR PRADESH,BANDA,BAROKHAR,BLOCK,67162,9257.12,8794.26,5732.41,65.18354017,safe
UTTAR PRADESH,BANDA,BISANDA,BLOCK,47476,10638.92,9575.02,5381.6,56.20458234,safe
UTTAR PRADESH,BANDA,JASPURA,BLOCK,31796,5671.73,5104.56,3937.77,77.14220227,Semi-Critical
UTTAR PRADESH,BANDA,KAMASIN,BLOCK,50597,10139.64,9125.68,5781.62,63.35549789,safe
UTTAR PRADESH,BANDA,MAHUVA,BLOCK,50714,10283.67,9255.3,4652.42,50.26763044,safe
UTTAR PRADESH,BANDA,NARAINI,BLOCK,79583,4333.36,3900.02,2820.4,72.31757786,Semi-Critical
UTTAR PRADESH,BANDA,TINDWARI,BLOCK,54091,10252.78,9227.5,7274.58,78.83587104,Semi-Critical
UTTAR PRADESH,BARABANKI,BANI KODAR,BLOCK,28140,14638.29,13174.46,8777.66,66.62633611,safe
UTTAR PRADESH,BARABANKI,BANKI,BLOCK,22402,11242.19,10117.97,5851.42,57.83195641,safe
UTTAR PRADESH,BARABANKI,DARIYABAD,BLOCK,24908,13947.07,12552.36,7955.75,63.38051171,safe
UTTAR PRADESH,BARABANKI,DEWA,BLOCK,26125,17060.33,15354.3,9779.67,63.69336277,safe
UTTAR PRADESH,BARABANKI,FATEHPUR,BLOCK,29266,21901.21,19711.08,12621.78,64.03393421,safe
UTTAR PRADESH,BARABANKI,HAIDERGARH,BLOCK,31117,10430.26,9387.24,6055.11,64.50362407,safe
UTTAR PRADESH,BARABANKI,HARAK,BLOCK,22495,12467.95,11221.16,7569.38,67.45630577,safe
UTTAR PRADESH,BARABANKI,MASAULI,BLOCK,23260,10968.45,9871.6,6790.42,68.78743061,safe
UTTAR PRADESH,BARABANKI,NINDAURA,BLOCK,17862,15884.24,14295.81,8262.41,57.79602555,safe
UTTAR PRADESH,BARABANKI,PURE DALAI,BLOCK,28880,9951.72,8956.55,5311.52,59.30319152,safe
UTTAR PRADESH,BARABANKI,RAMNAGAR,BLOCK,22942,11844.78,10660.3,7236.9,67.88645723,safe
UTTAR PRADESH,BARABANKI,SIDDHAUR,BLOCK,27246,13563.59,12207.23,7620.74,62.42808565,safe
UTTAR PRADESH,BARABANKI,SIRAULI GAUSPUR,BLOCK,26490,11741.99,11154.9,6392.95,57.31068858,safe
UTTAR PRADESH,BARABANKI,SURATGANJ,BLOCK,20359,9715.39,9229.62,5878.6,63.69276308,safe
UTTAR PRADESH,BARABANKI,TRIVEDIGANJ,BLOCK,37640,16522.39,14870.15,9272.09,62.3537086,safe
UTTAR PRADESH,BAREILLY,ALAMPUR JAFARABAD,BLOCK,20268,5609.21,5048.29,4214.14,83.47658316,Semi-Critical
UTTAR PRADESH,BAREILLY,BAHERI,BLOCK,39214,13813.02,12431.72,8223.22,66.14708182,safe
UTTAR PRADESH,BAREILLY,BAREILLY CITY,BLOCK,13283,2225.52,2002.97,4124.07,205.8977419,Over-Exploited
UTTAR PRADESH,BAREILLY,BHADPURA,BLOCK,23563,7513,6761.7,4558.57,67.41751335,safe
UTTAR PRADESH,BAREILLY,BHOJPURA,BLOCK,31188,9051.87,8146.69,5479.11,67.25565843,safe
UTTAR PRADESH,BAREILLY,BHUTAH,BLOCK,37531,9638.88,9156.94,5944.36,64.91644589,safe
UTTAR PRADESH,BAREILLY,BITHERI CHAINPUR,BLOCK,22890,8428.1,8006.7,5194.59,64.87803964,safe
UTTAR PRADESH,BAREILLY,FARIDPUR,BLOCK,32813,9839.09,9347.14,5897.38,63.09288189,safe
UTTAR PRADESH,BAREILLY,FATEHGANJ,BLOCK,17508,6339.06,5705.15,4796.09,84.06597548,Semi-Critical
UTTAR PRADESH,BAREILLY,KYARA,BLOCK,27803,6264.18,5637.76,3491.83,61.93647832,safe
UTTAR PRADESH,BAREILLY,MAJHGAWA,BLOCK,17201,4408.45,3967.61,3448.33,86.91202008,Semi-Critical
UTTAR PRADESH,BAREILLY,MEERGANJ,BLOCK,21167,5502.83,4952.54,3264.8,65.92172905,safe
UTTAR PRADESH,BAREILLY,NAWABGANJ,BLOCK,34509,9589.98,9110.48,6059.22,66.50824106,safe
UTTAR PRADESH,BAREILLY,RAMNAGAR,BLOCK,19306,5657.95,5375.05,4526.88,84.22023981,Semi-Critical
UTTAR PRADESH,BAREILLY,RICHHA,BLOCK,26620,10972.9,9875.61,6864.03,69.50487109,safe
UTTAR PRADESH,BAREILLY,SHERGARH,BLOCK,27136,8514.56,8088.83,5284.39,65.32947287,safe
UTTAR PRADESH,BASTI,BAHADURPUR,BLOCK,22910,7215.08,6493.57,4476.05,68.93049586,safe
UTTAR PRADESH,BASTI,BANKATI,BLOCK,18581,5287.86,4759.08,3231.47,67.90114896,safe
UTTAR PRADESH,BASTI,BASTI SADAR,BLOCK,21026,6069.29,5462.36,3678.59,67.34433468,safe
UTTAR PRADESH,BASTI,DUBAULIYA,BLOCK,13632,3901.61,3511.45,2437.51,69.4160532,safe
UTTAR PRADESH,BASTI,GAUR,BLOCK,23946,6434.05,6112.35,3743.88,61.25107365,safe
UTTAR PRADESH,BASTI,HARRAIYA,BLOCK,23105,6553.93,5898.54,3794.71,64.33303835,safe
UTTAR PRADESH,BASTI,KAPTANGANJ,BLOCK,23505,5730.38,5443.86,3647.82,67.00796861,safe
UTTAR PRADESH,BASTI,KUDRAHA,BLOCK,13610,3854.19,3468.77,2404.51,69.31880753,safe
UTTAR PRADESH,BASTI,PARASRAMPUR,BLOCK,21241,5629.33,5347.87,3414.48,63.84747572,safe
UTTAR PRADESH,BASTI,RAMNAGAR,BLOCK,23480,6769.78,6092.8,4042.76,66.35307248,safe
UTTAR PRADESH,BASTI,RUDHAULI,BLOCK,11587,3129.82,2973.33,2071.67,69.67507811,safe
UTTAR PRADESH,BASTI,SALATUA,BLOCK,21690,6092.49,5483.24,3497.33,63.78217988,safe
UTTAR PRADESH,BASTI,SAUGHAT,BLOCK,19061,5628.13,5065.32,3524.4,69.57901969,safe
UTTAR PRADESH,BASTI,VIKRAMJOT,BLOCK,36433,10364.14,9327.72,5547.15,59.46951667,safe
UTTAR PRADESH,BIJNOR,AFZALGARH,BLOCK,55573,16125.2,14512.68,9966.86,68.67690874,safe
UTTAR PRADESH,BIJNOR,DHANPUR (ALHEPUR),BLOCK,31934,9134.27,8220.84,5524.01,67.19520146,safe
UTTAR PRADESH,BIJNOR,HALDAUR (KHARI JHALU),BLOCK,42710,15473.35,13926.02,8693.76,62.42817402,safe
UTTAR PRADESH,BIJNOR,JALEELPUR,BLOCK,38108,11962.4,11364.28,11054.94,97.27796218,Critical
UTTAR PRADESH,BIJNOR,KIRATPUR,BLOCK,27536,9921.85,8929.66,5649.4,63.26556666,safe
UTTAR PRADESH,BIJNOR,KOTWALI,BLOCK,57427,23397.7,21057.93,15579.73,73.9850973,Semi-Critical
UTTAR PRADESH,BIJNOR,MOHAMMADPUR DEOMAL,BLOCK,50283,15567.88,14789.48,8698.58,58.81599624,safe
UTTAR PRADESH,BIJNOR,NAJIBABAD,BLOCK,72875,16118.94,15312.99,10177.16,66.46095896,safe
UTTAR PRADESH,BIJNOR,NEHTAUR (AAKU),BLOCK,23078,7675.16,6907.64,5183.14,75.03488891,Semi-Critical
UTTAR PRADESH,BIJNOR,NOORPUR,BLOCK,33226,10510.52,9459.46,8401.38,88.8145835,Semi-Critical
UTTAR PRADESH,BIJNOR,SEOHARA (BUDHANPUR),BLOCK,26153,9431.11,8959.55,6954.6,77.62220201,Semi-Critical
UTTAR PRADESH,BUDAUN,AMBIAPUR,BLOCK,29828,4839.06,4597.1,5288.81,115.0466599,Over-Exploited
UTTAR PRADESH,BUDAUN,ASAFPUR,BLOCK,23797,5208.95,4688.05,4562.86,97.32959333,Critical
UTTAR PRADESH,BUDAUN,BISAULI,BLOCK,25105,5305.3,4774.77,4424.34,92.66079832,Critical
UTTAR PRADESH,BUDAUN,DAHGAWAN,BLOCK,35109,6316.48,6000.66,3805.3,63.41469105,safe
UTTAR PRADESH,BUDAUN,DATAGANJ,BLOCK,25289,4885.92,4397.33,2625.03,59.69599734,safe
UTTAR PRADESH,BUDAUN,ISLAMNAGAR,BLOCK,22374,5182.86,4664.57,5775.2,123.8099117,Over-Exploited
UTTAR PRADESH,BUDAUN,JAGAT,BLOCK,28261,5593.43,5034.09,3861.94,76.715752,Semi-Critical
UTTAR PRADESH,BUDAUN,MIAON,BLOCK,29207,5891.33,5302.2,4724.9,89.11206669,Semi-Critical
UTTAR PRADESH,BUDAUN,QUADAR CHOWK,BLOCK,28677,5957.51,5361.76,4569.71,85.22779833,Semi-Critical
UTTAR PRADESH,BUDAUN,SAHASWAN,BLOCK,41846,8564.93,7708.44,6500.97,84.33574108,Semi-Critical
UTTAR PRADESH,BUDAUN,SALARPUR,BLOCK,24633,4911.03,4419.93,3019.52,68.31601405,safe
UTTAR PRADESH,BUDAUN,SAMRER,BLOCK,21567,4449.83,4004.84,2918.57,72.87606996,Semi-Critical
UTTAR PRADESH,BUDAUN,UJHANI,BLOCK,35881,7148.24,6433.41,5334.56,82.9196336,Semi-Critical
UTTAR PRADESH,BUDAUN,USAWAN,BLOCK,31858,6138.04,5524.24,3681.12,66.63577252,safe
UTTAR PRADESH,BUDAUN,WAZIRGANJ,BLOCK,20356,3881.24,3687.18,2566.91,69.61716,safe
UTTAR PRADESH,BULANDSHAHAR,AGAUTA,BLOCK,15246,10327.3,9294.57,6088.4,65.50491308,safe
UTTAR PRADESH,BULANDSHAHAR,ANUP SHAHAR,BLOCK,27892,11179.22,10620.26,8090.16,76.17666611,Semi-Critical
UTTAR PRADESH,BULANDSHAHAR,ARNIA KHURD,BLOCK,24476,9102.72,8647.59,8185.19,94.65284547,Critical
UTTAR PRADESH,BULANDSHAHAR,BHAWAN BAHADUR NAGAR,BLOCK,15374,6882.42,6194.17,6552.98,105.7927051,Over-Exploited
UTTAR PRADESH,BULANDSHAHAR,BULANDSHAHAR,BLOCK,17000,6798.6,6118.74,8838.9,144.4562116,Over-Exploited
UTTAR PRADESH,BULANDSHAHAR,DANPUR,BLOCK,22185,8476.99,8053.14,8212.36,101.977117,Over-Exploited
UTTAR PRADESH,BULANDSHAHAR,DEBAI,BLOCK,23440,7850.66,7065.59,6185.07,87.53791262,Semi-Critical
UTTAR PRADESH,BULANDSHAHAR,GULAOTHI,BLOCK,11943,5945.19,5350.67,6712.57,125.4528872,Over-Exploited
UTTAR PRADESH,BULANDSHAHAR,JAHANGIRABAD,BLOCK,27491,13826.66,12443.99,10868.07,87.33589468,Semi-Critical
UTTAR PRADESH,BULANDSHAHAR,KHURJA,BLOCK,34326,9967.24,8970.52,8862.83,98.79951218,Critical
UTTAR PRADESH,BULANDSHAHAR,LAKHAOTHI,BLOCK,19420,8343.61,7509.25,6295.19,83.83247328,Semi-Critical
UTTAR PRADESH,BULANDSHAHAR,PAHASU,BLOCK,27574,20455.98,18410.38,13983.2,75.95280489,Semi-Critical
UTTAR PRADESH,BULANDSHAHAR,SHIKARPUR,BLOCK,26610,12705.11,11434.6,11138.86,97.41363931,Critical
UTTAR PRADESH,BULANDSHAHAR,SIANA,BLOCK,17375,9071.12,8164.01,8897.56,108.9851678,Over-Exploited
UTTAR PRADESH,BULANDSHAHAR,SIKANDRABAD,BLOCK,35758,12807.4,11526.66,14650.4,127.1001313,Over-Exploited
UTTAR PRADESH,BULANDSHAHAR,UNCHAGAON,BLOCK,14837,5842.93,5258.63,5066.99,96.35570481,Critical
UTTAR PRADESH,CHANDAULI,BARAHANI,BLOCK,23248,8169.31,7352.38,4037.75,54.91759131,safe
UTTAR PRADESH,CHANDAULI,CHAHNIYA,BLOCK,27170,7522.79,6770.51,2695.82,39.81708911,safe
UTTAR PRADESH,CHANDAULI,CHAKIA,BLOCK,20724,5106.23,4595.6,3174.79,69.08325355,safe
UTTAR PRADESH,CHANDAULI,CHANDAULI,BLOCK,18581,7314.45,6583,3929.51,59.69178186,safe
UTTAR PRADESH,CHANDAULI,DHANAPUR,BLOCK,21119,7551.81,6796.63,4297.98,63.23692771,safe
UTTAR PRADESH,CHANDAULI,NAUGARH,BLOCK,16437,1970.6,1872.07,1147.75,61.30913908,safe
UTTAR PRADESH,CHANDAULI,NIYAMATABAD,BLOCK,22731,7199.61,6479.65,3220.51,49.70191291,safe
UTTAR PRADESH,CHANDAULI,SAKALDIHA,BLOCK,22250,7534.83,6781.35,3243.54,47.83029928,safe
UTTAR PRADESH,CHANDAULI,SHAHABGANJ,BLOCK,16209,3827.01,3444.31,2082.01,60.44781103,safe
UTTAR PRADESH,CHITRAKOOT,KARWI,BLOCK,55401,11867.85,10681.07,10533.95,98.62260991,Critical
UTTAR PRADESH,CHITRAKOOT,MANIKPUR,BLOCK,104184,10439.37,9395.43,5350.62,56.94917635,safe
UTTAR PRADESH,CHITRAKOOT,MAU,BLOCK,48583,7922.15,7526.04,6712.21,89.18647788,Semi-Critical
UTTAR PRADESH,CHITRAKOOT,PAHARI,BLOCK,58483,10516.19,9464.57,7798.65,82.39835513,Semi-Critical
UTTAR PRADESH,CHITRAKOOT,RAMNAGAR,BLOCK,34014,3513.97,3162.57,2722.44,86.08315389,Semi-Critical
UTTAR PRADESH,DEORIA,BANKATA,BLOCK,14029,6556.22,5900.6,4087.42,69.27126055,safe
UTTAR PRADESH,DEORIA,BARHAJ,BLOCK,16741,8424.09,7581.68,5205.97,68.66512435,safe
UTTAR PRADESH,DEORIA,BETALPUR,BLOCK,16139,9708.8,9223.36,5438.08,58.95985845,safe
UTTAR PRADESH,DEORIA,BHAGALPUR,BLOCK,14677,8316.24,7484.61,4752.64,63.49883294,safe
UTTAR PRADESH,DEORIA,BHALUANI,BLOCK,20464,9108.38,8197.54,5235.28,63.86403726,safe
UTTAR PRADESH,DEORIA,BHATNI,BLOCK,14678,7769.01,6992.11,4455.4,63.72039341,safe
UTTAR PRADESH,DEORIA,BHATPARANI,BLOCK,13491,8275.38,7447.84,4586.69,61.584164,safe
UTTAR PRADESH,DEORIA,DEORIA SADAR,BLOCK,18885,10415.24,9894.47,6347.67,64.15371415,safe
UTTAR PRADESH,DEORIA,DESAHI DEORIA,BLOCK,11076,10150.69,9135.62,5364.13,58.71664977,safe
UTTAR PRADESH,DEORIA,GAURI BAZAR,BLOCK,16917,9021.72,8570.63,5010.26,58.45847972,safe
UTTAR PRADESH,DEORIA,LAR,BLOCK,18903,12292.64,11063.38,6492.83,58.68758011,safe
UTTAR PRADESH,DEORIA,PATHER DEWA,BLOCK,15857,9019.25,8568.29,5203.81,60.7333552,safe
UTTAR PRADESH,DEORIA,RAMPUR KARHANI,BLOCK,13397,7793.44,7014.09,4592.07,65.46921981,safe
UTTAR PRADESH,DEORIA,RUDRAPUR,BLOCK,21178,11740.79,10566.71,7078.87,66.99218584,safe
UTTAR PRADESH,DEORIA,SALEMPUR,BLOCK,17593,10006.3,9505.98,5573.24,58.62877894,safe
UTTAR PRADESH,DEORIA,TARKULWA,BLOCK,9775,6808.79,6468.35,3855.95,59.61257508,safe
UTTAR PRADESH,ETAH,ALIGANJ,BLOCK,33984,11336.09,10202.48,8099.97,79.39216739,Semi-Critical
UTTAR PRADESH,ETAH,AWAGARH,BLOCK,29063,12051.56,10846.41,6651.7,61.32628215,safe
UTTAR PRADESH,ETAH,JAITHARA,BLOCK,30806,8645.67,8213.38,5818.2,70.83807154,Semi-Critical
UTTAR PRADESH,ETAH,JALESAR,BLOCK,24046,6044.76,5742.52,5109.98,88.98497524,Semi-Critical
UTTAR PRADESH,ETAH,MARHARA,BLOCK,19504,6865.81,6179.23,3702.7,59.92170546,safe
UTTAR PRADESH,ETAH,NIDHAULI KALAN,BLOCK,34678,13335.69,12668.9,9609.78,75.85331007,Semi-Critical
UTTAR PRADESH,ETAH,SAKIT,BLOCK,38340,11525.51,10372.95,6722.98,64.81261358,safe
UTTAR PRADESH,ETAH,SHITALPUR,BLOCK,32336,12546.78,11292.1,9370.3,82.98102213,Semi-Critical
UTTAR PRADESH,ETAWAH,BARAHPURA,BLOCK,39194,8128.15,7315.34,4800.87,65.62743495,safe
UTTAR PRADESH,ETAWAH,BASREHAR,BLOCK,27771,11711.61,11126.02,5608.59,50.4096703,safe
UTTAR PRADESH,ETAWAH,BHARTHNA,BLOCK,27558,11306.04,10175.43,4676.33,45.95707503,safe
UTTAR PRADESH,ETAWAH,CHAKARANAGAR,BLOCK,38148,5037,4533.29,2519.63,55.58060481,safe
UTTAR PRADESH,ETAWAH,JASWANTNAGAR,BLOCK,26300,6226.81,5604.13,3481.69,62.12721689,safe
UTTAR PRADESH,ETAWAH,MAHEWA,BLOCK,32597,13028.88,11725.99,5145.03,43.87714811,safe
UTTAR PRADESH,ETAWAH,SEFAI,BLOCK,20880,8023.57,7221.22,2890.71,40.03077042,safe
UTTAR PRADESH,ETAWAH,TAKHA,BLOCK,27853,7676.31,6908.68,3495.54,50.59635126,safe
UTTAR PRADESH,FARRUKHABAD,BARHPUR,BLOCK,16425,3753.42,3378.08,2830.53,83.79108843,Semi-Critical
UTTAR PRADESH,FARRUKHABAD,KAIMGANJ,BLOCK,34723,8755.37,7879.83,5117.24,64.94099492,safe
UTTAR PRADESH,FARRUKHABAD,KAMALGANJ,BLOCK,31457,6141.42,5527.28,4359.77,78.87731398,Semi-Critical
UTTAR PRADESH,FARRUKHABAD,MOHAMADABAD,BLOCK,41006,6921.44,6229.29,5362.73,86.08894433,Semi-Critical
UTTAR PRADESH,FARRUKHABAD,NAWABGANJ,BLOCK,25353,6085.37,5476.83,4502.42,82.20850382,Semi-Critical
UTTAR PRADESH,FARRUKHABAD,RAJEPUR,BLOCK,41171,5249.12,4724.21,2915.8,61.7203723,safe
UTTAR PRADESH,FARRUKHABAD,SHAMSABAD,BLOCK,30488,7741.11,6967,4693.6,67.36902541,safe
UTTAR PRADESH,FATEHPUR,AIRAYA,BLOCK,32066,5689.38,5120.44,3996.15,78.04309786,Semi-Critical
UTTAR PRADESH,FATEHPUR,AMAULI,BLOCK,34959,5589.32,5030.38,3992.91,79.37591196,Semi-Critical
UTTAR PRADESH,FATEHPUR,ASODHAR,BLOCK,41391,11270.57,10143.51,4994.11,49.23453519,safe
UTTAR PRADESH,FATEHPUR,BAHUA,BLOCK,28037,8978.57,8080.71,4677.71,57.88736386,safe
UTTAR PRADESH,FATEHPUR,BHITAURA,BLOCK,34418,12819.08,11537.17,13876.4,120.2755962,Over-Exploited
UTTAR PRADESH,FATEHPUR,DEOMAI,BLOCK,26880,7228.22,6505.4,4137.92,63.60746457,safe
UTTAR PRADESH,FATEHPUR,DHATA,BLOCK,28980,8551.31,7696.18,5157.59,67.01493468,safe
UTTAR PRADESH,FATEHPUR,HASWA,BLOCK,27499,8082.36,7274.12,4993.88,68.65270301,safe
UTTAR PRADESH,FATEHPUR,HATHGAON,BLOCK,38185,9237.9,8314.11,4755.79,57.20143226,safe
UTTAR PRADESH,FATEHPUR,KHAJUHA,BLOCK,33248,9770.86,8793.78,7137.18,81.16168474,Semi-Critical
UTTAR PRADESH,FATEHPUR,MALAWAN,BLOCK,39711,11085.09,9976.58,7784.39,78.02663839,Semi-Critical
UTTAR PRADESH,FATEHPUR,TELYANI,BLOCK,23770,8057.1,7251.39,5410.17,74.60873019,Semi-Critical
UTTAR PRADESH,FATEHPUR,VIJAYIPUR,BLOCK,36111,9188.42,8269.58,4390.06,53.08685568,safe
UTTAR PRADESH,FIROZABAD,ARON,BLOCK,20261,6416.84,5775.15,5369.64,92.9783642,Critical
UTTAR PRADESH,FIROZABAD,EKA,BLOCK,36151,14231.91,12808.71,9271.31,72.3828551,Semi-Critical
UTTAR PRADESH,FIROZABAD,FIROZABAD,BLOCK,26686,5339.23,4805.31,7932.31,165.0738454,Over-Exploited
UTTAR PRADESH,FIROZABAD,JASRANA,BLOCK,22984,11451.25,10306.12,7686.57,74.58257812,Semi-Critical
UTTAR PRADESH,FIROZABAD,KHAIRGARH(HATHWANT),BLOCK,24172,7285.36,6556.82,7948.82,121.2298035,Over-Exploited
UTTAR PRADESH,FIROZABAD,MADANPUR,BLOCK,30057,13061.23,11755.11,9062.02,77.0900485,Semi-Critical
UTTAR PRADESH,FIROZABAD,NARKHI,BLOCK,25393,7231.14,6508.03,9217.33,141.6301093,Over-Exploited
UTTAR PRADESH,FIROZABAD,SHIKOHABAD,BLOCK,24182,6806.6,6125.94,10040.68,163.9043151,Over-Exploited
UTTAR PRADESH,FIROZABAD,TUNDLA,BLOCK,32067,8782.2,7903.98,9420.61,119.1881811,Over-Exploited
UTTAR PRADESH,G.B.NAGAR,BISRAKH,BLOCK,33225,13016.22,11714.6,16565.68,141.4105475,Over-Exploited
UTTAR PRADESH,G.B.NAGAR,DADRI,BLOCK,47382,11117.64,10005.87,8778.62,87.73469973,Semi-Critical
UTTAR PRADESH,G.B.NAGAR,JEWAR,BLOCK,63666,28286.58,25457.92,24096.19,94.65105555,Critical
UTTAR PRADESH,GHAZIABAD,BHOJPUR,BLOCK,26407,9489.63,8540.67,11442.23,133.973447,Over-Exploited
UTTAR PRADESH,GHAZIABAD,GAZIABAD CITY,BLOCK,21000,3006.75,2706.07,6232.25,230.3063114,Over-Exploited
UTTAR PRADESH,GHAZIABAD,LONI,BLOCK,27211,7842.76,7058.48,9602.09,136.0362288,Over-Exploited
UTTAR PRADESH,GHAZIABAD,MURADNAGAR,BLOCK,22816,13252.07,11926.86,10240.92,85.86434317,Semi-Critical
UTTAR PRADESH,GHAZIABAD,RAZAPUR,BLOCK,19480,8084.09,7275.68,8673.85,119.2170354,Over-Exploited
UTTAR PRADESH,GHAZIPUR,BHADAURA,BLOCK,20923,7938.81,7144.93,2906.76,40.68283384,safe
UTTAR PRADESH,GHAZIPUR,BHANWARKOL,BLOCK,25123,5559.92,5003.92,3404.76,68.04185519,safe
UTTAR PRADESH,GHAZIPUR,BIRNO,BLOCK,15407,5429.51,4886.56,3142.25,64.30392751,safe
UTTAR PRADESH,GHAZIPUR,DEOKALI,BLOCK,22119,7692.68,6923.41,4364.31,63.03700055,safe
UTTAR PRADESH,GHAZIPUR,GHAZIPUR,BLOCK,15939,4336.14,3902.52,2307.68,59.13307299,safe
UTTAR PRADESH,GHAZIPUR,JAKHANIA,BLOCK,20363,5606.39,5045.75,2880.8,57.09359362,safe
UTTAR PRADESH,GHAZIPUR,KARANDA,BLOCK,15437,4188.52,3769.66,2453.57,65.0873023,safe
UTTAR PRADESH,GHAZIPUR,KASIMABAD,BLOCK,22778,6030.86,5427.77,3074.34,56.64094094,safe
UTTAR PRADESH,GHAZIPUR,MANIHARI,BLOCK,22400,9655.91,8690.32,5963.13,68.6180716,safe
UTTAR PRADESH,GHAZIPUR,MARADH,BLOCK,18490,5326.53,4793.88,3220.08,67.17064257,safe
UTTAR PRADESH,GHAZIPUR,MOHAMMADABAD,BLOCK,17373,3782.25,3404.03,2369.02,69.59456879,safe
UTTAR PRADESH,GHAZIPUR,REVATIPUR,BLOCK,22713,7451.53,6706.38,3854.6,57.47661182,safe
UTTAR PRADESH,GHAZIPUR,SADAT,BLOCK,22199,7687.39,7303.02,4178.27,57.21290644,safe
UTTAR PRADESH,GHAZIPUR,SAIDPUR,BLOCK,21850,7243.09,6518.78,5249.34,80.52641752,Semi-Critical
UTTAR PRADESH,GHAZIPUR,VARACHAKWAR,BLOCK,19920,7244.87,6882.63,4313.8,62.67662216,safe
UTTAR PRADESH,GHAZIPUR,ZAMANIA,BLOCK,27018,9476.2,8528.58,2498.84,29.29960204,safe
UTTAR PRADESH,GONDA,BABHANJOT,BLOCK,22466,5689.38,5120.44,3376.68,65.94511409,safe
UTTAR PRADESH,GONDA,BELSAR,BLOCK,28434,6684.45,6350.23,3928.2,61.85917675,safe
UTTAR PRADESH,GONDA,CHHAPIA,BLOCK,20762,6134.83,5828.08,3622.75,62.16026547,safe
UTTAR PRADESH,GONDA,COLONELGANJ,BLOCK,22190,5658.11,5375.2,2853.53,53.0869549,safe
UTTAR PRADESH,GONDA,HALDHARMAU,BLOCK,17643,5230.76,4969.23,2827.38,56.89774875,safe
UTTAR PRADESH,GONDA,ITIA THOK,BLOCK,25062,10306.18,9275.56,5406.13,58.28359689,safe
UTTAR PRADESH,GONDA,JHANJHRI,BLOCK,23673,7435.35,6691.82,4270.39,63.81507572,safe
UTTAR PRADESH,GONDA,KATRA BAZAR,BLOCK,25972,7203.83,6843.64,3777.53,55.19767258,safe
UTTAR PRADESH,GONDA,MANKAPUR,BLOCK,29272,8667.36,8233.99,4977.08,60.44554341,safe
UTTAR PRADESH,GONDA,MUJHANA,BLOCK,23085,8487.05,7638.34,4500.44,58.91908451,safe
UTTAR PRADESH,GONDA,NAWABGANJ,BLOCK,32748,8541.2,8114.14,4447.21,54.80814972,safe
UTTAR PRADESH,GONDA,PANDRI KRIPAL,BLOCK,14383,5956,5360.4,3351.93,62.53134094,safe
UTTAR PRADESH,GONDA,PARASPUR,BLOCK,34920,8016.48,7615.66,4876.2,64.02859371,safe
UTTAR PRADESH,GONDA,RUPAIDIHA,BLOCK,29282,11017.91,9916.12,6120.63,61.72404126,safe
UTTAR PRADESH,GONDA,TARABGANJ,BLOCK,27766,8628.15,7765.33,4643.54,59.79836015,safe
UTTAR PRADESH,GONDA,WAZIRGANJ,BLOCK,21951,6077.23,5773.37,3662.33,63.43487426,safe
UTTAR PRADESH,GORAKHPUR,BANSGAON,BLOCK,15418,8689.55,7820.59,4367.04,55.84028826,safe
UTTAR PRADESH,GORAKHPUR,BARAHALGANJ,BLOCK,21363,8941.73,8047.56,5497.74,68.31561368,safe
UTTAR PRADESH,GORAKHPUR,BELGHAT,BLOCK,22340,10897.9,9808.11,6364.76,64.89282849,safe
UTTAR PRADESH,GORAKHPUR,BHAROHIYA,BLOCK,11473,4663.35,4197.01,2848.41,67.86760098,safe
UTTAR PRADESH,GORAKHPUR,BHATAHAT,BLOCK,15457,8419.68,7998.69,5308.84,66.37136831,safe
UTTAR PRADESH,GORAKHPUR,BRAHMPUR,BLOCK,17955,11123.53,10011.17,6128.11,61.21272539,safe
UTTAR PRADESH,GORAKHPUR,CAMPIERGANJ,BLOCK,19887,9865.61,8879.05,6176.16,69.55879289,safe
UTTAR PRADESH,GORAKHPUR,CHIRGAWAN,BLOCK,14070,6400.17,5760.16,3824.08,66.38843365,safe
UTTAR PRADESH,GORAKHPUR,GAGAHA,BLOCK,15357,7704.75,6934.27,4723.02,68.1112792,safe
UTTAR PRADESH,GORAKHPUR,GOLA,BLOCK,14229,8062.91,7256.61,4821.11,66.4374963,safe
UTTAR PRADESH,GORAKHPUR,JANGAL KAUDIA,BLOCK,11680,8308.7,7893.26,3847.52,48.74437178,safe
UTTAR PRADESH,GORAKHPUR,KAURIRAM,BLOCK,16138,7611.36,6850.22,4738.01,69.16580781,safe
UTTAR PRADESH,GORAKHPUR,KHAJNI,BLOCK,16575,8435.18,8013.42,4890.78,61.0323682,safe
UTTAR PRADESH,GORAKHPUR,KHORABAR,BLOCK,16061,8523.36,7671.02,4869.94,63.48490813,safe
UTTAR PRADESH,GORAKHPUR,PALI,BLOCK,17174,9201.8,8281.62,4744.37,57.28794608,safe
UTTAR PRADESH,GORAKHPUR,PIPRAICH,BLOCK,14853,10334.96,9818.22,5945.93,60.56016264,safe
UTTAR PRADESH,GORAKHPUR,PIPRAULI,BLOCK,15083,7008.48,6307.63,4303.99,68.23466183,safe
UTTAR PRADESH,GORAKHPUR,SAHJANWA,BLOCK,14601,7903.39,7508.22,4876.2,64.94482048,safe
UTTAR PRADESH,GORAKHPUR,SARDAR NAGAR,BLOCK,13262,9065.43,8158.89,5237.9,64.19868389,safe
UTTAR PRADESH,GORAKHPUR,URUA,BLOCK,18111,8606.78,8176.44,5030.35,61.52249634,safe
UTTAR PRADESH,HAMIRPUR,GOHAND,BLOCK,50714,5521.47,4969.32,3951.48,79.5175195,Semi-Critical
UTTAR PRADESH,HAMIRPUR,KURARA,BLOCK,43214,4976.07,4478.46,2743.29,61.25520826,safe
UTTAR PRADESH,HAMIRPUR,MAUDAHA,BLOCK,65136,8292.95,7463.65,4144.22,55.52537967,safe
UTTAR PRADESH,HAMIRPUR,MUSKARA,BLOCK,51398,5091.54,4582.38,3004.84,65.5737848,safe
UTTAR PRADESH,HAMIRPUR,RATH,BLOCK,45013,7189.28,6470.35,4464.62,69.00121323,safe
UTTAR PRADESH,HAMIRPUR,SARILA,BLOCK,67068,6145.74,5531.17,3824.53,69.14504526,safe
UTTAR PRADESH,HAMIRPUR,SUMERPUR,BLOCK,58997,8065.07,7258.56,5609.52,77.28144425,Semi-Critical
UTTAR PRADESH,HAPUR,DHOLANA,BLOCK,23801,9305.86,8375.27,7451.23,88.96704226,Semi-Critical
UTTAR PRADESH,HAPUR,GARH,BLOCK,34625,18150.03,16335.03,17052.61,104.3928906,Over-Exploited
UTTAR PRADESH,HAPUR,HAPUR,BLOCK,33045,10352.41,9834.79,9551.56,97.12012153,Critical
UTTAR PRADESH,HAPUR,SIMBHOLI,BLOCK,23010,12679.15,11411.23,10979.94,96.22047755,Critical
UTTAR PRADESH,HARDOI,AHIRORI,BLOCK,37090,12516.4,11264.75,6912.17,61.36105994,safe
UTTAR PRADESH,HARDOI,BAWAN,BLOCK,35760,9321.33,8389.19,5753.63,68.58385613,safe
UTTAR PRADESH,HARDOI,BHARAWAN,BLOCK,29950,7794.38,7014.94,3620.02,51.60443282,safe
UTTAR PRADESH,HARDOI,BHARKHANI,BLOCK,41406,7937.58,7540.7,4133.32,54.81347885,safe
UTTAR PRADESH,HARDOI,BHENDER KALAN,BLOCK,27220,8728.54,7855.69,5175.52,65.88243681,safe
UTTAR PRADESH,HARDOI,BILGRAM,BLOCK,35098,9775.68,8798.11,5649.08,64.20788101,safe
UTTAR PRADESH,HARDOI,HARIYAWAN,BLOCK,28740,10022.89,9521.74,4694.85,49.30663933,safe
UTTAR PRADESH,HARDOI,HARPALPUR,BLOCK,32030,5808.21,5227.39,3195.42,61.12840251,safe
UTTAR PRADESH,HARDOI,KACHHAUNA,BLOCK,25130,8628.33,7765.5,4532.25,58.36391733,safe
UTTAR PRADESH,HARDOI,KOTHAWAN,BLOCK,30130,9672.55,8705.3,5091.21,58.48402697,safe
UTTAR PRADESH,HARDOI,MADHAVGANJ,BLOCK,30509,7303.59,6573.23,3796.11,57.75105998,safe
UTTAR PRADESH,HARDOI,MALLAWAN,BLOCK,21820,6355.93,5720.34,3660.75,63.99532196,safe
UTTAR PRADESH,HARDOI,PIHANI,BLOCK,33490,12279.4,11051.46,7507.94,67.93618219,safe
UTTAR PRADESH,HARDOI,SANDI,BLOCK,30307,7275.36,6911.59,4599.56,66.54850765,safe
UTTAR PRADESH,HARDOI,SANDILA,BLOCK,30203,9022.01,8119.81,5287.77,65.12184398,safe
UTTAR PRADESH,HARDOI,SHAHABAD,BLOCK,32580,11694.54,10525.09,7031.94,66.81121017,safe
UTTAR PRADESH,HARDOI,SURSA,BLOCK,31730,10072.83,9065.54,5793.61,63.90805181,safe
UTTAR PRADESH,HARDOI,TADIYAWAN,BLOCK,31370,10323.92,9291.53,5998.56,64.55944285,safe
UTTAR PRADESH,HARDOI,TODARPUR,BLOCK,30280,9966.45,8969.8,5708.15,63.63742781,safe
UTTAR PRADESH,HATHRAS,HASAYAN,BLOCK,32740,17636.97,15873.27,10841.2,68.29846654,safe
UTTAR PRADESH,HATHRAS,HATHRAS,BLOCK,27277,8498.99,7649.09,7366.37,96.30387406,Critical
UTTAR PRADESH,HATHRAS,MURSAN,BLOCK,23479,6726.87,6054.19,7425.34,122.6479513,Over-Exploited
UTTAR PRADESH,HATHRAS,SADABAD,BLOCK,29096,9370.73,8902.19,6868.13,77.15101565,Semi-Critical
UTTAR PRADESH,HATHRAS,SAHPAU,BLOCK,17631,4639.26,4407.3,5495.44,124.6894924,Over-Exploited
UTTAR PRADESH,HATHRAS,SASNI,BLOCK,27058,7907.76,7116.99,9563.56,134.376471,Over-Exploited
UTTAR PRADESH,HATHRAS,SIKANDRA RAO,BLOCK,26518,16060.5,15257.47,13672.46,89.61158043,Semi-Critical
UTTAR PRADESH,JALAUN,DAKOR,BLOCK,94931,21978.62,19780.76,9179.63,46.40686202,safe
UTTAR PRADESH,JALAUN,JALAUN,BLOCK,43863,11315.79,10184.21,5410.98,53.13107251,safe
UTTAR PRADESH,JALAUN,KADAURA,BLOCK,69371,12537.01,11283.31,5419.73,48.03315694,safe
UTTAR PRADESH,JALAUN,KONCH,BLOCK,47519,12608.09,11347.28,7545.44,66.49558308,safe
UTTAR PRADESH,JALAUN,KUTHOND,BLOCK,31256,9274.97,8347.47,5503.02,65.92440584,safe
UTTAR PRADESH,JALAUN,MADHOGANJ,BLOCK,31213,8902.23,8012,4404.78,54.97728407,safe
UTTAR PRADESH,JALAUN,MAHEWA,BLOCK,54858,10764.84,9688.35,5769.72,59.55317469,safe
UTTAR PRADESH,JALAUN,NADIGAON,BLOCK,56025,11247.98,10123.18,5418.94,53.53001725,safe
UTTAR PRADESH,JALAUN,RAMPURA,BLOCK,27547,6022.59,5420.33,3306.44,61.00071398,safe
UTTAR PRADESH,JAUNPUR,BADLAPUR,BLOCK,21210,6497.28,5847.55,5632.26,96.31828715,Critical
UTTAR PRADESH,JAUNPUR,BAKSHA,BLOCK,18044,5281.09,4752.98,3290.09,69.22162517,safe
UTTAR PRADESH,JAUNPUR,BARSATHI,BLOCK,21701,6068.94,5462.05,3492.99,63.95016523,safe
UTTAR PRADESH,JAUNPUR,DHARMAPUR,BLOCK,10003,3753.95,3378.55,2888.2,85.48637729,Semi-Critical
UTTAR PRADESH,JAUNPUR,DOBHI,BLOCK,14526,6340.63,5706.57,3762.07,65.92524056,safe
UTTAR PRADESH,JAUNPUR,JALALPUR,BLOCK,14970,7905.65,7115.09,4107.3,57.72660641,safe
UTTAR PRADESH,JAUNPUR,KARANJA KALAN,BLOCK,18460,7285.72,6557.15,4813.25,73.40460413,Semi-Critical
UTTAR PRADESH,JAUNPUR,KERAKAT,BLOCK,16076,4987.73,4738.34,4038.29,85.22583858,Semi-Critical
UTTAR PRADESH,JAUNPUR,KHUTAHAN,BLOCK,19484,6478.53,5830.68,3938.95,67.55558528,safe
UTTAR PRADESH,JAUNPUR,MACHHLISHAHR,BLOCK,27073,7774.54,7385.81,4909.34,66.46989294,safe
UTTAR PRADESH,JAUNPUR,MAHARAJGANJ,BLOCK,18393,5649.55,5084.6,4875.81,95.89367895,Critical
UTTAR PRADESH,JAUNPUR,MARIAHU,BLOCK,21841,7292.94,6563.65,4573.02,69.67190511,safe
UTTAR PRADESH,JAUNPUR,MUFTIGANJ,BLOCK,13124,5532.46,5255.84,4627.19,88.03901945,Semi-Critical
UTTAR PRADESH,JAUNPUR,MUNGRA BADSHAHPUR,BLOCK,22240,7537.38,6783.64,3718.42,54.81452436,safe
UTTAR PRADESH,JAUNPUR,RAMNAGAR,BLOCK,18678,5100.91,4590.82,3370.5,73.41825643,Semi-Critical
UTTAR PRADESH,JAUNPUR,RAMPUR,BLOCK,20059,4792.5,4313.24,2910.77,67.48453599,safe
UTTAR PRADESH,JAUNPUR,SHAHGANJ,BLOCK,29149,9934.75,8941.27,5169.78,57.81930307,safe
UTTAR PRADESH,JAUNPUR,SIKRARA,BLOCK,15558,3909.09,3518.18,2753.83,78.27427818,Semi-Critical
UTTAR PRADESH,JAUNPUR,SIRKONI,BLOCK,15315,3723.9,3351.51,2679.87,79.9600777,Semi-Critical
UTTAR PRADESH,JAUNPUR,SUITHA KALAN,BLOCK,21089,7115.29,6403.77,4293.39,67.04472522,safe
UTTAR PRADESH,JAUNPUR,SUJANGANJ,BLOCK,22101,6570.65,6242.12,4177.39,66.92261603,safe
UTTAR PRADESH,JHANSI,BABINA,BLOCK,46198,6449.13,6126.67,5350.39,87.32949547,Semi-Critical
UTTAR PRADESH,JHANSI,BAMAUR,BLOCK,47610,10867.85,9781.06,5684,58.11231094,safe
UTTAR PRADESH,JHANSI,BANGRA,BLOCK,49225,5874.81,5581.07,4705.44,84.31071461,Semi-Critical
UTTAR PRADESH,JHANSI,BARAGAON,BLOCK,52146,6577.86,5920.07,5055,85.38750386,Semi-Critical
UTTAR PRADESH,JHANSI,CHIRGAON,BLOCK,72033,14656.74,13191.06,7395.72,56.0661539,safe
UTTAR PRADESH,JHANSI,GURSARAI,BLOCK,80148,7378.45,6640.61,3887.65,58.54356753,safe
UTTAR PRADESH,JHANSI,MAURANIPUR,BLOCK,49873,7233.82,6510.44,5301.02,81.42337538,Semi-Critical
UTTAR PRADESH,JHANSI,MOTH,BLOCK,64704,12118.54,10906.69,6291.85,57.68798783,safe
UTTAR PRADESH,KANNAUJ,CHHIBRAMAU,BLOCK,34546,9034.76,8131.28,6958.32,85.57471886,Semi-Critical
UTTAR PRADESH,KANNAUJ,GOGRAPUR,BLOCK,12262,2381.8,2143.62,1908.75,89.04330058,Semi-Critical
UTTAR PRADESH,KANNAUJ,HASERAN,BLOCK,22100,6935.19,6241.68,4250.32,68.09576909,safe
UTTAR PRADESH,KANNAUJ,JALALABAD,BLOCK,12220,2318.47,2086.62,4520.86,216.659478,Over-Exploited
UTTAR PRADESH,KANNAUJ,KANNAUJ,BLOCK,30517,4856.9,4371.21,4051.21,92.67937253,Critical
UTTAR PRADESH,KANNAUJ,SAURIKH,BLOCK,24812,10071.33,9064.19,5694.42,62.82326385,safe
UTTAR PRADESH,KANNAUJ,TALGRAM,BLOCK,25166,5608.92,5048.02,7972.53,157.9338037,Over-Exploited
UTTAR PRADESH,KANNAUJ,UMARDA,BLOCK,52723,19733.08,17759.77,5843.84,32.90493064,safe
UTTAR PRADESH,KANPUR DEHAT,AKBARPUR,BLOCK,27106,8597.24,7737.52,6385.08,82.52101449,Semi-Critical
UTTAR PRADESH,KANPUR DEHAT,AMRAUDHA,BLOCK,36934,7886.44,7097.8,3762.07,53.00332497,safe
UTTAR PRADESH,KANPUR DEHAT,DERAPUR,BLOCK,27276,8008.39,7207.55,5718.01,79.33361544,Semi-Critical
UTTAR PRADESH,KANPUR DEHAT,JHINJHAK,BLOCK,26208,8933.51,8040.16,5918.37,73.61010229,Semi-Critical
UTTAR PRADESH,KANPUR DEHAT,MAITHA,BLOCK,37479,7337.39,6970.52,5100.18,73.16785548,Semi-Critical
UTTAR PRADESH,KANPUR DEHAT,MALSA,BLOCK,28163,6905.88,6215.29,4920.49,79.16750465,Semi-Critical
UTTAR PRADESH,KANPUR DEHAT,RAJPUR,BLOCK,27429,7288.95,6560.06,3751.1,57.18087944,safe
UTTAR PRADESH,KANPUR DEHAT,RASULABAD,BLOCK,53199,13724.54,12352.09,10560.37,85.49460051,Semi-Critical
UTTAR PRADESH,KANPUR DEHAT,SANDALPUR,BLOCK,30005,5321.65,4789.49,3013.82,62.92569773,safe
UTTAR PRADESH,KANPUR DEHAT,SARWAN KHERA,BLOCK,29938,6570.48,6241.95,5133.85,82.24753482,Semi-Critical
UTTAR PRADESH,KANPUR NAGAR,BHITARGAON,BLOCK,31619,8056.35,7250.71,4104.38,56.60659439,safe
UTTAR PRADESH,KANPUR NAGAR,BIDHNU,BLOCK,29634,9121.72,8209.55,6914.28,84.22239952,Semi-Critical
UTTAR PRADESH,KANPUR NAGAR,BILHAUR,BLOCK,30933,7352.02,6616.82,5504.84,83.19464637,Semi-Critical
UTTAR PRADESH,KANPUR NAGAR,CHAUBEPUR,BLOCK,21457,9763.54,9275.36,9002.52,97.05844301,Critical
UTTAR PRADESH,KANPUR NAGAR,GHATAMPUR,BLOCK,48398,11120.33,10564.32,9100.7,86.14562982,Semi-Critical
UTTAR PRADESH,KANPUR NAGAR,KAKWAN,BLOCK,16178,6321.09,5688.98,3376.51,59.35176429,safe
UTTAR PRADESH,KANPUR NAGAR,KALYANPUR,BLOCK,21789,9106.12,8195.51,4375.14,53.38459718,safe
UTTAR PRADESH,KANPUR NAGAR,KANPUR CITY,BLOCK,27887,4580.49,4122.44,3997.41,96.96708745,Critical
UTTAR PRADESH,KANPUR NAGAR,PARARA,BLOCK,26926,5125.13,4612.61,3409.71,73.92148914,Semi-Critical
UTTAR PRADESH,KANPUR NAGAR,SARSOL,BLOCK,30499,7749.94,6974.95,5938.26,85.13695439,Semi-Critical
UTTAR PRADESH,KANPUR NAGAR,SHIVRAJAPUR,BLOCK,24163,9200.21,8280.19,6642.91,80.2265407,Semi-Critical
UTTAR PRADESH,KASGANJ,AMANPUR,BLOCK,39796,13794.75,13105.02,7491.84,57.1677113,safe
UTTAR PRADESH,KASGANJ,GANJDUNDWARA,BLOCK,20706,8797.77,7917.99,6663.24,84.15317524,Semi-Critical
UTTAR PRADESH,KASGANJ,KASGANJ,BLOCK,23178,8756.64,7880.98,6774.59,85.9612637,Semi-Critical
UTTAR PRADESH,KASGANJ,PATIYALI,BLOCK,21259,9646.77,8682.09,6495.4,74.81378332,Semi-Critical
UTTAR PRADESH,KASGANJ,SAHAWAR,BLOCK,24371,10333.28,9299.95,5851.55,62.92023075,safe
UTTAR PRADESH,KASGANJ,SIDHPURA,BLOCK,40081,13103.11,11792.8,6978.35,59.1746659,safe
UTTAR PRADESH,KASGANJ,SORON,BLOCK,29997,10908.13,10362.72,6451.26,62.25450461,safe
UTTAR PRADESH,KAUSHAMBI,CHAIL,BLOCK,7048,2066.59,1859.93,2743.91,147.5275951,Over-Exploited
UTTAR PRADESH,KAUSHAMBI,KARA,BLOCK,25455,7545.32,6790.79,5984.88,88.13230861,Semi-Critical
UTTAR PRADESH,KAUSHAMBI,KAUSHAMBI,BLOCK,21883,6710.94,6039.84,3588.84,59.41945482,safe
UTTAR PRADESH,KAUSHAMBI,MANJHANPUR,BLOCK,20016,5936.77,5343.09,4794.75,89.73739915,Semi-Critical
UTTAR PRADESH,KAUSHAMBI,MURATGANJ,BLOCK,20891,5163.56,4647.2,5105.08,109.8528146,Over-Exploited
UTTAR PRADESH,KAUSHAMBI,NEWADA,BLOCK,21893,6817.78,6136.01,5011.31,81.67049923,Semi-Critical
UTTAR PRADESH,KAUSHAMBI,SARSAWAN,BLOCK,26582,8061.33,7255.19,4136.64,57.01628765,safe
UTTAR PRADESH,KAUSHAMBI,SIRATHU,BLOCK,34233,7410.52,6669.46,5200.01,77.96748163,Semi-Critical
UTTAR PRADESH,KUSHI NAGAR,DUDHAHI,BLOCK,22680,11846.82,10662.14,3773.09,35.38773642,safe
UTTAR PRADESH,KUSHI NAGAR,FAZIL NAGAR,BLOCK,17880,8931,8037.9,4949.95,61.5826273,safe
UTTAR PRADESH,KUSHI NAGAR,HATA,BLOCK,16814,10759.64,9683.67,4412.38,45.56516279,safe
UTTAR PRADESH,KUSHI NAGAR,KAPTANGANJ,BLOCK,18550,11716.3,10544.67,6056.53,57.43688518,safe
UTTAR PRADESH,KUSHI NAGAR,KASYA,BLOCK,12030,10123.39,9111.05,4448.89,48.829608,safe
UTTAR PRADESH,KUSHI NAGAR,KHADDA,BLOCK,32380,15901.16,14311.04,5576.44,38.96600107,safe
UTTAR PRADESH,KUSHI NAGAR,MOTICHAK,BLOCK,16330,10218.53,9196.67,5675.39,61.71135857,safe
UTTAR PRADESH,KUSHI NAGAR,NEDUA NAURANGIYA,BLOCK,21130,14407.65,12966.88,6768.56,52.19883272,safe
UTTAR PRADESH,KUSHI NAGAR,PADRAUNA,BLOCK,29534,15409.89,13868.9,6991.14,50.40875628,safe
UTTAR PRADESH,KUSHI NAGAR,RAMKOLA,BLOCK,18870,14664.29,13197.86,6850.68,51.90750622,safe
UTTAR PRADESH,KUSHI NAGAR,SIWARHI,BLOCK,23960,11435.77,10292.2,5381.42,52.28639164,safe
UTTAR PRADESH,KUSHI NAGAR,SUKRAULI,BLOCK,15540,9999.39,8999.45,5376.19,59.73909517,safe
UTTAR PRADESH,KUSHI NAGAR,TAMKUHI RAJ,BLOCK,19910,11396.57,10256.91,5507.95,53.69989597,safe
UTTAR PRADESH,KUSHI NAGAR,VISHUNPURWA,BLOCK,21770,15516.36,13964.72,7608.71,54.48523135,safe
UTTAR PRADESH,LAKHIMPUR KHERI,BANKEYGANJ,BLOCK,35010,20203.37,18183.04,11610.5,63.85345905,safe
UTTAR PRADESH,LAKHIMPUR KHERI,BEHJAM,BLOCK,32619,18923.88,17031.5,9735.26,57.16032058,safe
UTTAR PRADESH,LAKHIMPUR KHERI,BIJUA,BLOCK,60224,23952.96,22755.32,14784.64,64.97223506,safe
UTTAR PRADESH,LAKHIMPUR KHERI,DHAURAHARA,BLOCK,32781,9195.91,8736.11,5740.93,65.71494635,safe
UTTAR PRADESH,LAKHIMPUR KHERI,ISANAGAR,BLOCK,38437,11389.31,10250.38,6418.66,62.6187517,safe
UTTAR PRADESH,LAKHIMPUR KHERI,KUMBHIGOLA,BLOCK,38746,14506.94,13056.24,7848.56,60.11347831,safe
UTTAR PRADESH,LAKHIMPUR KHERI,LAKHIMPUR,BLOCK,33317,13678.18,12310.36,7318.77,59.45212,safe
UTTAR PRADESH,LAKHIMPUR KHERI,MITAULI,BLOCK,45961,18778.21,17839.3,10954.15,61.40459547,safe
UTTAR PRADESH,LAKHIMPUR KHERI,MOHAMMADI,BLOCK,40585,11773.07,10595.76,6377.41,60.18832061,safe
UTTAR PRADESH,LAKHIMPUR KHERI,NAKAHA,BLOCK,35618,10853.25,9767.93,5827.99,59.66453486,safe
UTTAR PRADESH,LAKHIMPUR KHERI,NIGHASAN,BLOCK,68672,20162.57,18146.31,10415.18,57.3955807,safe
UTTAR PRADESH,LAKHIMPUR KHERI,PALIA,BLOCK,54023,16796.86,15117.17,9328.44,61.70758151,safe
UTTAR PRADESH,LAKHIMPUR KHERI,PASGAWAN,BLOCK,44783,9008.08,8107.27,4926,60.76028059,safe
UTTAR PRADESH,LAKHIMPUR KHERI,PHULBEHAR,BLOCK,42962,14092.6,12683.34,7091.93,55.91531884,safe
UTTAR PRADESH,LAKHIMPUR KHERI,RAMIABEHAR,BLOCK,51767,17166.44,15449.79,9303.66,60.21868258,safe
UTTAR PRADESH,LALITPUR,BAR,BLOCK,45631,5038.9,4535,3675.11,81.03880926,Semi-Critical
UTTAR PRADESH,LALITPUR,BIRDHA,BLOCK,69004,7334.55,6601.1,5677.14,86.0029389,Semi-Critical
UTTAR PRADESH,LALITPUR,JAKHORA,BLOCK,74677,7525.33,6772.8,5804.61,85.70473069,Semi-Critical
UTTAR PRADESH,LALITPUR,MAHRONI,BLOCK,68848,6977.71,6279.93,5292.57,84.27753176,Semi-Critical
UTTAR PRADESH,LALITPUR,MANDWARA,BLOCK,55063,5979.09,5381.18,4588.64,85.27200354,Semi-Critical
UTTAR PRADESH,LALITPUR,TALBEHAT,BLOCK,68719,7996.93,7197.23,6082.78,84.51557057,Semi-Critical
UTTAR PRADESH,LUCKNOW,BAKSHI KA TALAB,BLOCK,35346,11142.86,10585.72,6096.61,57.59277593,safe
UTTAR PRADESH,LUCKNOW,CHINHAT,BLOCK,13374,3260.21,2934.19,1878.36,64.01630433,safe
UTTAR PRADESH,LUCKNOW,GOSAIGANJ,BLOCK,27721,11019.69,10468.71,6185.12,59.08196903,safe
UTTAR PRADESH,LUCKNOW,KAKORI,BLOCK,21246,7243.82,6519.44,2823,43.30126514,safe
UTTAR PRADESH,LUCKNOW,LUCKNOW CITY,BLOCK,31010,8384.78,7546.3,7895.75,104.6307462,Over-Exploited
UTTAR PRADESH,LUCKNOW,MAL,BLOCK,24570,7422.66,6680.4,3888.63,58.20953835,safe
UTTAR PRADESH,LUCKNOW,MALIHABAD,BLOCK,22899,6621.75,6290.66,4331.72,68.85954733,safe
UTTAR PRADESH,LUCKNOW,MOHANLALGANJ,BLOCK,38257,15273.78,14510.09,9962.34,68.65801659,safe
UTTAR PRADESH,LUCKNOW,SAROJNI NAGAR,BLOCK,30863,8837.82,7954.03,5398.63,67.87288959,safe
UTTAR PRADESH,MAHOBA,CHARKHARI,BLOCK,71451,5566,5287.7,4195.05,79.3360062,Semi-Critical
UTTAR PRADESH,MAHOBA,JAITPUR,BLOCK,51999,5537.83,4984.04,5426.53,108.878139,Over-Exploited
UTTAR PRADESH,MAHOBA,KABRAI,BLOCK,70323,13174.82,11857.33,9583.47,80.82317014,Semi-Critical
UTTAR PRADESH,MAHOBA,PANWARI,BLOCK,35568,6476.08,5828.47,6361.03,109.1372178,Over-Exploited
UTTAR PRADESH,MAHRAJGANJ,BRIJMANGANJ,BLOCK,18490,6931.65,6238.49,4173.99,66.90705603,safe
UTTAR PRADESH,MAHRAJGANJ,DHANI,BLOCK,6300,2647.45,2382.7,1360.31,57.09111512,safe
UTTAR PRADESH,MAHRAJGANJ,GHUGHULI,BLOCK,18390,7892.72,7498.08,4602.17,61.37797943,safe
UTTAR PRADESH,MAHRAJGANJ,LAKSHMIPUR,BLOCK,22040,9240.85,8316.77,5454.01,65.57846375,safe
UTTAR PRADESH,MAHRAJGANJ,MAHARAJGANJ,BLOCK,22040,12934.54,12287.81,6961.27,56.65183625,safe
UTTAR PRADESH,MAHRAJGANJ,MITHAURA,BLOCK,23040,9829.02,8846.12,5610.23,63.42023396,safe
UTTAR PRADESH,MAHRAJGANJ,NAUTANWA,BLOCK,26800,10758.28,9682.45,5692.19,58.78873632,safe
UTTAR PRADESH,MAHRAJGANJ,NICHLAUL,BLOCK,32130,15735.45,14161.9,9501.08,67.08902054,safe
UTTAR PRADESH,MAHRAJGANJ,PANIARA,BLOCK,21470,9994.04,8994.63,5592.45,62.17543134,safe
UTTAR PRADESH,MAHRAJGANJ,PARTAWAL,BLOCK,20290,10607.61,10077.23,5836.21,57.91482382,safe
UTTAR PRADESH,MAHRAJGANJ,PHARENDA,BLOCK,16530,6292.29,5663.06,3775.32,66.66572489,safe
UTTAR PRADESH,MAHRAJGANJ,SISWA BAZAR,BLOCK,20240,8531.07,8104.51,5382.28,66.41092429,safe
UTTAR PRADESH,MAINPURI,BARNAHAL,BLOCK,21035,4921.34,4429.21,6067.73,136.9935045,Over-Exploited
UTTAR PRADESH,MAINPURI,BEWAR,BLOCK,29428,9194.56,8275.11,5390.08,65.13605257,safe
UTTAR PRADESH,MAINPURI,GHIROR,BLOCK,34491,12062.21,10855.99,6158.48,56.72886582,safe
UTTAR PRADESH,MAINPURI,JAGIR,BLOCK,21192,7450.19,6705.17,5203.69,77.60713002,Semi-Critical
UTTAR PRADESH,MAINPURI,KARHAL,BLOCK,34596,14870.17,14126.66,8884.24,62.88988338,safe
UTTAR PRADESH,MAINPURI,KISHNI,BLOCK,36594,11967.34,10770.61,7414.85,68.8433617,safe
UTTAR PRADESH,MAINPURI,KURAWALI,BLOCK,28079,9460.01,8514.01,5890.99,69.19172047,safe
UTTAR PRADESH,MAINPURI,MAINPURI,BLOCK,39398,12593.28,11333.95,9353.97,82.53053878,Semi-Critical
UTTAR PRADESH,MAINPURI,SULTANGANJ,BLOCK,31259,9391.81,8922.22,6031.58,67.60178521,safe
UTTAR PRADESH,MATHURA,BALDEO,BLOCK,31686,10851.82,9766.63,9098.82,93.16232928,Critical
UTTAR PRADESH,MATHURA,CHAUMUHAN,BLOCK,30458,13752.48,12377.24,7738.34,62.52072352,safe
UTTAR PRADESH,MATHURA,CHHATA,BLOCK,42089,17831.59,16940.01,10204.69,60.24016515,safe
UTTAR PRADESH,MATHURA,FARAH,BLOCK,26294,11712.94,10541.65,7084.96,67.20921298,safe
UTTAR PRADESH,MATHURA,GOVARDHAN,BLOCK,37251,15193.74,13674.36,9343.55,68.32897481,safe
UTTAR PRADESH,MATHURA,MAT,BLOCK,27464,12210.86,10989.77,6878.22,62.58747908,safe
UTTAR PRADESH,MATHURA,MATHURA,BLOCK,38223,11908.1,10717.29,6668.29,62.21992687,safe
UTTAR PRADESH,MATHURA,NANDGAON,BLOCK,32736,15730.41,14943.89,6149.32,41.14939283,safe
UTTAR PRADESH,MATHURA,NOHJHIL,BLOCK,35738,14445.39,13000.85,12235.3,94.11153886,Critical
UTTAR PRADESH,MATHURA,RAYA,BLOCK,34139,14534.73,13807.99,15127.68,109.5574374,Over-Exploited
UTTAR PRADESH,MAUNATH BHANJAN,BADRAON,BLOCK,17086,5592.57,5033.32,2955.02,58.70916214,safe
UTTAR PRADESH,MAUNATH BHANJAN,DOHRI GHAT,BLOCK,17525,5735.71,5162.13,3485.27,67.51612222,safe
UTTAR PRADESH,MAUNATH BHANJAN,FATEHPUR MADRAUN,BLOCK,24982,7190.23,6471.21,3989.86,61.65554819,safe
UTTAR PRADESH,MAUNATH BHANJAN,GHOSI,BLOCK,15492,6875.56,6531.78,4466.29,68.37783881,safe
UTTAR PRADESH,MAUNATH BHANJAN,KOPAGANJ,BLOCK,19619,5499.77,5224.78,3508.09,67.14330556,safe
UTTAR PRADESH,MAUNATH BHANJAN,MOHAMMADABAD,BLOCK,18341,4065.47,3658.93,2521.81,68.92206191,safe
UTTAR PRADESH,MAUNATH BHANJAN,PARDAHA,BLOCK,15644,3521.97,3169.77,2217.15,69.94671538,safe
UTTAR PRADESH,MAUNATH BHANJAN,RANIPUR,BLOCK,22830,7357.96,6622.17,4053.98,61.21830155,safe
UTTAR PRADESH,MAUNATH BHANJAN,RATANPURA,BLOCK,20105,5284.26,4755.83,2933.76,61.68765494,safe
UTTAR PRADESH,MEERUT,DAURALA,BLOCK,18702,5695.51,5125.96,3542.22,69.10354353,safe
UTTAR PRADESH,MEERUT,HASTINAPUR,BLOCK,34328,14854.51,14111.78,9945.02,70.47317915,Semi-Critical
UTTAR PRADESH,MEERUT,JANI,BLOCK,17902,8216.42,7394.77,4362.43,58.99345078,safe
UTTAR PRADESH,MEERUT,KHARKHODA,BLOCK,19912,3933.71,3540.34,3275.28,92.51314845,Critical
UTTAR PRADESH,MEERUT,MACHHRA,BLOCK,18235,5249.62,4724.66,4476.01,94.73718744,Critical
UTTAR PRADESH,MEERUT,MAWANA KALAN,BLOCK,20358,7231.14,6508.02,5176.13,79.53463573,Semi-Critical
UTTAR PRADESH,MEERUT,MEERUT,BLOCK,14675,3504.14,3153.73,2837.23,89.96426454,Semi-Critical
UTTAR PRADESH,MEERUT,MEERUT CITY,BLOCK,24489,1946.42,1751.78,4024.67,229.7474569,Over-Exploited
UTTAR PRADESH,MEERUT,PARICHHATGARH,BLOCK,38103,10101.01,9090.9,7166.77,78.83454883,Semi-Critical
UTTAR PRADESH,MEERUT,RAJPURA,BLOCK,19061,4941.57,4447.41,3916.99,88.07350795,Semi-Critical
UTTAR PRADESH,MEERUT,ROHTA,BLOCK,17845,6340.03,5706.02,3198.77,56.05956516,safe
UTTAR PRADESH,MEERUT,SARDHANA,BLOCK,18219,6935.23,6241.71,3796.33,60.82195424,safe
UTTAR PRADESH,MEERUT,SARURPUR,BLOCK,19220,4006.88,3606.19,2544.31,70.55396416,Semi-Critical
UTTAR PRADESH,MIRZAPUR,CHANBEY,BLOCK,27123,3957.08,3759.22,2631.54,70.00228771,Semi-Critical
UTTAR PRADESH,MIRZAPUR,CITY,BLOCK,21644,4936.27,4442.65,3805.77,85.66441201,Semi-Critical
UTTAR PRADESH,MIRZAPUR,HALLIA,BLOCK,43611,6947.02,6252.32,1521.96,24.34232413,safe
UTTAR PRADESH,MIRZAPUR,JAMALPUR,BLOCK,23332,8679.65,8245.67,4865.94,59.0120633,safe
UTTAR PRADESH,MIRZAPUR,KON,BLOCK,9670,1490.16,1415.65,1443.37,101.9581111,Over-Exploited
UTTAR PRADESH,MIRZAPUR,LALGANJ,BLOCK,39392,6495.42,5845.87,2920.67,49.9612547,safe
UTTAR PRADESH,MIRZAPUR,MAJHAWAN,BLOCK,11719,3417.13,3075.42,2854.61,92.82016765,Critical
UTTAR PRADESH,MIRZAPUR,MARIHAN,BLOCK,19474,4810.91,4329.82,2532.19,58.48256971,safe
UTTAR PRADESH,MIRZAPUR,NARAYANPUR,BLOCK,22133,6474.41,5826.96,3664.81,62.89403051,safe
UTTAR PRADESH,MIRZAPUR,PAHARI,BLOCK,32590,4700.6,4230.54,2691.57,63.62237445,safe
UTTAR PRADESH,MIRZAPUR,RAJGARH,BLOCK,33169,6016.23,5414.6,3509.56,64.81660695,safe
UTTAR PRADESH,MIRZAPUR,SIKHAR,BLOCK,11580,3267.81,2941.03,2533.64,86.14805017,Semi-Critical
UTTAR PRADESH,MORADABAD,BHAGATPUR,BLOCK,22670,4677.48,4209.73,3409.88,80.99996912,Semi-Critical
UTTAR PRADESH,MORADABAD,BILARI,BLOCK,26908,5751.38,5176.24,5071.09,97.96860269,Critical
UTTAR PRADESH,MORADABAD,CHHAJLET,BLOCK,31167,9843.07,9350.92,6973.21,74.57244849,Semi-Critical
UTTAR PRADESH,MORADABAD,DILARI,BLOCK,31295,9339.58,8405.62,7168.02,85.27651738,Semi-Critical
UTTAR PRADESH,MORADABAD,KUNDARKI (DENGAPUR),BLOCK,28616,9790.06,8811.05,7607.93,86.34532774,Semi-Critical
UTTAR PRADESH,MORADABAD,MORADABAD,BLOCK,17349,6922.97,6230.68,5578.75,89.53677608,Semi-Critical
UTTAR PRADESH,MORADABAD,MORADABAD CITY,BLOCK,7725,1840.45,1656.4,5198.23,313.8269742,Over-Exploited
UTTAR PRADESH,MORADABAD,MUNDAPANDEY,BLOCK,27419,6997.95,6648.05,5910.15,88.90050466,Semi-Critical
UTTAR PRADESH,MORADABAD,THAKURDWARA,BLOCK,31795,10901.82,9811.64,6534.21,66.5965119,safe
UTTAR PRADESH,MUZAFFARNAGAR,BHAGHARA,BLOCK,23873,9797.94,9308.04,10039.8,107.8615906,Over-Exploited
UTTAR PRADESH,MUZAFFARNAGAR,BUDHANA,BLOCK,30470,7722.3,6950.07,6854.3,98.62202827,Critical
UTTAR PRADESH,MUZAFFARNAGAR,CHARTHAWAL,BLOCK,27552,10224.84,9713.59,9709.47,99.9575852,Critical
UTTAR PRADESH,MUZAFFARNAGAR,JANSATH,BLOCK,48218,18390.08,17470.58,10590.46,60.61882319,safe
UTTAR PRADESH,MUZAFFARNAGAR,KHATAULI,BLOCK,30743,17305.13,16439.88,9746.85,59.28784152,safe
UTTAR PRADESH,MUZAFFARNAGAR,MORNA,BLOCK,38769,14736.97,13263.27,8728.45,65.80918582,safe
UTTAR PRADESH,MUZAFFARNAGAR,MUZAFFARNAGAR,BLOCK,22485,8415.79,7995,6761.4,84.57035647,Semi-Critical
UTTAR PRADESH,MUZAFFARNAGAR,PURQAJI,BLOCK,29202,18234.5,17322.78,11889.07,68.63257514,safe
UTTAR PRADESH,MUZAFFARNAGAR,SHAHPUR,BLOCK,24354,6039.55,5737.57,5158.92,89.91471999,Semi-Critical
UTTAR PRADESH,PILIBHIT,AMARIA,BLOCK,39886,14935.11,14188.35,9352.92,65.91971582,safe
UTTAR PRADESH,PILIBHIT,BARKHERA,BLOCK,32075,11245.7,10683.42,7363.85,68.92783397,safe
UTTAR PRADESH,PILIBHIT,BILSANDA,BLOCK,36510,13221.69,12560.6,7623.52,60.6939159,safe
UTTAR PRADESH,PILIBHIT,BISALPUR,BLOCK,27271,9756.92,9269.08,5817.81,62.76577611,safe
UTTAR PRADESH,PILIBHIT,LALAURIKHERA,BLOCK,23267,9952.75,8957.47,6206.99,69.29400824,safe
UTTAR PRADESH,PILIBHIT,MARAURI,BLOCK,30194,10683.17,10149.01,6675.09,65.77084859,safe
UTTAR PRADESH,PILIBHIT,PURANPUR,BLOCK,147756,42096.61,37886.95,24136.44,63.70647413,safe
UTTAR PRADESH,PRATAPGARH,ASPUR DEOSARA,BLOCK,21207,6237.71,5613.94,4587.61,81.71818723,Semi-Critical
UTTAR PRADESH,PRATAPGARH,BABA BELKHAR NATH,BLOCK,18467,5001.7,4751.62,3496.83,73.59237481,Semi-Critical
UTTAR PRADESH,PRATAPGARH,BABAGANJ,BLOCK,24963,11757.2,10581.48,7063.64,66.75474508,safe
UTTAR PRADESH,PRATAPGARH,BIHAR,BLOCK,23509,11270.71,10143.64,5741.2,56.59901179,safe
UTTAR PRADESH,PRATAPGARH,GAURA,BLOCK,18759,7328.57,6962.14,5890.89,84.61320801,Semi-Critical
UTTAR PRADESH,PRATAPGARH,KALANKER,BLOCK,29516,12015.39,10813.85,6740.17,62.32905025,safe
UTTAR PRADESH,PRATAPGARH,KUNDA,BLOCK,19045,10242.25,9218.03,6653.58,72.1800645,Semi-Critical
UTTAR PRADESH,PRATAPGARH,LAKSHAMANPUR,BLOCK,18940,7027.38,6676.01,5370.41,80.44340856,Semi-Critical
UTTAR PRADESH,PRATAPGARH,LALGANJ,BLOCK,22552,7465,6718.5,5430.83,80.83396592,Semi-Critical
UTTAR PRADESH,PRATAPGARH,MANDHATA,BLOCK,20347,8373.01,7535.71,7514.53,99.71893823,Critical
UTTAR PRADESH,PRATAPGARH,MANGARAURA,BLOCK,16534,6627.16,5964.44,5074.11,85.07269752,Semi-Critical
UTTAR PRADESH,PRATAPGARH,PATTI,BLOCK,21675,6601.36,5941.23,4765.36,80.20830703,Semi-Critical
UTTAR PRADESH,PRATAPGARH,RAMPUR-SANGRAMGARH,BLOCK,21036,6375.76,5738.18,4440.11,77.37836736,Semi-Critical
UTTAR PRADESH,PRATAPGARH,SADAR,BLOCK,21576,7818.8,7427.86,6871.31,92.5072632,Critical
UTTAR PRADESH,PRATAPGARH,SANDWA CHANDIKA,BLOCK,26513,9063.62,8610.44,8557.22,99.38191312,Critical
UTTAR PRADESH,PRATAPGARH,SANGAIPUR,BLOCK,19613,7297.75,6567.98,4487.12,68.31811303,safe
UTTAR PRADESH,PRATAPGARH,SHIVGARH,BLOCK,27491,7952.37,7157.14,6715.97,93.83594564,Critical
UTTAR PRADESH,PRAYAGRAJ,BAHADURPUR,BLOCK,22704,6576.24,6247.43,4622.01,73.98258164,Semi-Critical
UTTAR PRADESH,PRAYAGRAJ,BAHARIA,BLOCK,13345,5735.37,5161.83,3604.87,69.83705391,safe
UTTAR PRADESH,PRAYAGRAJ,BHAGWATPUR,BLOCK,18971,4501.29,4051.16,2674.78,66.02503974,safe
UTTAR PRADESH,PRAYAGRAJ,CHAKA,BLOCK,13575,4675.24,4207.72,3980.71,94.60491668,Critical
UTTAR PRADESH,PRAYAGRAJ,DHANUPUR,BLOCK,17322,6665.4,5998.86,5128.84,85.49691108,Semi-Critical
UTTAR PRADESH,PRAYAGRAJ,HANDIA,BLOCK,17052,4999.81,4499.83,3096.91,68.8228222,safe
UTTAR PRADESH,PRAYAGRAJ,HOLAGARH,BLOCK,11240,4786.25,4307.63,3095.94,71.87107528,Semi-Critical
UTTAR PRADESH,PRAYAGRAJ,JASRA,BLOCK,26822,7072.97,6719.33,3739,55.64542893,safe
UTTAR PRADESH,PRAYAGRAJ,KARCHANA,BLOCK,23281,8014.65,7213.19,5045.04,69.94187038,safe
UTTAR PRADESH,PRAYAGRAJ,KAUDHIYARA,BLOCK,20046,6760.92,6422.87,4083.41,63.57609604,safe
UTTAR PRADESH,PRAYAGRAJ,KAURIHAR,BLOCK,12976,4159.1,3951.15,2734.42,69.2056743,safe
UTTAR PRADESH,PRAYAGRAJ,KORAON,BLOCK,63842,10271.84,9244.65,5495.92,59.44973579,safe
UTTAR PRADESH,PRAYAGRAJ,MANDA,BLOCK,20673,6386.03,5747.43,3318.21,57.7338045,safe
UTTAR PRADESH,PRAYAGRAJ,MAUAIMA,BLOCK,15560,5944.91,5350.42,4543.89,84.92585629,Semi-Critical
UTTAR PRADESH,PRAYAGRAJ,MEJA,BLOCK,34201,8521.45,7669.3,3988.53,52.00644127,safe
UTTAR PRADESH,PRAYAGRAJ,PHULPUR,BLOCK,17495,5308.18,4777.36,4152.15,86.91306496,Semi-Critical
UTTAR PRADESH,PRAYAGRAJ,PRATAPPUR,BLOCK,21101,7006.9,6306.21,5416.7,85.89469745,Semi-Critical
UTTAR PRADESH,PRAYAGRAJ,PRAYAGRAJ CITY,BLOCK,17183,2593.81,2334.42,4247.84,181.9655418,Over-Exploited
UTTAR PRADESH,PRAYAGRAJ,SAHSON,BLOCK,17815,4266.93,3840.23,3685.11,95.96065861,Critical
UTTAR PRADESH,PRAYAGRAJ,SAIDABAD,BLOCK,19142,5883.91,5295.52,4473.44,84.47593437,Semi-Critical
UTTAR PRADESH,PRAYAGRAJ,SHANKARGARH,BLOCK,33128,7576.04,6818.43,4102.35,60.16560997,safe
UTTAR PRADESH,PRAYAGRAJ,SHRINGVERPUR DHAM,BLOCK,12021,3398.69,3058.82,2736.2,89.45279552,Semi-Critical
UTTAR PRADESH,PRAYAGRAJ,SORAON,BLOCK,13245,4165.81,3749.22,2480.91,66.17136364,safe
UTTAR PRADESH,PRAYAGRAJ,URUWAN,BLOCK,16890,6053.92,5448.52,3651.36,67.01562993,safe
UTTAR PRADESH,RAIBARELI,AMAWAN,BLOCK,19814,5045.25,4540.72,1544.29,34.00980461,safe
UTTAR PRADESH,RAIBARELI,BACHRAWAN,BLOCK,27162,10881.55,10337.47,6404.25,61.95181219,safe
UTTAR PRADESH,RAIBARELI,CHHATOH,BLOCK,17837,5345.75,4811.18,2845,59.13310248,safe
UTTAR PRADESH,RAIBARELI,DALMAU,BLOCK,25095,7495.91,6746.32,4411.45,65.39046473,safe
UTTAR PRADESH,RAIBARELI,DEENSAH GAURA,BLOCK,16633,5526.6,4973.94,2906.78,58.44019027,safe
UTTAR PRADESH,RAIBARELI,DIH,BLOCK,20618,8435.63,7592.06,4227.17,55.67882762,safe
UTTAR PRADESH,RAIBARELI,HARCHANDPUR,BLOCK,21318,6092.87,5788.22,3502.94,60.51843226,safe
UTTAR PRADESH,RAIBARELI,JAGATPUR,BLOCK,12252,3242.41,2918.17,1521.89,52.15220498,safe
UTTAR PRADESH,RAIBARELI,KHIRON,BLOCK,20791,6448.32,6125.9,3938.62,64.29455264,safe
UTTAR PRADESH,RAIBARELI,LALGANJ,BLOCK,22309,9372.92,8904.27,5669.85,63.67562978,safe
UTTAR PRADESH,RAIBARELI,MAHARAJGANJ,BLOCK,23375,8786.93,7908.24,4880.39,61.7127199,safe
UTTAR PRADESH,RAIBARELI,RAHI,BLOCK,28677,8903.94,8013.55,5205.69,64.96109714,safe
UTTAR PRADESH,RAIBARELI,ROHANIYA,BLOCK,16815,3766.75,3390.08,1845.42,54.43588352,safe
UTTAR PRADESH,RAIBARELI,SALAON,BLOCK,28025,9453.65,8508.29,3895.63,45.78628608,safe
UTTAR PRADESH,RAIBARELI,SARAINI,BLOCK,26108,5213.78,4692.4,2695.8,57.45034524,safe
UTTAR PRADESH,RAIBARELI,SATAWAN,BLOCK,24240,7003.23,6302.9,3437.69,54.54140158,safe
UTTAR PRADESH,RAIBARELI,SHIVGARH,BLOCK,19527,7004.44,6303.99,4279.41,67.88414956,safe
UTTAR PRADESH,RAIBARELI,UNCHAHAR,BLOCK,21862,4408.61,3967.74,2441.9,61.54385116,safe
UTTAR PRADESH,RAMPUR,BILASPUR,BLOCK,52251,25728.98,23156.08,14449.4,62.40002626,safe
UTTAR PRADESH,RAMPUR,CHAMRAUWA,BLOCK,21558,8516.49,7664.84,6358.12,82.95176416,Semi-Critical
UTTAR PRADESH,RAMPUR,MILAK,BLOCK,41081,12620.61,11358.55,8425.17,74.17469659,Semi-Critical
UTTAR PRADESH,RAMPUR,SAID NAGAR,BLOCK,21478,5805.78,5225.2,4176.58,79.93148588,Semi-Critical
UTTAR PRADESH,RAMPUR,SAUR,BLOCK,53282,14319.95,13603.96,11966.45,87.96299019,Semi-Critical
UTTAR PRADESH,RAMPUR,SHAHABAD,BLOCK,40140,9818.49,9327.57,7131.85,76.45989256,Semi-Critical
UTTAR PRADESH,SAHARANPUR,BALLIA KHERI,BLOCK,26997,11659.47,11076.49,8310.8,75.03098906,Semi-Critical
UTTAR PRADESH,SAHARANPUR,DEOBAND,BLOCK,28398,11841.07,10656.96,9392.86,88.13826832,Semi-Critical
UTTAR PRADESH,SAHARANPUR,GANGOH,BLOCK,39823,13788.22,13098.81,19956.56,152.3539925,Over-Exploited
UTTAR PRADESH,SAHARANPUR,MUZAFFARABAD,BLOCK,62690,15421.5,14650.42,12043.63,82.20672172,Semi-Critical
UTTAR PRADESH,SAHARANPUR,NAGAL,BLOCK,27219,13702.5,12332.25,18007.22,146.0173123,Over-Exploited
UTTAR PRADESH,SAHARANPUR,NAKUR,BLOCK,34063,11547.12,10969.76,12160.51,110.8548409,Over-Exploited
UTTAR PRADESH,SAHARANPUR,NANAUTA,BLOCK,24013,10930.36,10383.84,8123.9,78.23598977,Semi-Critical
UTTAR PRADESH,SAHARANPUR,PUNWARKA,BLOCK,26096,12136.28,11529.47,7249.39,62.87704465,safe
UTTAR PRADESH,SAHARANPUR,RAMPUR MANIHARAN,BLOCK,23132,8808.26,8367.85,7155.49,85.51169058,Semi-Critical
UTTAR PRADESH,SAHARANPUR,SADHAULI KADEEM,BLOCK,41560,16707.08,15036.37,13301.08,88.45938215,Semi-Critical
UTTAR PRADESH,SAHARANPUR,SARSAWA,BLOCK,34950,13863.03,13169.88,16382.99,124.3974129,Over-Exploited
UTTAR PRADESH,SAMBHAL,ASMOLI,BLOCK,26676,5353.56,4818.21,4275.45,88.7352357,Semi-Critical
UTTAR PRADESH,SAMBHAL,BAHJOI,BLOCK,25366,4145.64,3938.36,3866.68,98.17995308,Critical
UTTAR PRADESH,SAMBHAL,BANIAKHERA,BLOCK,30197,6116.46,5504.82,5390.97,97.93181248,Critical
UTTAR PRADESH,SAMBHAL,GUNNAUR,BLOCK,30146,6140.28,5526.25,4460.26,80.71042751,Semi-Critical
UTTAR PRADESH,SAMBHAL,JANAWAI,BLOCK,30005,6011.38,5410.24,3925.53,72.55740965,Semi-Critical
UTTAR PRADESH,SAMBHAL,PAWANSA,BLOCK,33773,6844.58,6160.13,6113.04,99.23556808,Critical
UTTAR PRADESH,SAMBHAL,RAJPURA,BLOCK,30473,6544.51,5890.06,4093.24,69.49402892,safe
UTTAR PRADESH,SAMBHAL,SAMBHAL,BLOCK,34884,6687.84,6019.05,5637.32,93.65796928,Critical
UTTAR PRADESH,SANT KABIR NAGAR,BAGHAULI,BLOCK,18753,6253.06,5940.41,4115.66,69.28242327,safe
UTTAR PRADESH,SANT KABIR NAGAR,HAISAR BAZAR,BLOCK,22968,7363.05,6626.74,3930.18,59.30789498,safe
UTTAR PRADESH,SANT KABIR NAGAR,KHALILABAD,BLOCK,17378,5706.13,5135.52,3181.72,61.95516715,safe
UTTAR PRADESH,SANT KABIR NAGAR,MEHDAWAL,BLOCK,19617,6435.08,5791.58,3659.44,63.18552105,safe
UTTAR PRADESH,SANT KABIR NAGAR,NATH NAGAR,BLOCK,20801,7296.56,6566.9,4237.12,64.52237738,safe
UTTAR PRADESH,SANT KABIR NAGAR,PAULI,BLOCK,13484,4234.01,3810.61,2378.58,62.41992752,safe
UTTAR PRADESH,SANT KABIR NAGAR,SANTHA,BLOCK,19366,6142.26,5528.03,3697.55,66.88729982,safe
UTTAR PRADESH,SANT KABIR NAGAR,SEMARIYAWAN,BLOCK,20074,6941.18,6247.06,3883.12,62.15915967,safe
UTTAR PRADESH,SANT KABIR NAGAR,VELHAR KALAN,BLOCK,12258,3815.07,3433.56,1954.8,56.9321637,safe
UTTAR PRADESH,SANT RAVIDAS NAGAR,ABHAULI,BLOCK,9292,5852,5266.8,4651.02,88.30827068,Semi-Critical
UTTAR PRADESH,SANT RAVIDAS NAGAR,AURAI,BLOCK,18876,8439.14,7595.23,5435.16,71.56017658,Semi-Critical
UTTAR PRADESH,SANT RAVIDAS NAGAR,BHADOHI,BLOCK,23220,7682.37,6914.13,5548.84,80.25362555,Semi-Critical
UTTAR PRADESH,SANT RAVIDAS NAGAR,DEEGH,BLOCK,21253,42445.16,38200.65,29212.42,76.47100246,Semi-Critical
UTTAR PRADESH,SANT RAVIDAS NAGAR,GYANPUR,BLOCK,13980,16882.45,15194.21,13251.2,87.21216832,Semi-Critical
UTTAR PRADESH,SANT RAVIDAS NAGAR,SURIYAWAN,BLOCK,11684,4734.94,4498.2,3877.04,86.19092081,Semi-Critical
UTTAR PRADESH,SHAHJAHANPUR,BANDA,BLOCK,49007,13304.63,12639.39,6993.14,55.32814479,safe
UTTAR PRADESH,SHAHJAHANPUR,BHAWAL KHERA,BLOCK,29242,9608.95,9128.5,6258.61,68.5612094,safe
UTTAR PRADESH,SHAHJAHANPUR,DADROL,BLOCK,31033,8756.8,8318.96,5630.33,67.68069566,safe
UTTAR PRADESH,SHAHJAHANPUR,JAITPUR,BLOCK,23172,6940.27,6246.24,4323.74,69.22148364,safe
UTTAR PRADESH,SHAHJAHANPUR,JALALABAD,BLOCK,45863,13169.41,11852.47,8282.81,69.88256456,safe
UTTAR PRADESH,SHAHJAHANPUR,KALAN,BLOCK,23155,5525.9,5249.61,3669.15,69.89376354,safe
UTTAR PRADESH,SHAHJAHANPUR,KANTH,BLOCK,22017,7056.25,6703.43,4135.15,61.68707662,safe
UTTAR PRADESH,SHAHJAHANPUR,KATRA,BLOCK,22612,7857.78,7464.89,4310.78,57.7474015,safe
UTTAR PRADESH,SHAHJAHANPUR,KHUTAR,BLOCK,46982,11448.47,10876.05,5859.49,53.87516608,safe
UTTAR PRADESH,SHAHJAHANPUR,MADANAPUR,BLOCK,27976,7316.36,6584.72,4298.4,65.27840212,safe
UTTAR PRADESH,SHAHJAHANPUR,MIRZAPUR,BLOCK,32965,8942.84,8495.7,5701.37,67.10889038,safe
UTTAR PRADESH,SHAHJAHANPUR,NIGOHI,BLOCK,30939,10122.84,9616.7,6196.67,64.43655308,safe
UTTAR PRADESH,SHAHJAHANPUR,PUYAWAN,BLOCK,28359,8398.12,7558.31,5213.76,68.98049961,safe
UTTAR PRADESH,SHAHJAHANPUR,SINDHAULI,BLOCK,23552,7549.67,7172.18,4583.21,63.90260702,safe
UTTAR PRADESH,SHAHJAHANPUR,TILHAR,BLOCK,21257,6429.27,6107.81,3983.2,65.21486425,safe
UTTAR PRADESH,SHAMLI,KAIRANA,BLOCK,23878,8793.42,8353.75,8340.25,99.83839593,Critical
UTTAR PRADESH,SHAMLI,KANDHALA,BLOCK,26451,9857.03,9364.18,9309.11,99.41190793,Critical
UTTAR PRADESH,SHAMLI,SHAMLI,BLOCK,21873,9032.7,8129.43,10219.97,125.7157021,Over-Exploited
UTTAR PRADESH,SHAMLI,THANA BHAWAN,BLOCK,23440,8533.09,7679.78,6733.1,87.67308439,Semi-Critical
UTTAR PRADESH,SHAMLI,UN,BLOCK,40484,10008.62,9508.19,9929.5,104.4310221,Over-Exploited
UTTAR PRADESH,SHRAWASTI,GILAULA,BLOCK,31676,10302.43,9787.31,6057.75,61.89392182,safe
UTTAR PRADESH,SHRAWASTI,HARIHARPUR RANI,BLOCK,36377,11102.13,9991.92,6192.42,61.97427521,safe
UTTAR PRADESH,SHRAWASTI,IKAUNA,BLOCK,28731,10055.22,9049.69,5565.94,61.50420622,safe
UTTAR PRADESH,SHRAWASTI,JAMUNAHA,BLOCK,36241,11532.64,10379.38,6510.29,62.72330332,safe
UTTAR PRADESH,SHRAWASTI,SIRSIYA,BLOCK,52757,12958.87,12310.93,5114.22,41.54210933,safe
UTTAR PRADESH,SIDDHARTH NAGAR,BANSI,BLOCK,19189,6392.1,5752.89,3865.11,67.18553631,safe
UTTAR PRADESH,SIDDHARTH NAGAR,BARHANI,BLOCK,18616,5801.92,5221.72,3028.61,58.00023747,safe
UTTAR PRADESH,SIDDHARTH NAGAR,BHANWAPUR,BLOCK,30675,10274.95,9247.45,6234.47,67.41826125,safe
UTTAR PRADESH,SIDDHARTH NAGAR,BIRDPUR,BLOCK,16249,7099.93,6389.94,3642.48,57.00335214,safe
UTTAR PRADESH,SIDDHARTH NAGAR,DOMARIAGANJ,BLOCK,26172,9020.83,8118.75,5221.61,64.31544265,safe
UTTAR PRADESH,SIDDHARTH NAGAR,ITWA,BLOCK,24921,8204.53,7384.08,5107.95,69.17517145,safe
UTTAR PRADESH,SIDDHARTH NAGAR,JOGIYA,BLOCK,20537,6365.37,5728.83,3400.88,59.36430301,safe
UTTAR PRADESH,SIDDHARTH NAGAR,KHESRHA,BLOCK,21225,7015.21,6313.68,4294.43,68.01785963,safe
UTTAR PRADESH,SIDDHARTH NAGAR,KHUNIYAW,BLOCK,28507,9321.51,8389.36,5736.43,68.37744476,safe
UTTAR PRADESH,SIDDHARTH NAGAR,LOTAN,BLOCK,12400,4141.17,3934.11,2701.58,68.67067774,safe
UTTAR PRADESH,SIDDHARTH NAGAR,MITHWAL,BLOCK,22761,7191.11,6472,3676.12,56.80037083,safe
UTTAR PRADESH,SIDDHARTH NAGAR,NAUGARH,BLOCK,13962,4726.38,4253.75,2778.18,65.31131355,safe
UTTAR PRADESH,SIDDHARTH NAGAR,SHOHATGARH,BLOCK,21069,6645.98,5981.38,3118.04,52.12910733,safe
UTTAR PRADESH,SIDDHARTH NAGAR,USKA BAZAR,BLOCK,13220,3882.75,3688.62,2197.41,59.57268572,safe
UTTAR PRADESH,SITAPUR,AILIA,BLOCK,25842,7189.07,6829.62,3712.02,54.35177945,safe
UTTAR PRADESH,SITAPUR,BEHTA,BLOCK,36759,9467.96,8521.17,5048.29,59.24409441,safe
UTTAR PRADESH,SITAPUR,BISWAN,BLOCK,36006,11054.29,9948.86,6439.37,64.72470213,safe
UTTAR PRADESH,SITAPUR,GONDLAMAU,BLOCK,32609,8466.54,7619.88,5140.78,67.46536691,safe
UTTAR PRADESH,SITAPUR,HARGAON,BLOCK,27962,15765.15,14188.63,8006.46,56.42870383,safe
UTTAR PRADESH,SITAPUR,KASMANDA,BLOCK,27658,11107.17,9996.45,6416.52,64.18798674,safe
UTTAR PRADESH,SITAPUR,KHAIRABAD,BLOCK,26542,8400.48,7560.43,5256.53,69.52686554,safe
UTTAR PRADESH,SITAPUR,LAHARPUR,BLOCK,24388,19112.12,17200.9,10472.27,60.88210501,safe
UTTAR PRADESH,SITAPUR,MACHHREHTA,BLOCK,27664,7835.88,7052.29,3845.19,54.5239915,safe
UTTAR PRADESH,SITAPUR,MAHMUDABAD,BLOCK,22453,6127.06,5514.36,3472.06,62.96397043,safe
UTTAR PRADESH,SITAPUR,MAHOLI,BLOCK,24003,8869.82,7982.83,4811.66,60.27511547,safe
UTTAR PRADESH,SITAPUR,MISRIKH,BLOCK,30253,9226.85,8765.51,3951.47,45.07975007,safe
UTTAR PRADESH,SITAPUR,PAHALA,BLOCK,28324,20212.43,18191.19,10675.44,58.68467099,safe
UTTAR PRADESH,SITAPUR,PARSENDI,BLOCK,29062,11046.68,10494.34,5568.45,53.0614598,safe
UTTAR PRADESH,SITAPUR,PISAWAN,BLOCK,40649,10243.5,9219.15,5865.16,63.61931415,safe
UTTAR PRADESH,SITAPUR,RAMPUR MATHURA,BLOCK,34464,8807.98,7927.18,4787.07,60.38805729,safe
UTTAR PRADESH,SITAPUR,REWSA,BLOCK,43121,11395.15,10825.39,6687.4,61.77514159,safe
UTTAR PRADESH,SITAPUR,SAKRAN,BLOCK,30855,7989.25,7190.32,4376.09,60.86085181,safe
UTTAR PRADESH,SITAPUR,SIDHAULI,BLOCK,26081,7961.85,7165.67,4860.07,67.82436255,safe
UTTAR PRADESH,SONBHADRA,BABHANI,BLOCK,20142,2722.91,2450.62,1369.81,55.89646702,safe
UTTAR PRADESH,SONBHADRA,CHATRA,BLOCK,23296,4433.33,4211.67,2727.18,64.75293648,safe
UTTAR PRADESH,SONBHADRA,CHOPAN,BLOCK,51159.66,5154.23,4638.81,2477.61,53.41046518,safe
UTTAR PRADESH,SONBHADRA,DUDHI,BLOCK,18306.69,4319.39,3887.45,2981.04,76.68368725,Semi-Critical
UTTAR PRADESH,SONBHADRA,GHORAWAL,BLOCK,26766.29,9561.49,8605.34,4450.1,51.71323852,safe
UTTAR PRADESH,SONBHADRA,KARMA,BLOCK,16285.37,5299.09,4769.18,1470.07,30.82437652,safe
UTTAR PRADESH,SONBHADRA,KONE,BLOCK,6994.79,1887.4,1698.66,957.72,56.38091201,safe
UTTAR PRADESH,SONBHADRA,MYORPUR,BLOCK,35117,6518.59,5866.73,2897.23,49.38406915,safe
UTTAR PRADESH,SONBHADRA,NAGAWA,BLOCK,9100,2781.12,2503.01,1684.06,67.2813932,safe
UTTAR PRADESH,SONBHADRA,ROBERTSGANJ,BLOCK,34291.09,14688.49,13219.64,5379.8,40.69551062,safe
UTTAR PRADESH,SULTANPUR,AKHAND NAGAR,BLOCK,22051,6698.41,6028.57,3556.09,58.98728886,safe
UTTAR PRADESH,SULTANPUR,BALDIRAI,BLOCK,22418,6931.38,6238.25,3731.86,59.82222578,safe
UTTAR PRADESH,SULTANPUR,BHADAIYAN,BLOCK,21123,5617.99,5337.09,3363.41,63.01954811,safe
UTTAR PRADESH,SULTANPUR,DHANPATGANJ,BLOCK,22520,7940.89,7543.84,4620.82,61.25288977,safe
UTTAR PRADESH,SULTANPUR,DOSTPUR,BLOCK,18392,6925.69,6233.12,3653.94,58.62136458,safe
UTTAR PRADESH,SULTANPUR,DUBEPUR,BLOCK,19228,7141.22,6427.1,4276.74,66.54229746,safe
UTTAR PRADESH,SULTANPUR,JAI SINGHPUR,BLOCK,22575,7927.2,7530.84,4945.84,65.67447987,safe
UTTAR PRADESH,SULTANPUR,KADIPUR,BLOCK,15285,5488.41,4939.57,2679.99,54.25553236,safe
UTTAR PRADESH,SULTANPUR,KARONDIKALA,BLOCK,10747,3159.26,2843.33,1650.51,58.0484854,safe
UTTAR PRADESH,SULTANPUR,KUREBHAR,BLOCK,22188,9269.87,8806.37,5207.96,59.13855539,safe
UTTAR PRADESH,SULTANPUR,KURWAR,BLOCK,21407,8302.47,7472.22,4568.82,61.14407766,safe
UTTAR PRADESH,SULTANPUR,LAMBHUA,BLOCK,21487,8536.09,7682.48,5242.55,68.24033385,safe
UTTAR PRADESH,SULTANPUR,MOTIGARPUR,BLOCK,12274,3869.72,3482.75,2200.2,63.17421578,safe
UTTAR PRADESH,SULTANPUR,P.P. KANNAICHA,BLOCK,13686,4749.56,4274.61,2620.04,61.29307703,safe
UTTAR PRADESH,UNNAO,ASOHA,BLOCK,29225,11604.19,11023.98,5944.47,53.92308404,safe
UTTAR PRADESH,UNNAO,AURAS,BLOCK,26589,11831.01,10647.9,6428.42,60.37265564,safe
UTTAR PRADESH,UNNAO,BANGARMAU,BLOCK,25320,7434.04,6690.63,4281.66,63.99487044,safe
UTTAR PRADESH,UNNAO,BICHHIA,BLOCK,33648,14846.33,14104.02,7448.19,52.80898637,safe
UTTAR PRADESH,UNNAO,BIGHAPUR,BLOCK,28998,7546.8,6792.12,4593.87,67.63528913,safe
UTTAR PRADESH,UNNAO,FATEHPUR CHAURASI,BLOCK,27654,9958.25,8962.42,5225.72,58.30701976,safe
UTTAR PRADESH,UNNAO,GANG MURADABAD,BLOCK,24433,9257.46,8331.71,5514.28,66.18425269,safe
UTTAR PRADESH,UNNAO,HASANGANJ,BLOCK,30444,12968.03,11671.23,8134.75,69.69916624,safe
UTTAR PRADESH,UNNAO,HILAULI,BLOCK,31537,7828.08,7436.67,4692.76,63.10297485,safe
UTTAR PRADESH,UNNAO,MIANGANJ,BLOCK,27395,13930.65,12537.58,8196.44,65.37497667,safe
UTTAR PRADESH,UNNAO,NAWABGANJ,BLOCK,27571,10179.83,9161.85,5656.65,61.74135136,safe
UTTAR PRADESH,UNNAO,PURWA,BLOCK,26580,11763.38,10587.05,6661.26,62.91894343,safe
UTTAR PRADESH,UNNAO,SAFIPUR,BLOCK,25599,8778.76,8339.82,5260.31,63.07462271,safe
UTTAR PRADESH,UNNAO,SIKANDAR SIRAUSI,BLOCK,34983,11911.24,10720.12,6634.35,61.88690052,safe
UTTAR PRADESH,UNNAO,SIKANDARPUR KARAN,BLOCK,32580,10222.88,9200.59,4705.29,51.14117682,safe
UTTAR PRADESH,UNNAO,SUMERPUR,BLOCK,27678,11165.25,10048.72,6417.92,63.86803493,safe
UTTAR PRADESH,VARANASI,ARAZILINE,BLOCK,21886,6735.17,6061.65,6440.14,106.2440095,Over-Exploited
UTTAR PRADESH,VARANASI,BARAGAON,BLOCK,17433,5760.18,5184.16,3495.42,67.42500231,safe
UTTAR PRADESH,VARANASI,CHIRAIGAON,BLOCK,19599,5519.28,4967.35,4707.67,94.77226288,Critical
UTTAR PRADESH,VARANASI,CHOLAPUR,BLOCK,17937,8058.5,7252.65,4084.38,56.31569151,safe
UTTAR PRADESH,VARANASI,HARAHUA,BLOCK,14117,5447.53,5175.15,5193.33,100.3512942,Over-Exploited
UTTAR PRADESH,VARANASI,KASHI VIDYAPITH,BLOCK,14340,4680.16,4212.15,3189.51,75.72166233,Semi-Critical
UTTAR PRADESH,VARANASI,PINDRA,BLOCK,22350,7948.47,7153.62,5590.65,78.15134156,Semi-Critical
UTTAR PRADESH,VARANASI,SEVAPURI,BLOCK,16913,6273.34,5646.01,4240.06,75.09834379,Semi-Critical
UTTAR PRADESH,VARANASI,VARANASI CITY,BLOCK,15957,2571.52,2314.37,5166.38,223.230512,Over-Exploited
UTTARAKHAND,DEHRADUN,DOIWALA,BLOCK,51057,24073.49,21666.14,6810.19,31.4324102,safe
UTTARAKHAND,DEHRADUN,SAHASPUR,BLOCK,52061,24964.79,22468.31,5901.85,26.26744068,safe
UTTARAKHAND,DEHRADUN,VIKASHNAGAR,BLOCK,22426,11384.07,10245.66,4769.22,46.548685,safe
UTTARAKHAND,HARIDWAR,BAHADRABAD,BLOCK,33763,11875.76,11281.97,8216.4,72.82770651,Semi-Critical
UTTARAKHAND,HARIDWAR,BHAGWANPUR,BLOCK,31537,8207.34,7386.6,5515.75,74.67237971,Semi-Critical
UTTARAKHAND,HARIDWAR,GURUKUL NARSEN,BLOCK,23107,8357.06,7939.2,3412.05,42.97725212,safe
UTTARAKHAND,HARIDWAR,KHANPUR,BLOCK,17814,4427.98,4206.58,2508.9,59.64227472,safe
UTTARAKHAND,HARIDWAR,LUKSAR,BLOCK,27778,7190.02,6471.02,4502.42,69.57821178,safe
UTTARAKHAND,HARIDWAR,ROORKEE,BLOCK,22836,6907.02,6216.32,4292.56,69.0530732,safe
UTTARAKHAND,NAINITAL,HALDWANI,BLOCK,11277,8724.09,7851.68,6756.21,86.04795407,Semi-Critical
UTTARAKHAND,NAINITAL,RAMNAGAR,BLOCK,12366,10040.07,9538.07,2852.84,29.91003421,safe
UTTARAKHAND,UDHAMSINGH NAGAR,BAZPUR,BLOCK,28646,8452.33,7607.1,3403.03,44.73491869,safe
UTTARAKHAND,UDHAMSINGH NAGAR,GADARPUR,BLOCK,23326,13053.7,11748.33,5651.83,48.10751826,safe
UTTARAKHAND,UDHAMSINGH NAGAR,JASPUR,BLOCK,23229,11965.08,10768.57,6852.47,63.63398297,safe
UTTARAKHAND,UDHAMSINGH NAGAR,KASHIPUR,BLOCK,18517,10069.87,9566.38,6775.19,70.82292361,Semi-Critical
UTTARAKHAND,UDHAMSINGH NAGAR,KHATIMA,BLOCK,35157,12246.25,11633.94,8088.21,69.52253493,safe
UTTARAKHAND,UDHAMSINGH NAGAR,RUDRAPUR,BLOCK,31153,9817.84,8836.06,5025.42,56.87399135,safe
UTTARAKHAND,UDHAMSINGH NAGAR,SITARGANJ,BLOCK,33254,10290.57,9261.51,4140.52,44.70674868,safe
WEST BENGAL,ALIPURDUAR,ALIPURDUAR-I,BLOCK,37859,20327.1,18294.39,1386.19,7.577131569,safe
WEST BENGAL,ALIPURDUAR,ALIPURDUAR-II,BLOCK,32872,19617.66,17655.89,5500.92,31.15628835,safe
WEST BENGAL,ALIPURDUAR,FALAKATA,BLOCK,35398,19253.63,17328.26,2083.31,12.02261508,safe
WEST BENGAL,ALIPURDUAR,KALCHINI,BLOCK,42024,22187.75,19968.97,1113.93,5.57830474,safe
WEST BENGAL,ALIPURDUAR,KUMARGRAM,BLOCK,51768,33334.56,30001.1,1805.48,6.018046005,safe
WEST BENGAL,ALIPURDUAR,MADARIHAT,BLOCK,37676,19962.37,17966.13,1024.49,5.702341016,safe
WEST BENGAL,BANKURA,BANKURA-I,BLOCK,19015,2484.91,2236.42,451.15,20.17286556,safe
WEST BENGAL,BANKURA,BANKURA-II,BLOCK,22084,2893.93,2604.54,635.26,24.39048738,safe
WEST BENGAL,BANKURA,BARJORA,BLOCK,39323,13493.77,12819.08,2207.73,17.22221876,safe
WEST BENGAL,BANKURA,CHHATNA,BLOCK,44747,4359.49,3923.54,559.89,14.27002146,safe
WEST BENGAL,BANKURA,GANGAJALGHATI,BLOCK,36647,4898.1,4408.29,541.44,12.28231355,safe
WEST BENGAL,BANKURA,HIRBANDH,BLOCK,19097,2631.5,2368.35,223.57,9.439905419,safe
WEST BENGAL,BANKURA,INDPUR,BLOCK,30260,3592.59,3233.33,401.52,12.41815713,safe
WEST BENGAL,BANKURA,INDUS,BLOCK,25499,12120.47,10908.42,6055.18,55.50923048,safe
WEST BENGAL,BANKURA,JAYPUR,BLOCK,26382,11700.49,10530.44,5177.88,49.17059496,safe
WEST BENGAL,BANKURA,KHATRA,BLOCK,23182,2481.21,2233.09,253.28,11.34213131,safe
WEST BENGAL,BANKURA,KOTULPUR,BLOCK,25038,10780.6,9702.54,6662.08,68.66325725,safe
WEST BENGAL,BANKURA,MEJHIA,BLOCK,16287,4238.34,3814.51,516.32,13.53568348,safe
WEST BENGAL,BANKURA,ONDA,BLOCK,50246,16700.14,15796.81,8410.08,53.23910334,safe
WEST BENGAL,BANKURA,PATRASAYER,BLOCK,32262,12374,11136.6,4509.52,40.49278954,safe
WEST BENGAL,BANKURA,RAIPUR,BLOCK,36992,4630.78,4167.69,1856.71,44.5500985,safe
WEST BENGAL,BANKURA,RANIBUNDH,BLOCK,42851,6089.95,5480.95,356.3,6.500697872,safe
WEST BENGAL,BANKURA,SALTORA,BLOCK,31262,3392.62,3053.36,362.49,11.87183955,safe
WEST BENGAL,BANKURA,SARENGA,BLOCK,22378,6773.85,6096.47,2260.04,37.07128879,safe
WEST BENGAL,BANKURA,SIMLAPAL,BLOCK,31015,9179.1,8579.07,1638.14,19.09461049,safe
WEST BENGAL,BANKURA,SONAMUKHI,BLOCK,39685,13868.4,13174.98,5158.09,39.15064767,safe
WEST BENGAL,BANKURA,TALDANGRA,BLOCK,34974,10846.86,10304.53,1437.42,13.94939895,safe
WEST BENGAL,BANKURA,VISHNUPUR,BLOCK,38775,17938.35,16144.51,9462.46,58.6110077,safe
WEST BENGAL,BIRBHUM,BOLPUR SRINIKETAN,BLOCK,34772,10655.42,10122.65,1956.42,19.32715247,safe
WEST BENGAL,BIRBHUM,DUBRAJPUR,BLOCK,36095,9807.07,8826.36,1009.3,11.43506496,safe
WEST BENGAL,BIRBHUM,ILLAMBAZAR,BLOCK,26155,9634.44,9152.72,5215.48,56.98284226,safe
WEST BENGAL,BIRBHUM,KHOYRASOL,BLOCK,27219,3383.01,3044.7,1743.29,57.25654416,safe
WEST BENGAL,BIRBHUM,LABPUR,BLOCK,26800,10884.42,9795.98,3154.49,32.20188281,safe
WEST BENGAL,BIRBHUM,MAYURESWAR-I,BLOCK,22484,8247.31,7422.58,2435.68,32.81446613,safe
WEST BENGAL,BIRBHUM,MAYURESWAR-II,BLOCK,15659,6670.66,6003.59,4080.27,67.96383497,safe
WEST BENGAL,BIRBHUM,MOHAMMAD BAZAR,BLOCK,31564,4173.96,3756.56,688.84,18.33698916,safe
WEST BENGAL,BIRBHUM,MURARAI-I,BLOCK,17130,2437.93,2194.13,690.42,31.46668611,safe
WEST BENGAL,BIRBHUM,MURARAI-II,BLOCK,18534,5209.81,4688.82,1453.05,30.98967331,safe
WEST BENGAL,BIRBHUM,NALHATI-I,BLOCK,24898,3559.69,3203.72,1108.07,34.58698014,safe
WEST BENGAL,BIRBHUM,NALHATI-II,BLOCK,10916,3777.31,3399.57,1225.29,36.04249949,safe
WEST BENGAL,BIRBHUM,NANOOR,BLOCK,31194,10381.62,9343.45,2081.44,22.27699618,safe
WEST BENGAL,BIRBHUM,RAJNAGAR,BLOCK,22148,2511.99,2260.79,271.49,12.00863415,safe
WEST BENGAL,BIRBHUM,RAMPURHAT-I,BLOCK,29388,4084.35,3675.92,745.07,20.26893948,safe
WEST BENGAL,BIRBHUM,RAMPURHAT-II,BLOCK,18419,5996.07,5396.47,976.23,18.09015894,safe
WEST BENGAL,BIRBHUM,SAINTHIA,BLOCK,31440,11332.87,10199.58,3787.28,37.13172503,safe
WEST BENGAL,BIRBHUM,SURI-I,BLOCK,16412,2380.47,2142.42,529.11,24.69683815,safe
WEST BENGAL,BIRBHUM,SURI-II,BLOCK,13582,4623.48,4161.13,1096.02,26.3394799,safe
WEST BENGAL,DAKSHIN DINAJPUR,BALURGHAT,BLOCK,37950,19571.48,17614.33,11328.84,64.31604268,safe
WEST BENGAL,DAKSHIN DINAJPUR,BANSIHARI,BLOCK,19652,9527.98,9051.58,4921.67,54.37360107,safe
WEST BENGAL,DAKSHIN DINAJPUR,GANGARAMPUR,BLOCK,32581,15541.9,14764.8,7291.05,49.38129876,safe
WEST BENGAL,DAKSHIN DINAJPUR,HARIRAMPUR,BLOCK,20484,10681.04,9612.93,5318.69,55.32850026,safe
WEST BENGAL,DAKSHIN DINAJPUR,HILLI,BLOCK,9079,5027.34,4524.6,3739.09,82.63912832,Semi-Critical
WEST BENGAL,DAKSHIN DINAJPUR,KUMARGANJ,BLOCK,28663,15162.42,13646.17,9235.44,67.67789057,safe
WEST BENGAL,DAKSHIN DINAJPUR,KUSHMUNDI,BLOCK,31064,16386.6,14747.94,10423.34,70.67658263,Semi-Critical
WEST BENGAL,DAKSHIN DINAJPUR,TAPAN,BLOCK,44563,21654.53,19489.08,9908.8,50.84283096,safe
WEST BENGAL,DARJILING,DARJEELING PULBAZAR,BLOCK,8469,1520.09,1368.08,457.8,33.46295538,safe
WEST BENGAL,DARJILING,JOREBUNGLOW SUKIAPOKHRI,BLOCK,4437,877.21,789.49,235.6,29.84204993,safe
WEST BENGAL,DARJILING,KHARIBARI,BLOCK,14488,6853.68,6168.31,1161.55,18.83092776,safe
WEST BENGAL,DARJILING,KURSEONG,BLOCK,7807,1228.44,1105.6,277.97,25.14200434,safe
WEST BENGAL,DARJILING,MATIGARA,BLOCK,15271,7113.86,6402.48,1240.39,19.37358649,safe
WEST BENGAL,DARJILING,MIRIK,BLOCK,2518,389.77,350.79,143.04,40.77653297,safe
WEST BENGAL,DARJILING,NAXALBARI,BLOCK,18812,8620.3,7758.26,614.29,7.917883649,safe
WEST BENGAL,DARJILING,PHANSIDEWA,BLOCK,31210,14419.65,12977.68,1611.96,12.42101824,safe
WEST BENGAL,DARJILING,RANGLI RANGLIOT,BLOCK,5460,962.9,866.61,170.12,19.6305143,safe
WEST BENGAL,HAORA,AMTA-I,BLOCK,12365,4678.73,4210.86,512.57,12.17257282,safe
WEST BENGAL,HAORA,AMTA-II,BLOCK,13542,4266.92,4053.58,511.04,12.60712753,safe
WEST BENGAL,HAORA,BAGNAN-I,BLOCK,8633,0,0,0,0,Saline
WEST BENGAL,HAORA,BAGNAN-II,BLOCK,7752,0,0,0,0,Saline
WEST BENGAL,HAORA,BALLY JAGACHHA,BLOCK,7205,0,0,0,0,Saline
WEST BENGAL,HAORA,DOMJUR,BLOCK,9730,3556.25,3378.44,1006.28,29.78534472,safe
WEST BENGAL,HAORA,JAGATBALLAVPUR,BLOCK,12489,4142.27,3728.04,658.57,17.66531475,safe
WEST BENGAL,HAORA,PANCHLA,BLOCK,5342,0,0,0,0,Saline
WEST BENGAL,HAORA,SANKRAIL,BLOCK,3664,0,0,0,0,Saline
WEST BENGAL,HAORA,SHYAMPUR-I,BLOCK,11392,0,0,0,0,Saline
WEST BENGAL,HAORA,SHYAMPUR-II,BLOCK,10025,0,0,0,0,Saline
WEST BENGAL,HAORA,UDAYNARAYANPUR,BLOCK,12480,4795.11,4315.6,1553.01,35.98595792,safe
WEST BENGAL,HAORA,ULUBERIA-I,BLOCK,11438,0,0,0,0,Saline
WEST BENGAL,HAORA,ULUBERIA-II,BLOCK,6298,0,0,0,0,Saline
WEST BENGAL,HUGLI,ARAMBAG,BLOCK,26932,11449.2,10304.27,5878.81,57.05217352,safe
WEST BENGAL,HUGLI,BALAGARH,BLOCK,20215,11078.91,9971.01,8335.99,83.60226296,Semi-Critical
WEST BENGAL,HUGLI,CHANDITALA-I,BLOCK,9345,3882.83,3494.54,1511,43.23888123,safe
WEST BENGAL,HUGLI,CHANDITALA-II,BLOCK,7034,2696.73,2427.05,784.53,32.32442677,safe
WEST BENGAL,HUGLI,CHINSURAH-MAGRA,BLOCK,8186,2727.76,2454.99,1685.61,68.66056481,safe
WEST BENGAL,HUGLI,DHANIAKHALI,BLOCK,27568,11534.12,10380.71,3017.44,29.06776126,safe
WEST BENGAL,HUGLI,GOGHAT-I,BLOCK,18632,8469.8,7622.82,3664.1,48.06751307,safe
WEST BENGAL,HUGLI,GOGHAT-II,BLOCK,19003,7942.27,7545.15,6028.07,79.89330895,Semi-Critical
WEST BENGAL,HUGLI,HARIPAL,BLOCK,18442,8055.58,7250.02,3648.17,50.31944739,safe
WEST BENGAL,HUGLI,JANGIPARA,BLOCK,16423,7801.31,7021.18,4561.7,64.9705605,safe
WEST BENGAL,HUGLI,KHANAKUL-I,BLOCK,17193,7444.14,6699.73,3536,52.77824629,safe
WEST BENGAL,HUGLI,KHANAKUL-II,BLOCK,12184,4485.34,4036.8,599.42,14.84889021,safe
WEST BENGAL,HUGLI,PANDUA,BLOCK,27644,12154.43,10938.97,5189.13,47.43709874,safe
WEST BENGAL,HUGLI,POLBA-DADPUR,BLOCK,28569,12960.55,11664.49,6076.67,52.09546238,safe
WEST BENGAL,HUGLI,PURSURA,BLOCK,10043,4439.89,3995.9,2199.68,55.04842464,safe
WEST BENGAL,HUGLI,SERAMPUR UTTARPARA,BLOCK,4480,1757.27,1581.54,1243.29,78.61261808,Semi-Critical
WEST BENGAL,HUGLI,SINGUR,BLOCK,16485,6679.42,6011.48,3608.53,60.02731441,safe
WEST BENGAL,HUGLI,TARAKESWAR,BLOCK,11993,5058,4552.21,1814.84,39.86722932,safe
WEST BENGAL,JALPAIGURI,BANARHAT,BLOCK,28766,15602.06,14041.85,1521.5,10.83546684,safe
WEST BENGAL,JALPAIGURI,DHUPGURI,BLOCK,27788,15295.06,13765.55,2212.72,16.07433048,safe
WEST BENGAL,JALPAIGURI,JALPAIGURI SADAR,BLOCK,51362,28219.85,25397.86,4290.88,16.89465175,safe
WEST BENGAL,JALPAIGURI,KRANTI,BLOCK,29509,15942.2,14347.98,1639.45,11.42634712,safe
WEST BENGAL,JALPAIGURI,MAL,BLOCK,25831,14069.11,12662.2,1484.04,11.72023819,safe
WEST BENGAL,JALPAIGURI,MAYNAGURI,BLOCK,53060,30479.77,27431.8,6278.54,22.88781633,safe
WEST BENGAL,JALPAIGURI,METIALI,BLOCK,20491,10881.17,9793.05,548,5.595805188,safe
WEST BENGAL,JALPAIGURI,NAGRAKATA,BLOCK,39749,21003.44,18903.09,436.49,2.309093381,safe
WEST BENGAL,JALPAIGURI,RAJGANJ,BLOCK,63663,33755.1,30379.59,2020.5,6.650846835,safe
WEST BENGAL,JHARGRAM,BINPUR-I,BLOCK,35762,14275.29,13561.52,5790.76,42.69993334,safe
WEST BENGAL,JHARGRAM,BINPUR-II,BLOCK,58350,15746.18,14958.87,821.84,5.493997876,safe
WEST BENGAL,JHARGRAM,GOPIBALLAVPUR-I,BLOCK,27583,8760.42,8322.4,5108.82,61.38637893,safe
WEST BENGAL,JHARGRAM,GOPIBALLAVPUR-II,BLOCK,19217,5721.67,5149.5,2158.78,41.92212836,safe
WEST BENGAL,JHARGRAM,JAMBONI,BLOCK,31813,11337.62,10750.19,1456.75,13.55092329,safe
WEST BENGAL,JHARGRAM,JHARGRAM,BLOCK,51511,19338,17404.2,2416.29,13.88337298,safe
WEST BENGAL,JHARGRAM,NAYAGRAM,BLOCK,50144,16580.38,14922.34,571.85,3.832173774,safe
WEST BENGAL,JHARGRAM,SAKRAIL,BLOCK,27680,11287.73,10158.96,5146.08,50.65557892,safe
WEST BENGAL,KALIMPONG,GORUBATHAN,BLOCK,8854,1611.51,1450.36,15.92,1.097658512,safe
WEST BENGAL,KALIMPONG,KALIMPONG-I,BLOCK,7392,1364.48,1228.03,34.03,2.77110494,safe
WEST BENGAL,KALIMPONG,KALIMPONG-II,BLOCK,4825,941.95,847.75,14.82,1.748156886,safe
WEST BENGAL,KOCH BIHAR,COOCHBEHAR-I,BLOCK,36936,24522.97,22070.68,13733.26,62.22400035,safe
WEST BENGAL,KOCH BIHAR,COOCHBEHAR-II,BLOCK,38538,25029.9,22526.91,4865.73,21.5996335,safe
WEST BENGAL,KOCH BIHAR,DINHATA-I,BLOCK,28422,19513.19,17561.87,11875.66,67.62184209,safe
WEST BENGAL,KOCH BIHAR,DINHATA-II,BLOCK,24698,15338.37,13804.53,6109.97,44.2606159,safe
WEST BENGAL,KOCH BIHAR,HALDIBARI,BLOCK,16288,9574.95,8617.45,3583.52,41.58445944,safe
WEST BENGAL,KOCH BIHAR,MATHABHANGA-I,BLOCK,32310,17863.99,16077.59,4366.77,27.16060056,safe
WEST BENGAL,KOCH BIHAR,MATHABHANGA-II,BLOCK,30999,20448.35,18403.52,11244.38,61.09907235,safe
WEST BENGAL,KOCH BIHAR,MEKLIGANJ,BLOCK,30595,18073.08,16265.77,6746.72,41.4780241,safe
WEST BENGAL,KOCH BIHAR,SITAI,BLOCK,16082,10216.95,9195.25,4801.93,52.22185367,safe
WEST BENGAL,KOCH BIHAR,SITALKUCHI,BLOCK,26251,16997.09,15297.38,9043.22,59.11613623,safe
WEST BENGAL,KOCH BIHAR,TUFANGANJ-I,BLOCK,31949,17936.81,16143.13,4236.88,26.24571567,safe
WEST BENGAL,KOCH BIHAR,TUFANGANJ-II,BLOCK,26569,18323.84,16491.46,5387.13,32.66617995,safe
WEST BENGAL,KOLKATTA,KMC,BLOCK,18700,0,0,0,0,Saline
WEST BENGAL,MALDA,BAMANGOLA,BLOCK,20620,6955.2,6259.68,989.89,15.81374767,safe
WEST BENGAL,MALDA,CHANCHAL-I,BLOCK,16215,5921.01,5624.96,2389.93,42.48794658,safe
WEST BENGAL,MALDA,CHANCHAL-II,BLOCK,20522,6618,6287.1,2178.96,34.65763229,safe
WEST BENGAL,MALDA,ENGLISH BAZAR,BLOCK,25185,8709.02,7838.12,1683.02,21.47224079,safe
WEST BENGAL,MALDA,GAZOLE,BLOCK,31373,12363.54,11127.19,3969.6,35.67477503,safe
WEST BENGAL,MALDA,HABIBPUR,BLOCK,39710,14911.58,13420.42,2115.58,15.76388816,safe
WEST BENGAL,MALDA,HARISCHANDRAPUR-I,BLOCK,17142,6445.29,5800.76,3035.89,52.3360732,safe
WEST BENGAL,MALDA,HARISCHANDRAPUR-II,BLOCK,21720,8795.89,7916.3,4389.85,55.45330521,safe
WEST BENGAL,MALDA,KALIACHAK-I,BLOCK,10660,4399.07,4179.11,2862.65,68.49903448,safe
WEST BENGAL,MALDA,KALIACHAK-II,BLOCK,20917,7209.51,6849.04,2309.41,33.71874014,safe
WEST BENGAL,MALDA,KALIACHAK-III,BLOCK,12737,4843.58,4601.4,2710.04,58.89598818,safe
WEST BENGAL,MALDA,MANIKCHAK,BLOCK,31639,10262.43,9236.19,1658.18,17.95307372,safe
WEST BENGAL,MALDA,OLD MALDA,BLOCK,22800,7801.71,7411.63,1800.04,24.28669537,safe
WEST BENGAL,MALDA,RATUA-I,BLOCK,22517,8084.81,7276.32,3180.85,43.71509224,safe
WEST BENGAL,MALDA,RATUA-II,BLOCK,10129,3987.47,3588.72,2938.41,81.87905437,Semi-Critical
WEST BENGAL,MURSHIDABAD,BELDANGA-I,BLOCK,16875,7613.82,6852.44,4706.99,68.69071455,safe
WEST BENGAL,MURSHIDABAD,BELDANGA-II,BLOCK,20793,7632.59,6869.33,3800.48,55.32533741,safe
WEST BENGAL,MURSHIDABAD,BERHAMPORE,BLOCK,31419,14543.3,13088.97,8996.36,68.73237543,safe
WEST BENGAL,MURSHIDABAD,BHAGAWANGOLA-I,BLOCK,13640,5690.67,5406.13,4268.24,78.9518565,Semi-Critical
WEST BENGAL,MURSHIDABAD,BHAGAWANGOLA-II,BLOCK,14959,6248.18,5623.36,3448.23,61.31974478,safe
WEST BENGAL,MURSHIDABAD,BHARATPUR-I,BLOCK,18372,6539.09,5885.18,2346.77,39.87592563,safe
WEST BENGAL,MURSHIDABAD,BHARATPUR-II,BLOCK,15850,5891.34,5302.21,1000.57,18.87081047,safe
WEST BENGAL,MURSHIDABAD,BURWAN,BLOCK,27094,9956.11,8960.49,4216.34,47.05479276,safe
WEST BENGAL,MURSHIDABAD,DOMKAL,BLOCK,30519,12026.49,10823.84,5343.52,49.36806161,safe
WEST BENGAL,MURSHIDABAD,FARAKKA,BLOCK,13274,4454.37,4231.66,886.82,20.95678764,safe
WEST BENGAL,MURSHIDABAD,HARIHARPARA,BLOCK,25314,10425.97,9904.67,6346.74,64.07825803,safe
WEST BENGAL,MURSHIDABAD,JALANGI,BLOCK,12200,5055.34,4802.58,2581.11,53.74423747,safe
WEST BENGAL,MURSHIDABAD,KANDI,BLOCK,22748,8359.45,7523.51,3665.71,48.72340171,safe
WEST BENGAL,MURSHIDABAD,KHARGRAM,BLOCK,31845,13487.53,12813.16,6606.58,51.5608952,safe
WEST BENGAL,MURSHIDABAD,LALGOLA,BLOCK,18437,6560.01,5904.01,3711.9,62.87082847,safe
WEST BENGAL,MURSHIDABAD,MURSHIDABAD JIAGANJ,BLOCK,20862,8815.3,7933.77,6346.94,79.99904207,Semi-Critical
WEST BENGAL,MURSHIDABAD,NABAGRAM,BLOCK,30663,9948.09,8953.28,5412.12,60.44846135,safe
WEST BENGAL,MURSHIDABAD,NAWDA,BLOCK,23139,10751.29,9676.16,7419.95,76.68279565,Semi-Critical
WEST BENGAL,MURSHIDABAD,RAGUNATHGANJ-I,BLOCK,9465,4146.98,3732.28,2825.11,75.69394579,Semi-Critical
WEST BENGAL,MURSHIDABAD,RAGUNATHGANJ-II,BLOCK,14091,4736.87,4500.03,1299.19,28.87069642,safe
WEST BENGAL,MURSHIDABAD,RANINAGAR-I,BLOCK,17107,8888.59,8444.16,7867.8,93.1744543,Critical
WEST BENGAL,MURSHIDABAD,RANINAGAR-II,BLOCK,17513,7844.73,7060.25,5237.52,74.18320881,Semi-Critical
WEST BENGAL,MURSHIDABAD,SAGARDIGHI,BLOCK,34520,12554.03,11926.33,6844.23,57.38756181,safe
WEST BENGAL,MURSHIDABAD,SAMSERGANJ,BLOCK,9269,3136.45,2979.63,1110.19,37.25932414,safe
WEST BENGAL,MURSHIDABAD,SUTI-I,BLOCK,13884,4476.29,4028.66,1445.96,35.891835,safe
WEST BENGAL,MURSHIDABAD,SUTI-II,BLOCK,9486,3245.9,2921.31,1521.47,52.08177153,safe
WEST BENGAL,NADIA,CHAKDAH,BLOCK,25959,12220.81,10998.73,7254.05,65.95352373,safe
WEST BENGAL,NADIA,CHAPRA,BLOCK,30598,15981.12,14383,13371.14,92.96488911,Critical
WEST BENGAL,NADIA,HANSKHALI,BLOCK,24628,11882.04,10693.84,8160.37,76.30907139,Semi-Critical
WEST BENGAL,NADIA,HARINGHATA,BLOCK,17033,8395.62,7556.06,5998.52,79.38687623,Semi-Critical
WEST BENGAL,NADIA,KALIGANJ,BLOCK,32091,16029.83,14426.84,12292.42,85.20521472,Semi-Critical
WEST BENGAL,NADIA,KALYANI,BLOCK,2921,1150.84,1035.76,910.13,87.87074226,Semi-Critical
WEST BENGAL,NADIA,KARIMPUR-I,BLOCK,21578,10593.53,10063.85,8277.21,82.2469532,Semi-Critical
WEST BENGAL,NADIA,KARIMPUR-II,BLOCK,22439,11662.97,10496.68,9659.99,92.02900346,Critical
WEST BENGAL,NADIA,KRISHNAGANJ,BLOCK,15159,7927.94,7135.14,6646.28,93.1485577,Critical
WEST BENGAL,NADIA,KRISHNANAGAR-I,BLOCK,27319,14016.78,12615.1,10546.58,83.60282519,Semi-Critical
WEST BENGAL,NADIA,KRISHNANAGAR-II,BLOCK,12436,5909.08,5318.17,3788.24,71.23202154,Semi-Critical
WEST BENGAL,NADIA,NABADWIP,BLOCK,9739,4857.94,4615.05,3824.1,82.86150746,Semi-Critical
WEST BENGAL,NADIA,NAKASHIPARA,BLOCK,36091,18684.41,16815.97,15706.7,93.40347301,Critical
WEST BENGAL,NADIA,RANAGHAT-I,BLOCK,14553,5662.41,5379.29,3164.84,58.83378661,safe
WEST BENGAL,NADIA,RANAGHAT-II,BLOCK,27903,14769.77,13292.79,12628.33,95.00135036,Critical
WEST BENGAL,NADIA,SANTIPUR,BLOCK,17140,9118.51,8206.65,7473.29,91.06383238,Critical
WEST BENGAL,NADIA,TEHATTA-I,BLOCK,24955,11170.81,10053.73,9174.28,91.25250032,Critical
WEST BENGAL,NADIA,TEHATTA-II,BLOCK,17247,9417.86,8476.07,8175.06,96.44870795,Critical
WEST BENGAL,NORTH 24 PARGANAS,AMDANGA,BLOCK,13928,6335.67,5702.1,2424.43,42.51819505,safe
WEST BENGAL,NORTH 24 PARGANAS,BADURIA,BLOCK,17972,9995.37,9495.6,7016.89,73.89622562,Semi-Critical
WEST BENGAL,NORTH 24 PARGANAS,BAGDA,BLOCK,23347,13622.29,12260.06,10716.09,87.40650535,Semi-Critical
WEST BENGAL,NORTH 24 PARGANAS,BARASAT-I,BLOCK,11404,5490.58,4941.53,3742.55,75.73666456,Semi-Critical
WEST BENGAL,NORTH 24 PARGANAS,BARASAT-II,BLOCK,10497,6098.84,5793.89,3103.04,53.5571093,safe
WEST BENGAL,NORTH 24 PARGANAS,BARRACKPUR-I,BLOCK,9544,3839.42,3647.45,1466.47,40.20534894,safe
WEST BENGAL,NORTH 24 PARGANAS,BARRACKPUR-II,BLOCK,38305,11232.19,10670.58,1051,9.84951146,safe
WEST BENGAL,NORTH 24 PARGANAS,BASIRHAT-I,BLOCK,11184,6408.25,6087.83,5890.36,96.75631547,Critical
WEST BENGAL,NORTH 24 PARGANAS,BASIRHAT-II,BLOCK,12744,6941.22,6594.16,3020.48,45.80537931,safe
WEST BENGAL,NORTH 24 PARGANAS,BONGAON,BLOCK,33670,21041.73,19989.64,18077.16,90.43264411,Critical
WEST BENGAL,NORTH 24 PARGANAS,DEGANGA,BLOCK,20209,11447.53,10302.77,10013.46,97.19192023,Critical
WEST BENGAL,NORTH 24 PARGANAS,GAIGHATA,BLOCK,24330,14555.31,13099.78,11055.45,84.3941654,Semi-Critical
WEST BENGAL,NORTH 24 PARGANAS,HABRA-I,BLOCK,11736,6875.49,6187.94,5519.43,89.19656622,Semi-Critical
WEST BENGAL,NORTH 24 PARGANAS,HABRA-II,BLOCK,11267,5326.76,4794.09,2490.35,51.94625049,safe
WEST BENGAL,NORTH 24 PARGANAS,HAROA,BLOCK,15273,8801.1,7920.99,1256.3,15.86039119,safe
WEST BENGAL,NORTH 24 PARGANAS,HASNABAD,BLOCK,15307,0,0,0,0,Saline
WEST BENGAL,NORTH 24 PARGANAS,HINGALGANJ,BLOCK,23880,0,0,0,0,Saline
WEST BENGAL,NORTH 24 PARGANAS,MINAKHAN,BLOCK,15882,0,0,0,0,Saline
WEST BENGAL,NORTH 24 PARGANAS,RAJARHAT,BLOCK,7290,4105.46,3694.91,2252.57,60.96413715,safe
WEST BENGAL,NORTH 24 PARGANAS,SANDESHKHALI-I,BLOCK,18230,0,0,0,0,Saline
WEST BENGAL,NORTH 24 PARGANAS,SANDESHKHALI-II,BLOCK,19721,0,0,0,0,Saline
WEST BENGAL,NORTH 24 PARGANAS,SWARUPNAGAR,BLOCK,21513,13004.5,12354.28,8365.41,67.71264695,safe
WEST BENGAL,PASCHIM BARDDHAMAN,ANDAL,BLOCK,8487,2010.61,1809.55,605.64,33.46909453,safe
WEST BENGAL,PASCHIM BARDDHAMAN,BARABANI,BLOCK,27895,5996.34,5396.7,1811.97,33.57551837,safe
WEST BENGAL,PASCHIM BARDDHAMAN,DURGAPUR-FARIDPUR,BLOCK,31017,3327.83,2995.05,1541.67,51.47393199,safe
WEST BENGAL,PASCHIM BARDDHAMAN,JAMURIA,BLOCK,24027,4735.38,4498.61,2930.05,65.13234088,safe
WEST BENGAL,PASCHIM BARDDHAMAN,KANKSA,BLOCK,27844,2716.98,2445.28,1551.86,63.46348884,safe
WEST BENGAL,PASCHIM BARDDHAMAN,PANDABESWAR,BLOCK,8411,2009.84,1808.86,517.21,28.59314707,safe
WEST BENGAL,PASCHIM BARDDHAMAN,RANIGANJ,BLOCK,8327,2303.95,2073.56,1831.3,88.31671136,Semi-Critical
WEST BENGAL,PASCHIM BARDDHAMAN,SALANPUR,BLOCK,23157,2235.74,2012.17,1099.49,54.64200341,safe
WEST BENGAL,PASCHIM MEDINIPUR,CHANDRAKONA-I,BLOCK,23760,9904.02,8913.62,5288.01,59.32505536,safe
WEST BENGAL,PASCHIM MEDINIPUR,CHANDRAKONA-II,BLOCK,15044,7107.46,6396.71,5311.3,83.03174601,Semi-Critical
WEST BENGAL,PASCHIM MEDINIPUR,DANTAN-I,BLOCK,25707,11001.93,9901.73,4331.47,43.74457797,safe
WEST BENGAL,PASCHIM MEDINIPUR,DANTAN-II,BLOCK,18556,8190.93,7371.83,3645.23,49.44810176,safe
WEST BENGAL,PASCHIM MEDINIPUR,DASPUR-I,BLOCK,16829,7391.26,6652.13,3113.25,46.80079914,safe
WEST BENGAL,PASCHIM MEDINIPUR,DASPUR-II,BLOCK,16546,6570.36,5913.32,1218.09,20.59908816,safe
WEST BENGAL,PASCHIM MEDINIPUR,DEBRA,BLOCK,34241,16202.99,14582.69,9801.99,67.21661093,safe
WEST BENGAL,PASCHIM MEDINIPUR,GARBETA-I,BLOCK,36187,9571.46,8614.31,7024.88,81.54895749,Semi-Critical
WEST BENGAL,PASCHIM MEDINIPUR,GARBETA-II,BLOCK,39255,7942.91,7545.76,4008.18,53.1183075,safe
WEST BENGAL,PASCHIM MEDINIPUR,GARBETA-III,BLOCK,31212,7221.06,6498.96,3868.28,59.52152344,safe
WEST BENGAL,PASCHIM MEDINIPUR,GHATAL,BLOCK,23671,10704.55,9634.1,4365,45.30781287,safe
WEST BENGAL,PASCHIM MEDINIPUR,KESHIARY,BLOCK,29209,11058.6,9952.74,2794.26,28.07528379,safe
WEST BENGAL,PASCHIM MEDINIPUR,KESHPUR,BLOCK,48316,23009.31,20708.37,13421.65,64.81268202,safe
WEST BENGAL,PASCHIM MEDINIPUR,KHARAGPUR-I,BLOCK,40396,15598.22,14038.4,4150.05,29.56212959,safe
WEST BENGAL,PASCHIM MEDINIPUR,KHARAGPUR-II,BLOCK,26563,12240.32,11016.28,7811.92,70.91250404,Semi-Critical
WEST BENGAL,PASCHIM MEDINIPUR,MIDNAPORE,BLOCK,34200,10349.94,9314.95,3853.57,41.3697336,safe
WEST BENGAL,PASCHIM MEDINIPUR,MOHANPUR,BLOCK,13749,6211.88,5590.69,2841,50.8166255,safe
WEST BENGAL,PASCHIM MEDINIPUR,NARAYANGARH,BLOCK,49949,23112.54,20801.28,11908.2,57.24743862,safe
WEST BENGAL,PASCHIM MEDINIPUR,PINGLA,BLOCK,22448,9851.1,8865.99,4698.36,52.99306676,safe
WEST BENGAL,PASCHIM MEDINIPUR,SABANG,BLOCK,30500,12242.79,11018.51,7665.92,69.57310925,safe
WEST BENGAL,PASCHIM MEDINIPUR,SALBANI,BLOCK,55339,17083.71,15943.75,4979.55,31.23198746,safe
WEST BENGAL,PURBA BARDDHAMAN,AUSGRAM-I,BLOCK,22234,8974.13,8277.68,3112.51,37.6012361,safe
WEST BENGAL,PURBA BARDDHAMAN,AUSGRAM-II,BLOCK,36045,13721.94,12349.75,3921.23,31.75149295,safe
WEST BENGAL,PURBA BARDDHAMAN,BHATAR,BLOCK,41501,12276.18,11048.56,5085.17,46.02563592,safe
WEST BENGAL,PURBA BARDDHAMAN,BURDWAN-I,BLOCK,29460,10831.95,9748.76,3578.96,36.71195106,safe
WEST BENGAL,PURBA BARDDHAMAN,BURDWAN-II,BLOCK,18957,9046.2,8141.58,6706.9,82.37835899,Semi-Critical
WEST BENGAL,PURBA BARDDHAMAN,GALSI-I,BLOCK,25737,7123.71,6767.52,1531.88,22.63576613,safe
WEST BENGAL,PURBA BARDDHAMAN,GALSI-II,BLOCK,21909,7952.87,7157.58,1882.14,26.29575918,safe
WEST BENGAL,PURBA BARDDHAMAN,JAMALPUR,BLOCK,26302,11844.55,10660.09,6287.23,58.97914558,safe
WEST BENGAL,PURBA BARDDHAMAN,KALNA-I,BLOCK,17548,7071.31,6364.18,3103.27,48.7615058,safe
WEST BENGAL,PURBA BARDDHAMAN,KALNA-II,BLOCK,17217,6697.26,6027.53,4146.84,68.79833033,safe
WEST BENGAL,PURBA BARDDHAMAN,KATWA-I,BLOCK,17747,6001.91,5401.72,2374.44,43.95710996,safe
WEST BENGAL,PURBA BARDDHAMAN,KATWA-II,BLOCK,17356,5835.54,5543.76,3006.25,54.22763612,safe
WEST BENGAL,PURBA BARDDHAMAN,KETUGRAM-I,BLOCK,19398,5786.93,5208.23,2191.45,42.0766748,safe
WEST BENGAL,PURBA BARDDHAMAN,KETUGRAM-II,BLOCK,16003,5279.25,4751.32,1182.31,24.88382176,safe
WEST BENGAL,PURBA BARDDHAMAN,KHANDAGHOSH,BLOCK,26523,10900.13,9810.12,5195.95,52.96520328,safe
WEST BENGAL,PURBA BARDDHAMAN,MANGOLKOTE,BLOCK,36544,13354.97,12687.22,8539.97,67.31159387,safe
WEST BENGAL,PURBA BARDDHAMAN,MANTESWAR,BLOCK,30519,10866.55,9779.89,8316.78,85.03960678,Semi-Critical
WEST BENGAL,PURBA BARDDHAMAN,MEMARI-I,BLOCK,18684,8594.15,7734.73,5818.22,75.22201809,Semi-Critical
WEST BENGAL,PURBA BARDDHAMAN,MEMARI-II,BLOCK,20159,7962.75,7564.61,3095.7,40.92345805,safe
WEST BENGAL,PURBA BARDDHAMAN,PURBASTHALI-I,BLOCK,14844,5750.31,5175.28,2056.78,39.74239075,safe
WEST BENGAL,PURBA BARDDHAMAN,PURBASTHALI-II,BLOCK,19247,7756.22,6980.6,5930.67,84.95931582,Semi-Critical
WEST BENGAL,PURBA BARDDHAMAN,RAINA-I,BLOCK,26607,10544.96,9490.46,4560.62,48.05478344,safe
WEST BENGAL,PURBA BARDDHAMAN,RAINA-II,BLOCK,22728,9369.21,8432.29,4573.87,54.24232326,safe
WEST BENGAL,PURBA MEDINIPUR,BHAGAWANPUR-I,BLOCK,17424,6658.24,5992.41,636.73,10.62560806,safe
WEST BENGAL,PURBA MEDINIPUR,BHAGAWANPUR-II,BLOCK,18020,7766.11,6989.5,3687.46,52.7571357,safe
WEST BENGAL,PURBA MEDINIPUR,CONTAI-I,BLOCK,15527,0,0,0,0,Saline
WEST BENGAL,PURBA MEDINIPUR,CONTAI-II,BLOCK,17030,0,0,0,0,Saline
WEST BENGAL,PURBA MEDINIPUR,CONTAI-III,BLOCK,16052,0,0,0,0,Saline
WEST BENGAL,PURBA MEDINIPUR,EGRA-I,BLOCK,19710,8868.75,7981.88,4497.86,56.35088475,safe
WEST BENGAL,PURBA MEDINIPUR,EGRA-II,BLOCK,18471,7306.46,6575.82,2286.92,34.77771594,safe
WEST BENGAL,PURBA MEDINIPUR,HALDIA,BLOCK,6544,0,0,0,0,Saline
WEST BENGAL,PURBA MEDINIPUR,KHEJURI-I,BLOCK,13051,0,0,0,0,Saline
WEST BENGAL,PURBA MEDINIPUR,KHEJURI-II,BLOCK,13746,0,0,0,0,Saline
WEST BENGAL,PURBA MEDINIPUR,MAHISADAL,BLOCK,14648,0,0,0,0,Saline
WEST BENGAL,PURBA MEDINIPUR,MOYNA,BLOCK,15450,6787.47,6108.72,870.17,14.24471902,safe
WEST BENGAL,PURBA MEDINIPUR,NANDA KUMAR,BLOCK,16570,0,0,0,0,Saline
WEST BENGAL,PURBA MEDINIPUR,NANDIGRAM-I,BLOCK,18184,0,0,0,0,Saline
WEST BENGAL,PURBA MEDINIPUR,NANDIGRAM-II,BLOCK,10574,0,0,0,0,Saline
WEST BENGAL,PURBA MEDINIPUR,NANDIGRAM-III,BLOCK,13758,0,0,0,0,Saline
WEST BENGAL,PURBA MEDINIPUR,PANSKURA-I,BLOCK,24690,9077.81,8170.02,1381.92,16.91452408,safe
WEST BENGAL,PURBA MEDINIPUR,PANSKURA-II,BLOCK,14790,5476.73,4929.06,938.18,19.03364942,safe
WEST BENGAL,PURBA MEDINIPUR,POTASHPUR-I,BLOCK,17226,7625.07,6862.56,4284.5,62.43296962,safe
WEST BENGAL,PURBA MEDINIPUR,POTASHPUR-II,BLOCK,19174,7548.48,6793.63,3326.77,48.96896063,safe
WEST BENGAL,PURBA MEDINIPUR,RAMNAGAR-I,BLOCK,13943,0,0,0,0,Saline
WEST BENGAL,PURBA MEDINIPUR,RAMNAGAR-II,BLOCK,16327,0,0,0,0,Saline
WEST BENGAL,PURBA MEDINIPUR,SAHID MATANGINI,BLOCK,9782,0,0,0,0,Saline
WEST BENGAL,PURBA MEDINIPUR,SUTAHATA,BLOCK,7954,0,0,0,0,Saline
WEST BENGAL,PURBA MEDINIPUR,TAMLUK,BLOCK,12350,0,0,0,0,Saline
WEST BENGAL,PURULIYA,ARSHA,BLOCK,37504,3204.22,2883.8,427.69,14.83077883,safe
WEST BENGAL,PURULIYA,BAGMUNDI,BLOCK,42795,3256.96,2931.26,376.72,12.85181117,safe
WEST BENGAL,PURULIYA,BALARAMPUR,BLOCK,30088,3076.63,2768.97,343.79,12.41580804,safe
WEST BENGAL,PURULIYA,BARABAZAR,BLOCK,41806,3528.23,3175.4,459.4,14.46746867,safe
WEST BENGAL,PURULIYA,BUNDWAN,BLOCK,35125,2778.42,2639.5,234.42,8.881227505,safe
WEST BENGAL,PURULIYA,HURA,BLOCK,38221,3494.22,3144.8,375.15,11.92921648,safe
WEST BENGAL,PURULIYA,JAIPUR,BLOCK,23047,3237.35,2913.61,1798.7,61.73441195,safe
WEST BENGAL,PURULIYA,JHALDA-I,BLOCK,31509,2797.2,2517.48,612.56,24.33226878,safe
WEST BENGAL,PURULIYA,JHALDA-II,BLOCK,25661,2513.77,2262.39,558.59,24.69026118,safe
WEST BENGAL,PURULIYA,KASHIPUR,BLOCK,45131,4177.22,3759.49,451.69,12.01466156,safe
WEST BENGAL,PURULIYA,MANBAZAR-I,BLOCK,38132,3383.52,3045.17,396.12,13.00814076,safe
WEST BENGAL,PURULIYA,MANBAZAR-II,BLOCK,28581,2278.23,2050.4,259.04,12.63363246,safe
WEST BENGAL,PURULIYA,NETURIA,BLOCK,20365,4170.11,3753.1,291.9,7.777570542,safe
WEST BENGAL,PURULIYA,PARA,BLOCK,31259,3220.38,2898.34,480.52,16.5791453,safe
WEST BENGAL,PURULIYA,PUNCHA,BLOCK,33011,3443.14,3098.82,319.44,10.30843999,safe
WEST BENGAL,PURULIYA,PURULIA-I,BLOCK,28150,2477.41,2229.67,575.65,25.81772191,safe
WEST BENGAL,PURULIYA,PURULIA-II,BLOCK,31010,2841.24,2557.12,445.72,17.43054687,safe
WEST BENGAL,PURULIYA,RAGHUNATHPUR-I,BLOCK,20182,1730,1557,334.71,21.49710983,safe
WEST BENGAL,PURULIYA,RAGHUNATHPUR-II,BLOCK,19767,2243.34,2019,305.56,15.13422486,safe
WEST BENGAL,PURULIYA,SANTURI,BLOCK,17969,1568.43,1411.58,205.25,14.54044404,safe
WEST BENGAL,SOUTH 24 PARGANAS,BARUIPUR,BLOCK,23566,0,0,0,0,Saline
WEST BENGAL,SOUTH 24 PARGANAS,BASANTI,BLOCK,40421,0,0,0,0,Saline
WEST BENGAL,SOUTH 24 PARGANAS,BHANGAR-I,BLOCK,15362,0,0,0,0,Saline
WEST BENGAL,SOUTH 24 PARGANAS,BHANGAR-II,BLOCK,16204,0,0,0,0,Saline
WEST BENGAL,SOUTH 24 PARGANAS,BISHNUPUR-I,BLOCK,11636,0,0,0,0,Saline
WEST BENGAL,SOUTH 24 PARGANAS,BISHNUPUR-II,BLOCK,8171,0,0,0,0,Saline
WEST BENGAL,SOUTH 24 PARGANAS,BUDGE BUDGE-I,BLOCK,4394,0,0,0,0,Saline
WEST BENGAL,SOUTH 24 PARGANAS,BUDGE BUDGE-II,BLOCK,7801,0,0,0,0,Saline
WEST BENGAL,SOUTH 24 PARGANAS,CANNING-I,BLOCK,18787,0,0,0,0,Saline
WEST BENGAL,SOUTH 24 PARGANAS,CANNING-II,BLOCK,21493,0,0,0,0,Saline
WEST BENGAL,SOUTH 24 PARGANAS,DIAMOND HARBOUR-I,BLOCK,8061,0,0,0,0,Saline
WEST BENGAL,SOUTH 24 PARGANAS,DIAMOND HARBOUR-II,BLOCK,9447,0,0,0,0,Saline
WEST BENGAL,SOUTH 24 PARGANAS,FALTA,BLOCK,13068,0,0,0,0,Saline
WEST BENGAL,SOUTH 24 PARGANAS,GOSABA,BLOCK,29673,0,0,0,0,Saline
WEST BENGAL,SOUTH 24 PARGANAS,JAYNAGAR-I,BLOCK,13686,0,0,0,0,Saline
WEST BENGAL,SOUTH 24 PARGANAS,JAYNAGAR-II,BLOCK,18625,0,0,0,0,Saline
WEST BENGAL,SOUTH 24 PARGANAS,KAKDWIP,BLOCK,25274,0,0,0,0,Saline
WEST BENGAL,SOUTH 24 PARGANAS,KULPI,BLOCK,21085,0,0,0,0,Saline
WEST BENGAL,SOUTH 24 PARGANAS,KULTALI,BLOCK,30618,0,0,0,0,Saline
WEST BENGAL,SOUTH 24 PARGANAS,MAGRAHAT-I,BLOCK,11904,0,0,0,0,Saline
WEST BENGAL,SOUTH 24 PARGANAS,MAGRAHAT-II,BLOCK,13693,0,0,0,0,Saline
WEST BENGAL,SOUTH 24 PARGANAS,MANDIRBAZAR,BLOCK,11235,0,0,0,0,Saline
WEST BENGAL,SOUTH 24 PARGANAS,MATHURAPUR-I,BLOCK,14730,0,0,0,0,Saline
WEST BENGAL,SOUTH 24 PARGANAS,MATHURAPUR-II,BLOCK,22745,0,0,0,0,Saline
WEST BENGAL,SOUTH 24 PARGANAS,NAMKHANA,BLOCK,37062,0,0,0,0,Saline
WEST BENGAL,SOUTH 24 PARGANAS,PATHARPRATIMA,BLOCK,48448,0,0,0,0,Saline
WEST BENGAL,SOUTH 24 PARGANAS,SAGAR,BLOCK,28211,0,0,0,0,Saline
WEST BENGAL,SOUTH 24 PARGANAS,SONARPUR,BLOCK,15175,0,0,0,0,Saline
WEST BENGAL,SOUTH 24 PARGANAS,THAKURPUKUR MAHESTALA,BLOCK,10726,0,0,0,0,Saline
WEST BENGAL,UTTAR DINAJPUR,CHOPRA,BLOCK,48082,15725.71,14153.13,5499.16,38.85472683,safe
WEST BENGAL,UTTAR DINAJPUR,GOALPOKHAR-I,BLOCK,36511,14601.17,13141.05,8726.9,66.40945739,safe
WEST BENGAL,UTTAR DINAJPUR,GOALPOKHAR-II,BLOCK,29869,11548.66,10393.79,7110.97,68.41556352,safe
WEST BENGAL,UTTAR DINAJPUR,HEMTABAD,BLOCK,19182,7120.19,6764.18,1792.65,26.50210373,safe
WEST BENGAL,UTTAR DINAJPUR,ISLAMPUR,BLOCK,32944,11786.84,10608.16,6082.12,57.33435393,safe
WEST BENGAL,UTTAR DINAJPUR,ITAHAR,BLOCK,36240,16705.64,15870.36,5601.88,35.29775002,safe
WEST BENGAL,UTTAR DINAJPUR,KALIAGANJ,BLOCK,30190,11465.63,10892.35,2352.54,21.59809408,safe
WEST BENGAL,UTTAR DINAJPUR,KARANDIGHI,BLOCK,39052,14771.78,13294.6,7253.36,54.558693,safe
WEST BENGAL,UTTAR DINAJPUR,RAIGANJ,BLOCK,47213,17012.7,15311.43,7324.4,47.836159,safe
JHARKHAND,HAZARIBAGH,BARHI,BLOCK,27499,2083.96,1875.56,1036.24,55.24963211,safe
JHARKHAND,HAZARIBAGH,BARKAGAON,BLOCK,38988,4125.6,3713.04,727.42,19.59095512,safe
JHARKHAND,HAZARIBAGH,BARKATHA,BLOCK,22810,1789.63,1610.67,941.75,58.46945681,safe
JHARKHAND,HAZARIBAGH,BISHNUGARH,BLOCK,28084,2116.42,1904.78,1139.59,59.82790663,safe
JHARKHAND,HAZARIBAGH,CHALKUSHA,BLOCK,12100,905,814.5,239.76,29.43646409,safe
JHARKHAND,HAZARIBAGH,CHAUPARAN,BLOCK,39540,5707.06,5136.35,998.7,19.44376843,safe
JHARKHAND,HAZARIBAGH,CHURCHU,BLOCK,16708,1486.12,1411.81,713.63,50.54716994,safe
JHARKHAND,HAZARIBAGH,DARI,BLOCK,12072,1202.14,1142.03,574.59,50.31303906,safe
JHARKHAND,HAZARIBAGH,DARU,BLOCK,11020,1016.08,965.28,697.76,72.28576164,Semi-Critical
JHARKHAND,HAZARIBAGH,HAZARIBAGH,BLOCK,24128,2653.71,2388.34,1141.83,47.80851972,safe
JHARKHAND,HAZARIBAGH,ICHAK,BLOCK,24217,1736.73,1563.06,627.51,40.14625158,safe
JHARKHAND,HAZARIBAGH,KATKAMDAG,BLOCK,13246,1343.29,1208.96,541.02,44.75086024,safe
JHARKHAND,HAZARIBAGH,KATKAMSANDI,BLOCK,24419,1976.76,1877.92,593.33,31.59506262,safe
JHARKHAND,HAZARIBAGH,KEREDARI,BLOCK,29446,4398.54,3958.69,867.65,21.91760406,safe
JHARKHAND,HAZARIBAGH,PADMA,BLOCK,11257,1031.28,928.16,221.47,23.86118773,safe
JHARKHAND,HAZARIBAGH,TATIJHARIA,BLOCK,17128,1266.34,1139.71,582.95,51.14897649,safe
JHARKHAND,GODDA,BASANTRAI,BLOCK,8149,2059.09,1853.18,262.04,14.14001878,safe
JHARKHAND,GODDA,BOARIJOR,BLOCK,25990,4034.59,3631.13,701.8,19.32731684,safe
JHARKHAND,GODDA,GODDA,BLOCK,29930,4383.68,4164.31,855.98,20.55514599,safe
JHARKHAND,GODDA,MAHAGAMA,BLOCK,12955,2594.02,2464.32,485.04,19.68250877,safe
JHARKHAND,GODDA,MEHERMA,BLOCK,9962,1662.51,1579.33,377.76,23.91900363,safe
JHARKHAND,GODDA,PATHARGAMA,BLOCK,13989,1885.32,1696.79,383.28,22.58853482,safe
JHARKHAND,GODDA,POREYAHAT,BLOCK,35205,2674.26,2406.83,854.65,35.50936294,safe
JHARKHAND,GODDA,SUNDERPAHARI,BLOCK,24979,2536.87,2410.03,270.85,11.23844931,safe
JHARKHAND,GODDA,THAKURGHANTI,BLOCK,5243,1231.86,1170,358.44,30.63589744,safe
JHARKHAND,GIRIDIH,BAGODAR,BLOCK,27983,2465.12,2218.61,448.4,20.21085274,safe
JHARKHAND,GIRIDIH,BENGABAD,BLOCK,36154,3343.24,3008.92,980.92,32.60040147,safe
JHARKHAND,GIRIDIH,BIRNI,BLOCK,27997,2137.06,2030.11,1159.98,57.13877573,safe
JHARKHAND,GIRIDIH,DEORI,BLOCK,35876,3457.17,3284.12,838.92,25.54474258,safe
JHARKHAND,GIRIDIH,DHANWAR,BLOCK,34771,3395.53,3225.75,1784.51,55.32077811,safe
JHARKHAND,GIRIDIH,DUMRI,BLOCK,34158,3096.88,2787.19,909.69,32.63824856,safe
JHARKHAND,GIRIDIH,GANDE,BLOCK,32910,3248.22,2923.4,676.06,23.12581241,safe
JHARKHAND,GIRIDIH,GAWAN,BLOCK,35175,3934.12,3737.41,2240.44,59.94632647,safe
JHARKHAND,GIRIDIH,GIRIDIH,BLOCK,38141,2950.93,2803.38,2351.54,83.88231349,Semi-Critical
JHARKHAND,GIRIDIH,JAMUA,BLOCK,38548,3497.07,3322.1,1536.72,46.25748773,safe
JHARKHAND,GIRIDIH,PIRTANR,BLOCK,38245,3638.08,3274.26,609.76,18.62283386,safe
JHARKHAND,GIRIDIH,SARIA,BLOCK,27266,2416.55,2174.9,598.04,27.4973562,safe
JHARKHAND,GIRIDIH,TISRI,BLOCK,32855,4162.96,3746.66,411.12,10.97297326,safe
JHARKHAND,DEOGHAR,DEOGHAR,BLOCK,32745,2692.98,2558.33,1222.41,47.78156063,safe
JHARKHAND,DEOGHAR,DEVIPUR,BLOCK,21361,1650.12,1567.61,589.87,37.62861936,safe
JHARKHAND,DEOGHAR,KARON,BLOCK,9748,988.08,889.27,633.5,71.23820662,Semi-Critical
JHARKHAND,DEOGHAR,MADHUPUR,BLOCK,19821,1825.8,1734.51,828.11,47.74316666,safe
JHARKHAND,DEOGHAR,MARGOMUNDA,BLOCK,10528,854.74,812,435.87,53.67857143,safe
JHARKHAND,DEOGHAR,MOHANPUR,BLOCK,23713,1817.04,1726.19,787.82,45.63924018,safe
JHARKHAND,DEOGHAR,PALOJORI,BLOCK,24298,1751.3,1576.17,950.63,60.31265663,safe
JHARKHAND,DEOGHAR,SARATH,BLOCK,23006,2205.18,2094.92,914.27,43.64223932,safe
JHARKHAND,DEOGHAR,SARWAN,BLOCK,14223,1701.54,1616.46,1251.92,77.44825112,Semi-Critical
JHARKHAND,DEOGHAR,SONARAITHADHI,BLOCK,11255,967.07,870.36,628.39,72.19886024,Semi-Critical
JHARKHAND,GUMLA,ALBERT EKKA,BLOCK,16232,1113.08,1001.78,332.52,33.19291661,safe
JHARKHAND,GUMLA,BASIA,BLOCK,33816,3165.49,2848.94,468.37,16.44014967,safe
JHARKHAND,GUMLA,BHARNO,BLOCK,24244,1402.81,1262.53,126.4,10.01164329,safe
JHARKHAND,GUMLA,BISHUNPUR,BLOCK,41105,2793.73,2514.36,515.84,20.51575749,safe
JHARKHAND,GUMLA,CHAINPUR,BLOCK,35608,2412.85,2171.57,277.27,12.76818155,safe
JHARKHAND,GUMLA,DUMRI,BLOCK,28861,2099.82,1994.8,219.13,10.98506116,safe
JHARKHAND,GUMLA,GHAGHRA,BLOCK,42608,4384.24,4165,865.99,20.79207683,safe
JHARKHAND,GUMLA,GUMLA,BLOCK,36891,4365.49,3928.94,861.25,21.92067072,safe
JHARKHAND,GUMLA,KAMDARA,BLOCK,27687,2293.34,2178.67,578.69,26.56161787,safe
JHARKHAND,GUMLA,PALKOT,BLOCK,42978,3957.81,3562.02,352.74,9.902807957,safe
JHARKHAND,GUMLA,RAIDIH,BLOCK,42648,3235.97,3074.15,392.3,12.76125108,safe
JHARKHAND,GUMLA,SISAI,BLOCK,34437,3012.43,2711.19,612.55,22.59339995,safe
JHARKHAND,SIMDEGA,BANO,BLOCK,47177,4732.03,4495.43,310.76,6.912798108,safe
JHARKHAND,SIMDEGA,BANSJOR,BLOCK,13480,973.21,875.89,76.73,8.760232449,safe
JHARKHAND,SIMDEGA,BOLBA,BLOCK,17249,1305.42,1174.87,231.77,19.72728898,safe
JHARKHAND,SIMDEGA,JALDEGA,BLOCK,35089,2676.93,2543.09,358.96,14.11511193,safe
JHARKHAND,SIMDEGA,KERSAI,BLOCK,16022,1171.4,1054.26,122.55,11.62426726,safe
JHARKHAND,SIMDEGA,KOLEBIRA,BLOCK,38336,4087.39,3678.65,429.14,11.66569258,safe
JHARKHAND,SIMDEGA,KURDEG,BLOCK,16850,1274.16,1146.74,212.42,18.52381534,safe
JHARKHAND,SIMDEGA,PAKARDANR,BLOCK,26765,1930.6,1737.54,190.94,10.98909953,safe
JHARKHAND,SIMDEGA,SIMDEGA,BLOCK,39677,3422.15,3251.04,486.76,14.97243959,safe
JHARKHAND,SIMDEGA,THETHAITANGAR,BLOCK,58415,4437.29,3993.56,728.44,18.24036699,safe
JHARKHAND,CHATRA,CHATRA,BLOCK,27557,2025.84,1924.54,740.48,38.4756877,safe
JHARKHAND,CHATRA,GIDHAUR,BLOCK,13658,1442.7,1370.56,478.63,34.92222157,safe
JHARKHAND,CHATRA,HUNTERGANJ,BLOCK,42763,3905.27,3710,1761.84,47.48894879,safe
JHARKHAND,CHATRA,ITKHORI,BLOCK,15044,1174.73,1057.26,643.74,60.88757732,safe
JHARKHAND,CHATRA,KANHACHATTI,BLOCK,18653,1816.84,1635.15,345.15,21.10815522,safe
JHARKHAND,CHATRA,KUNDA,BLOCK,21853,1447.85,1303.07,293.38,22.51452339,safe
JHARKHAND,CHATRA,LAWALONG,BLOCK,33628,1861.44,1675.3,325.59,19.43472811,safe
JHARKHAND,CHATRA,MAYURHUND,BLOCK,11164,916.35,824.72,576.75,69.93282569,safe
JHARKHAND,CHATRA,PATHALGODA,BLOCK,12515,865.31,778.77,443.62,56.96418712,safe
JHARKHAND,CHATRA,PRATAPPUR,BLOCK,31730,2235.47,2123.69,665.29,31.32707693,safe
JHARKHAND,CHATRA,SIMARIA,BLOCK,46890,3233.03,3071.38,1098.42,35.76307718,safe
JHARKHAND,CHATRA,TANDWA,BLOCK,50632,6523.53,5871.18,1539.84,26.22709575,safe
JHARKHAND,KHUNTI,ERKI,BLOCK,29999,2187.61,1968.85,418.62,21.26215811,safe
JHARKHAND,KHUNTI,KARRA,BLOCK,27745,2271.84,2158.25,724.11,33.55079347,safe
JHARKHAND,KHUNTI,KHUNTI,BLOCK,35413,2770.4,2631.88,499.02,18.96059091,safe
JHARKHAND,KHUNTI,MURHU,BLOCK,26103,1970.22,1773.2,616.33,34.75806452,safe
JHARKHAND,KHUNTI,RANIA,BLOCK,20344,1588.12,1429.31,607.42,42.49742883,safe
JHARKHAND,KHUNTI,TORPA,BLOCK,27401,2709.42,2573.95,525.3,20.40832184,safe
JHARKHAND,LATEHAR,BALUMATH,BLOCK,25848,2782.19,2643.08,778.65,29.45994824,safe
JHARKHAND,LATEHAR,BARIATU,BLOCK,24811,2165.7,1949.13,646.37,33.16197483,safe
JHARKHAND,LATEHAR,BARWADIH,BLOCK,30933,2352.06,2234.46,1131.13,50.62207424,safe
JHARKHAND,LATEHAR,CHANDWA,BLOCK,39886,4693.5,4224.14,992.65,23.49945788,safe
JHARKHAND,LATEHAR,GARU,BLOCK,14098,1166.78,1050.1,678.85,64.64622417,safe
JHARKHAND,LATEHAR,HERHANG,BLOCK,18529,1645.52,1563.25,256.23,16.39085239,safe
JHARKHAND,LATEHAR,LATEHAR,BLOCK,24439,2426.11,2183.49,1105.04,50.60888761,safe
JHARKHAND,LATEHAR,MAHUADANR,BLOCK,35583,4904.71,4414.24,514.39,11.65296857,safe
JHARKHAND,LATEHAR,MANIKA,BLOCK,24386,2471.97,2224.77,462.6,20.79316064,safe
JHARKHAND,SARAIKELA KHARSAWAN,ADITYAPUR (GAMHARIA),BLOCK,23767,2377.68,2258.75,1049.55,46.46596569,safe
JHARKHAND,SARAIKELA KHARSAWAN,CHANDIL,BLOCK,27069,2363.54,2127.18,470.4,22.11378445,safe
JHARKHAND,SARAIKELA KHARSAWAN,GOBINDPUR,BLOCK,32409,2961.89,2665.7,369.22,13.8507709,safe
JHARKHAND,SARAIKELA KHARSAWAN,ICHAGARH,BLOCK,23512,1391.85,1252.67,227.17,18.13486393,safe
JHARKHAND,SARAIKELA KHARSAWAN,KHARSAWAN,BLOCK,17074,1555.01,1399.51,321.69,22.98590221,safe
JHARKHAND,SARAIKELA KHARSAWAN,KUCHAI,BLOCK,29340,2394.88,2275.14,259.4,11.40149617,safe
JHARKHAND,SARAIKELA KHARSAWAN,KUKRU,BLOCK,11507,987.58,888.82,130.84,14.72064085,safe
JHARKHAND,SARAIKELA KHARSAWAN,NIMDIH,BLOCK,19065,1680.53,1512.47,322.6,21.32934868,safe
JHARKHAND,SARAIKELA KHARSAWAN,SERAIKELA,BLOCK,19058,2100.4,1890.36,575.73,30.4561036,safe
JHARKHAND,GARHWA,BARDIHA,BLOCK,3602,480.27,432.24,173.22,40.07495836,safe
JHARKHAND,GARHWA,BHANDARIA,BLOCK,53018,4365.82,3929.24,544.99,13.87011229,safe
JHARKHAND,GARHWA,BHAWANATHPUR,BLOCK,20981,3034.17,2730.75,2212.93,81.03744393,Semi-Critical
JHARKHAND,GARHWA,BISHUNPURA,BLOCK,6158,1389.5,1250.54,263.16,21.04370912,safe
JHARKHAND,GARHWA,CHINIA,BLOCK,24783,1613.4,1532.73,136.35,8.895891644,safe
JHARKHAND,GARHWA,DANDA,BLOCK,2049,213.63,192.26,69.34,36.0657443,safe
JHARKHAND,GARHWA,DANDAI,BLOCK,10233,820.7,738.63,357.84,48.44644815,safe
JHARKHAND,GARHWA,DHURKI,BLOCK,16255,1009.69,908.72,361.49,39.78013029,safe
JHARKHAND,GARHWA,GARHWA,BLOCK,17591,1961.93,1765.74,679.99,38.51019969,safe
JHARKHAND,GARHWA,KANDI,BLOCK,12943,2431.47,2188.33,310.55,14.19118689,safe
JHARKHAND,GARHWA,KETAR,BLOCK,11266,2084.9,1876.41,631.69,33.66481739,safe
JHARKHAND,GARHWA,KHARAONDHI,BLOCK,11108,1281.64,1217.56,789.76,64.86415454,safe
JHARKHAND,GARHWA,MAJHIAON,BLOCK,5215,729.11,656.2,373.59,56.9323377,safe
JHARKHAND,GARHWA,MERAL,BLOCK,17287,1849.43,1664.49,497.56,29.89263979,safe
JHARKHAND,GARHWA,RAMKANDA,BLOCK,17171,1352.06,1284.46,242.52,18.88108622,safe
JHARKHAND,GARHWA,RAMNA,BLOCK,11986,1203.77,1143.53,615.37,53.81319248,safe
JHARKHAND,GARHWA,RANKA,BLOCK,27027,2163.51,1947.16,326.42,16.7639023,safe
JHARKHAND,GARHWA,SAGMA,BLOCK,7674,793.38,714.04,385.57,53.99837544,safe
JHARKHAND,GARHWA,UNTARI,BLOCK,15296,1658.52,1575.59,948.18,60.17936138,safe
JHARKHAND,PAKUR,AMRAPARA,BLOCK,20529,3254.25,2928.82,292.78,9.996517369,safe
JHARKHAND,PAKUR,HIRANPUR,BLOCK,15160,2834.02,2550.62,363.32,14.2443798,safe
JHARKHAND,PAKUR,LITIPARA,BLOCK,18905,2863.59,2577.23,245.98,9.544355762,safe
JHARKHAND,PAKUR,MAHESHPUR,BLOCK,35193,10013.48,9012.13,1330.79,14.76665339,safe
JHARKHAND,PAKUR,PAKUR,BLOCK,16071,4262.47,3836.23,855.47,22.29975784,safe
JHARKHAND,PAKUR,PAKURIA,BLOCK,21901,3387.44,3048.69,377.19,12.37219921,safe
JHARKHAND,RAMGARH,CHITARPUR,BLOCK,4681,403.39,383.22,422.77,110.3204426,Over-Exploited
JHARKHAND,RAMGARH,DULMI,BLOCK,8085,561.76,505.58,303.49,60.02808655,safe
JHARKHAND,RAMGARH,GOLA,BLOCK,27165,2123.95,2017.75,789.32,39.11882047,safe
JHARKHAND,RAMGARH,MANDU,BLOCK,34896,4106.19,3900.88,2351.35,60.27742458,safe
JHARKHAND,RAMGARH,PATRATU,BLOCK,28440,3100.3,2790.27,1888.89,67.69559935,safe
JHARKHAND,RAMGARH,RAMGARH,BLOCK,8000,729.4,692.93,655.42,94.58675479,Critical
JHARKHAND,SAHEBGANJ,BARHAIT,BLOCK,23682,4204.77,3784.29,362.83,9.587795861,safe
JHARKHAND,SAHEBGANJ,BARHARWA,BLOCK,13525,5012.5,4511.25,524.08,11.61717927,safe
JHARKHAND,SAHEBGANJ,BORIO,BLOCK,9374,2001.09,1800.98,314.59,17.46771202,safe
JHARKHAND,SAHEBGANJ,MANDRO,BLOCK,5352,1624.15,1461.74,479.57,32.80816014,safe
JHARKHAND,SAHEBGANJ,PATHNA,BLOCK,14316,2481.35,2233.21,273.44,12.24425827,safe
JHARKHAND,SAHEBGANJ,RAJMAHAL,BLOCK,9693,2820.48,2679.45,391.7,14.61867174,safe
JHARKHAND,SAHEBGANJ,SAHEBGANJ,BLOCK,16627,5344.4,4809.96,1093.31,22.73012665,safe
JHARKHAND,SAHEBGANJ,TALJHARI,BLOCK,3727,977.06,879.36,245.28,27.8930131,safe
JHARKHAND,SAHEBGANJ,UDHUA,BLOCK,18113,6259.27,5633.35,762.04,13.52729726,safe
JHARKHAND,RANCHI,ANGARA,BLOCK,29959,2423.37,2181.03,707.29,32.42917337,safe
JHARKHAND,RANCHI,BERO,BLOCK,23529,4004.75,3604.27,1105.19,30.66335208,safe
JHARKHAND,RANCHI,BUNDU,BLOCK,19919,1684.63,1600.4,397.68,24.8487878,safe
JHARKHAND,RANCHI,BURMU,BLOCK,26602,1769.54,1592.58,419.34,26.33085936,safe
JHARKHAND,RANCHI,CHANHO,BLOCK,21185,1489.67,1340.7,726.51,54.18885657,safe
JHARKHAND,RANCHI,ITKI,BLOCK,8135,2204.73,1984.26,298.38,15.0373439,safe
JHARKHAND,RANCHI,KANKE,BLOCK,18709,2562.1,2305.88,1081.45,46.8996652,safe
JHARKHAND,RANCHI,KHELARI,BLOCK,10809,972.07,874.86,753.34,86.10977756,Semi-Critical
JHARKHAND,RANCHI,LAPUNG,BLOCK,22286,1964.54,1866.31,744.22,39.87654784,safe
JHARKHAND,RANCHI,MANDAR,BLOCK,20122,3509.63,3334.15,827.69,24.82461797,safe
JHARKHAND,RANCHI,NAGRI,BLOCK,8041,1907.62,1812.23,370.52,20.44552844,safe
JHARKHAND,RANCHI,NAMKUM,BLOCK,26186,2628.19,2496.78,1694.4,67.86340807,safe
JHARKHAND,RANCHI,ORMANJHI,BLOCK,19012,1494.59,1345.14,1127.8,83.84257401,Semi-Critical
JHARKHAND,RANCHI,RAHE,BLOCK,12877,830.02,747.02,192.55,25.77574898,safe
JHARKHAND,RANCHI,RATU,BLOCK,8378,1375.66,1238.1,441.85,35.68774735,safe
JHARKHAND,RANCHI,SILLI,BLOCK,19575,2967.89,2819.5,2693.1,95.51693563,Critical
JHARKHAND,RANCHI,SONAHATU,BLOCK,18837,1294.41,1164.97,553.95,47.5505807,safe
JHARKHAND,RANCHI,TAMAR,BLOCK,29562,1889.22,1700.3,381.41,22.43192378,safe
JHARKHAND,RANCHI,RANCHI URBAN,BLOCK,30585,3367.78,3031,2870.58,94.70735731,Critical
JHARKHAND,DUMKA,DUMKA,BLOCK,29981,2238.26,2014.43,910.9,45.21874674,safe
JHARKHAND,DUMKA,GOPIKANDER,BLOCK,20260,1621.82,1459.64,163.96,11.23290674,safe
JHARKHAND,DUMKA,JAMA,BLOCK,36090,3117.02,2961.15,1064.63,35.9532614,safe
JHARKHAND,DUMKA,JARMUNDI,BLOCK,21635,2187.31,2077.94,1181.45,56.85679086,safe
JHARKHAND,DUMKA,KATHIKUND,BLOCK,22821,2667.09,2400.38,246.95,10.28795441,safe
JHARKHAND,DUMKA,MASALIA,BLOCK,36719,2952.3,2657.07,503.89,18.96412213,safe
JHARKHAND,DUMKA,RAMGARH,BLOCK,36241,4381.39,3943.24,644.44,16.34290583,safe
JHARKHAND,DUMKA,RANISHWAR,BLOCK,22552,1869.08,1774.76,244.93,13.80073925,safe
JHARKHAND,DUMKA,SARAIYAHAT,BLOCK,13611,1390.39,1320.34,771.89,58.4614569,safe
JHARKHAND,DUMKA,SHIKARIPARA,BLOCK,41457,5217.86,4696.08,493.66,10.51217185,safe
JHARKHAND,EAST SINGHBHUM,BAHARAGORA,BLOCK,28555,6657.08,6324.23,1152.55,18.224353,safe
JHARKHAND,EAST SINGHBHUM,BORAM,BLOCK,12167,1170.73,1112.2,202.03,18.1648984,safe
JHARKHAND,EAST SINGHBHUM,CHAKULIA,BLOCK,38168,4173.92,3756.53,550.9,14.66512979,safe
JHARKHAND,EAST SINGHBHUM,DHALBHUMGARH,BLOCK,11253,983.07,933.92,272.7,29.19950317,safe
JHARKHAND,EAST SINGHBHUM,DUMARIA,BLOCK,22049,1833.91,1650.52,147.55,8.939606912,safe
JHARKHAND,EAST SINGHBHUM,GHATSILA,BLOCK,22222,1681.65,1513.48,410.7,27.13613659,safe
JHARKHAND,EAST SINGHBHUM,GOLMURI CUM JUGSALAI,BLOCK,7404,744.65,707.42,906.01,128.0724322,Over-Exploited
JHARKHAND,EAST SINGHBHUM,GURABANDHA,BLOCK,15729,1323.36,1191.02,91.4,7.674094474,safe
JHARKHAND,EAST SINGHBHUM,MUSABANI,BLOCK,16599,812.2,730.98,260.67,35.66034638,safe
JHARKHAND,EAST SINGHBHUM,PATAMDA,BLOCK,18110,1308.53,1177.67,297.64,25.27363353,safe
JHARKHAND,EAST SINGHBHUM,POTKA,BLOCK,45817,4247.18,3822.46,461.6,12.07599295,safe
JHARKHAND,EAST SINGHBHUM,JAMSHEDPUR URBAN,BLOCK,12920,2352.44,2117.19,2859.65,135.06818,Over-Exploited
JHARKHAND,PALAMAU,BISHRAMPUR,BLOCK,17120,1796.36,1616.72,285.46,17.6567371,safe
JHARKHAND,PALAMAU,CHAINPUR,BLOCK,51969,3282.8,2954.52,1075.85,36.41369833,safe
JHARKHAND,PALAMAU,CHHATARPUR,BLOCK,32503,2311.95,2196.35,1061.13,48.31333804,safe
JHARKHAND,PALAMAU,DALTONGANJ,BLOCK,12502,2013.27,1811.94,773.21,42.67304657,safe
JHARKHAND,PALAMAU,HAIDERNAGAR,BLOCK,6749,1715.54,1543.98,175.12,11.34211583,safe
JHARKHAND,PALAMAU,HARIHARGANJ,BLOCK,9802,832.6,790.97,336.1,42.49212992,safe
JHARKHAND,PALAMAU,HUSAINABAD,BLOCK,18254,3233.15,2909.84,595.77,20.47432161,safe
JHARKHAND,PALAMAU,LESLIEGANJ,BLOCK,14573,1277.78,1150,772.06,67.13565217,safe
JHARKHAND,PALAMAU,MANATU,BLOCK,21150,1706.77,1621.44,567.88,35.02318926,safe
JHARKHAND,PALAMAU,MOHAMMEDGANJ,BLOCK,6718,1469.77,1322.8,393.72,29.76413668,safe
JHARKHAND,PALAMAU,NAWABAZAR,BLOCK,12347,852.61,809.78,288.2,35.58991331,safe
JHARKHAND,PALAMAU,NAWADIH,BLOCK,17205,1494.13,1419.43,371.19,26.15063793,safe
JHARKHAND,PALAMAU,PANDU,BLOCK,11230,828.94,787.49,264.98,33.64868125,safe
JHARKHAND,PALAMAU,PANDWA,BLOCK,14283,1636.03,1472.43,391.57,26.59345436,safe
JHARKHAND,PALAMAU,PANKI,BLOCK,32208,2669.68,2402.71,1273.46,53.00098639,safe
JHARKHAND,PALAMAU,PATAN,BLOCK,25506,2392.13,2152.92,730.58,33.9343775,safe
JHARKHAND,PALAMAU,PIPRA,BLOCK,8398,587.89,529.1,183.92,34.76091476,safe
JHARKHAND,PALAMAU,SATBARWA,BLOCK,10535,652.82,620.18,402.32,64.87148892,safe
JHARKHAND,PALAMAU,TARHASI,BLOCK,10704,1296.65,1231.82,568.28,46.13336364,safe
JHARKHAND,PALAMAU,UTARIOR,BLOCK,11230,772.33,733.72,166.95,22.75391157,safe
JHARKHAND,PALAMAU,MEDINAGAR URBAN,BLOCK,2358,1434.57,1291.11,297.25,23.02282532,safe
JHARKHAND,KODERMA,CHANDWARA,BLOCK,22206,1502.17,1427.06,969.71,67.95159279,safe
JHARKHAND,KODERMA,DOMCHANCH,BLOCK,18793,1221.13,1099.02,466.78,42.47238449,safe
JHARKHAND,KODERMA,JAINAGAR,BLOCK,14057,930.06,837.05,755.58,90.26700914,Critical
JHARKHAND,KODERMA,KODERMA,BLOCK,14634,908.07,817.26,647.7,79.25262462,Semi-Critical
JHARKHAND,KODERMA,MARKACHHO,BLOCK,10837,608.85,547.97,275.8,50.33122251,safe
JHARKHAND,KODERMA,SATGAWAN,BLOCK,10375,1216.9,1156.06,794.25,68.7031815,safe
JHARKHAND,BOKARO,BERMO,BLOCK,9270,1636.28,1472.65,2063.79,140.141242,Over-Exploited
JHARKHAND,BOKARO,CHANDAN KIYARI,BLOCK,34848,2746.92,2472.23,812.51,32.86546964,safe
JHARKHAND,BOKARO,CHANDRAPURA,BLOCK,12424,928.04,835.23,556.84,66.66906122,safe
JHARKHAND,BOKARO,CHAS,BLOCK,54095,3913.28,3717.62,2035.86,54.76245555,safe
JHARKHAND,BOKARO,GUMIA,BLOCK,56439,6119.46,5507.51,1375.89,24.98206994,safe
JHARKHAND,BOKARO,JARIDIH,BLOCK,19627,1577.44,1498.57,291.36,19.44253522,safe
JHARKHAND,BOKARO,KASMAR,BLOCK,18327,1170.97,1053.87,533.25,50.59922002,safe
JHARKHAND,BOKARO,NAWADIH,BLOCK,28600,2540.96,2413.91,563.44,23.3413839,safe
JHARKHAND,BOKARO,PETERBAR,BLOCK,28813,1887.41,1793.03,602.13,33.58170248,safe
JHARKHAND,DHANBAD,BAGHMARA,BLOCK,22696,2855.61,2570.05,1779.2,69.22822513,safe
JHARKHAND,DHANBAD,BALIAPUR,BLOCK,12117,1586.26,1427.64,1570.77,110.0256367,Over-Exploited
JHARKHAND,DHANBAD,CHIRKUNDA,BLOCK,35994,3964.99,3766.74,1351.11,35.86947865,safe
JHARKHAND,DHANBAD,DHANBAD,BLOCK,43807,7790.18,7011.16,5734.98,81.79787653,Semi-Critical
JHARKHAND,DHANBAD,GOBINDPUR,BLOCK,23283,2523.23,2270.91,1925.01,84.76822067,Semi-Critical
JHARKHAND,DHANBAD,PURBI TUNDI,BLOCK,7686,694.03,659.33,190.01,28.81864923,safe
JHARKHAND,DHANBAD,TOPCHANCHI,BLOCK,12927,2533.41,2406.74,2227.68,92.5600605,Critical
JHARKHAND,DHANBAD,TUNDI,BLOCK,17459,1891.01,1796.46,758.82,42.23973815,safe
JHARKHAND,DHANBAD,DHANBAD URBAN,BLOCK,21704,3910.28,3519.25,3365.39,95.62804575,Critical
JHARKHAND,JAMTARA,FATEPUR,BLOCK,13563,1355.2,1219.68,738.78,60.57162534,safe
JHARKHAND,JAMTARA,JAMTARA,BLOCK,17267,1611.25,1530.69,613.03,40.04925883,safe
JHARKHAND,JAMTARA,KUNDAHIT,BLOCK,7770,854.93,769.44,426.06,55.37273862,safe
JHARKHAND,JAMTARA,NALA,BLOCK,27665,2360.63,2124.57,532.16,25.04789204,safe
JHARKHAND,JAMTARA,NARAYANPUR,BLOCK,23088,2135.01,2028.26,988.29,48.7260016,safe
JHARKHAND,JAMTARA,VIDYASAGAR,BLOCK,8993,833.44,750.09,475.01,63.32706742,safe
JHARKHAND,LOHARDAGA,BHANDRA,BLOCK,14127,2786.89,2508.2,441.68,17.60944103,safe
JHARKHAND,LOHARDAGA,KARRO,BLOCK,8943,1728.71,1555.84,227.6,14.6287536,safe
JHARKHAND,LOHARDAGA,KISKO,BLOCK,21074,3392.88,3053.59,342.99,11.23235274,safe
JHARKHAND,LOHARDAGA,KURU,BLOCK,19550,2574.65,2445.92,454.92,18.59913652,safe
JHARKHAND,LOHARDAGA,LOHARDAGA,BLOCK,13444,3443.82,3099.44,641.85,20.70857961,safe
JHARKHAND,LOHARDAGA,PESHRAR,BLOCK,32330,1933.84,1740.45,164.26,9.437789078,safe
JHARKHAND,LOHARDAGA,SENHA,BLOCK,18095,3984,3585.6,442.77,12.34856091,safe
JHARKHAND,WEST SINGHBHUM,ANANDPUR,BLOCK,24689,1330.41,1197.37,180.45,15.07052958,safe
JHARKHAND,WEST SINGHBHUM,BANDGAON,BLOCK,31108,2131.04,2024.48,403.74,19.94289892,safe
JHARKHAND,WEST SINGHBHUM,CHAIBASA,BLOCK,15472,1683.3,1514.97,397.85,26.2612461,safe
JHARKHAND,WEST SINGHBHUM,CHAKRADHARPUR,BLOCK,24869,2636.45,2372.8,606.58,25.56389076,safe
JHARKHAND,WEST SINGHBHUM,GOELKERA,BLOCK,45474,5684.51,5400.28,203.1,3.760916101,safe
JHARKHAND,WEST SINGHBHUM,GUDRI,BLOCK,35755,1851.91,1666.71,132.85,7.970792759,safe
JHARKHAND,WEST SINGHBHUM,HATGAMARIA,BLOCK,26114,2846.14,2561.52,149.29,5.828180143,safe
JHARKHAND,WEST SINGHBHUM,JAGANNATHPUR,BLOCK,23396,1098.19,988.37,250.01,25.29518298,safe
JHARKHAND,WEST SINGHBHUM,JHINKPANI,BLOCK,10059,1351.46,1216.32,289.89,23.83336622,safe
JHARKHAND,WEST SINGHBHUM,KHUNTPANI,BLOCK,30399,4433.43,3990.09,297.95,7.467250112,safe
JHARKHAND,WEST SINGHBHUM,KUMARDUNGI,BLOCK,25786,3499.39,3149.45,178.78,5.676546699,safe
JHARKHAND,WEST SINGHBHUM,MAJHGAON,BLOCK,24423,2630.61,2498.82,262.55,10.50695928,safe
JHARKHAND,WEST SINGHBHUM,MANJHARI,BLOCK,27202,3621.83,3259.64,167,5.123265146,safe
JHARKHAND,WEST SINGHBHUM,MANOHARPUR,BLOCK,90561,5776.29,5198.66,473.78,9.113502326,safe
JHARKHAND,WEST SINGHBHUM,NOAMUNDI,BLOCK,42221,2727.28,2454.55,307.22,12.51634719,safe
JHARKHAND,WEST SINGHBHUM,SONUA,BLOCK,35297,2154.27,1938.85,251.76,12.98501689,safe
JHARKHAND,WEST SINGHBHUM,TANTNAGAR,BLOCK,16503,1314.26,1182.83,188.28,15.91775657,safe
JHARKHAND,WEST SINGHBHUM,TONTO,BLOCK,58906,4684.95,4450.7,179.55,4.034196868,safe
